# ThAr line list from NIST ASD (via pyechelle/ASDCache), vacuum wavelengths
# columns: wavelength_nm, relative_intensity, element
300.007512,92,Th
300.014688,200,Th
300.067546,560,Th
300.098394,3,Ar
300.122830,170,Th
300.132001,17,Ar
300.150249,17,Th
300.168869,17,Th
300.171868,85,Th
300.179459,200,Th
300.184462,56,Th
300.213959,1200,Th
300.221139,280,Th
300.313408,11,Th
300.321788,170,Th
300.326217,280,Th
300.327589,1600,Th
300.351520,16,Ar
300.356140,230,Th
300.383984,4,Ar
300.391156,45,Th
300.391618,150,Th
300.448037,120,Th
300.472715,45,Th
300.504122,5,Th
300.527381,11,Th
300.536569,2,Ar
300.543720,11,Th
300.551365,71,Th
300.640251,91,Th
300.688516,220,Th
300.704062,450,Th
300.750980,170,Th
300.759777,5,Th
300.780768,1100,Th
300.835245,170,Th
300.850092,540,Th
300.852057,220,Th
300.867539,460,Th
300.882660,370,Th
300.910182,17,Th
300.915323,330,Th
300.937353,1200,Th
300.980015,140,Th
301.060889,72,Th
301.064559,590,Th
301.073454,190,Th
301.086200,10,Ar
301.087931,280,Th
301.112191,11,Th
301.161254,160,Th
301.177715,71,Th
301.217960,340,Th
301.224932,5,Th
301.235868,11,Th
301.248027,260,Th
301.288990,5,Th
301.322611,11,Th
301.350780,260,Th
301.358540,440,Th
301.387597,93,Th
301.422149,11,Th
301.447730,300,Th
301.499019,110,Th
301.518153,150,Th
301.528347,62,Th
301.536028,7,Ar
301.544817,180,Th
301.551975,80,Th
301.580381,200,Th
301.660374,330,Th
301.666069,68,Th
301.695000,5,Ar
301.764272,24,Th
301.801106,310,Th
301.833550,25,Th
301.888734,78,Th
301.936915,810,Th
301.942932,25,Th
301.952282,170,Th
302.030123,500,Th
302.120889,18,Th
302.193476,110,Th
302.236870,460,Th
302.259096,12,Th
302.293858,6,Th
302.297559,540,Th
302.344854,5,Th
302.445014,51,Th
302.486120,5,Ar
302.535490,32,Th
302.555035,140,Th
302.576313,260,Th
302.601162,96,Th
302.627135,280,Th
302.632964,640,Th
302.650247,12,Th
302.652846,75,Th
302.672718,63,Th
302.703181,220,Th
302.745618,1000,Th
302.762680,35,Ar
302.796780,5,Ar
302.809583,100,Th
302.810939,180,Th
302.843424,6,Th
302.846422,50,Th
302.849955,94,Th
302.864430,100,Th
302.871862,12,Th
302.877743,210,Th
302.945883,600,Th
302.960235,3,Ar
302.971244,150,Th
302.979189,47,Ar
302.979583,47,Ar
303.015905,12,Th
303.029606,51,Th
303.049153,64,Th
303.057475,32,Th
303.091786,130,Th
303.136990,980,Th
303.147256,110,Th
303.174710,150,Th
303.207861,440,Th
303.217123,260,Th
303.222303,71,Th
303.248299,32,Th
303.258222,130,Th
303.261491,130,Th
303.283769,570,Th
303.289935,280,Th
303.371865,12,Th
303.377882,96,Th
303.439110,78,Ar
303.447885,26,Th
303.494829,1500,Th
303.521008,300,Th
303.521077,300,Th
303.552226,500,Th
303.560749,140,Th
303.577575,150,Th
303.599356,960,Th
303.642114,150,Th
303.664692,260,Th
303.664698,260,Th
303.740032,17,Th
303.776050,3,Ar
303.777622,2,Ar
303.779333,77,Th
303.782293,51,Th
303.799513,88,Th
303.864940,100,Th
303.872742,12,Th
303.878000,9,Ar
303.888992,200,Th
303.895302,180,Th
303.904910,12,Th
303.930129,1800,Th
303.948284,490,Th
303.970892,130,Th
303.990179,12,Th
304.031202,100,Th
304.041575,180,Th
304.093421,290,Th
304.106123,51,Th
304.204857,12,Th
304.231580,70,Th
304.240023,390,Th
304.249476,12,Th
304.282521,86,Th
304.297111,6,Th
304.319327,64,Th
304.335262,1,Ar
304.351604,25,Th
304.395052,460,Th
304.413403,250,Th
304.563617,130,Th
304.595414,170,Th
304.645123,1300,Th
304.696527,6,Ar
304.703455,97,Th
304.728422,7,Th
304.745101,6,Th
304.763148,32,Th
304.783752,1200,Th
304.793907,0.5,Ar
304.809195,32,Th
304.870274,610,Th
304.890926,32,Th
304.891136,2,Ar
304.911954,420,Th
304.950584,17,Th
304.967522,2,Ar
304.994200,180,Th
304.997915,2000,Th
305.018911,110,Th
305.023488,32,Th
305.053073,760,Th
305.074942,450,Th
305.092824,1,Ar
305.151899,230,Th
305.187156,260,Th
305.222698,13,Th
305.268031,240,Th
305.301499,170,Th
305.318542,5,Th
305.324109,6,Th
305.330221,66,Th
305.365772,52,Th
305.403803,5,Ar
305.434854,260,Th
305.442310,86,Th
305.566300,3,Ar
305.578030,33,Th
305.584678,67,Th
305.616818,0.5,Ar
305.647123,33,Th
305.683255,26,Th
305.691177,13,Th
305.698434,83,Th
305.733273,97,Th
305.744357,33,Th
305.758091,260,Th
305.773353,96,Th
305.820030,13,Th
305.852575,250,Th
305.854303,170,Th
305.872605,82,Th
305.878917,180,Th
305.891794,390,Th
305.902742,130,Th
305.919658,53,Th
305.931536,460,Th
305.995392,53,Th
306.021019,20,Th
306.039504,20,Th
306.058678,350,Th
306.078962,20,Th
306.106689,880,Th
306.132856,3000,Th
306.147167,130,Th
306.179541,7,Ar
306.181725,170,Th
306.213203,140,Th
306.214957,90,Th
306.223499,99,Th
306.258976,1800,Th
306.270251,490,Th
306.334291,180,Th
306.340677,170,Th
306.353328,3,Ar
306.367416,33,Th
306.391865,1100,Th
306.401672,510,Th
306.404706,130,Th
306.407540,67,Th
306.409682,110,Th
306.410875,180,Th
306.449255,54,Th
306.452718,13,Th
306.463190,6,Th
306.480641,13,Th
306.528913,3,Th
306.563600,10,Ar
306.592987,130,Th
306.602418,3,Ar
306.620518,26,Th
306.630279,0.5,Ar
306.657468,240,Th
306.682103,440,Th
306.712733,850,Th
306.719854,27,Th
306.730302,360,Th
306.777957,6,Ar
306.805489,170,Th
306.816273,43,Th
306.862085,2800,Th
306.880160,34,Th
306.884778,88,Th
306.915646,190,Th
306.979925,1200,Th
306.982694,82,Th
306.987387,730,Th
306.996237,130,Th
307.014770,340,Th
307.052783,170,Th
307.058582,34,Th
307.074312,34,Th
307.093084,120,Th
307.101314,150,Th
307.122229,34,Th
307.170857,1300,Th
307.183525,650,Th
307.201802,6,Th
307.208693,100,Th
307.238697,6,Th
307.255755,0.5,Ar
307.269096,34,Th
307.300755,2100,Th
307.371810,740,Th
307.398154,13,Th
307.432503,79,Th
307.493251,6,Th
307.506366,6,Th
307.594979,1500,Th
307.618505,55,Th
307.658052,170,Th
307.673335,200,Th
307.683190,8,Th
307.692823,300,Th
307.730310,99,Th
307.816148,27,Th
307.816200,8,Ar
307.823288,490,Th
307.849267,43,Th
307.861120,560,Th
307.882583,330,Th
307.899222,5,Th
307.902650,10,Ar
307.962720,360,Th
307.972224,3100,Th
307.986149,1100,Th
307.993654,100,Th
308.046807,90,Th
308.078191,200,Th
308.111161,3100,Th
308.148842,5,Th
308.162461,55,Th
308.172806,350,Th
308.192677,160,Th
308.255459,320,Th
308.287607,840,Th
308.304829,650,Th
308.309013,550,Th
308.339983,230,Th
308.349998,13,Th
308.387298,10,Ar
308.388848,430,Th
308.390149,240,Th
308.405354,310,Th
308.409424,1,Ar
308.419271,640,Th
308.449300,3,Ar
308.451921,52,Th
308.467261,6,Th
308.474130,130,Th
308.517353,13,Th
308.522895,19,Th
308.540374,190,Th
308.542146,13,Th
308.558150,6,Th
308.592263,19,Ar
308.592936,6,Th
308.597590,5,Th
308.606001,24,Th
308.704250,12,Th
308.725731,84,Th
308.736273,18,Th
308.760087,140,Th
308.774685,86,Th
308.796334,12,Th
308.817140,72,Th
308.830827,78,Th
308.841447,120,Th
308.858726,70,Th
308.910990,8,Ar
308.913137,25,Th
308.936630,1500,Th
308.942304,97,Th
308.946424,150,Th
308.973369,150,Th
308.981054,3,Ar
308.986278,25,Th
309.052332,210,Th
309.056758,150,Th
309.059710,6,Th
309.097167,120,Th
309.099074,720,Th
309.108221,78,Th
309.218990,6,Th
309.255161,120,Th
309.323040,120,Th
309.334899,12,Th
309.372663,320,Th
309.384388,140,Th
309.395010,540,Th
309.400153,25,Th
309.409322,31,Th
309.415328,50,Th
309.429972,68,Ar
309.461722,95,Th
309.526871,3,Th
309.560440,250,Th
309.568863,79,Th
309.586307,8,Ar
309.651793,86,Th
309.653362,19,Th
309.664325,130,Th
309.715929,230,Th
309.719610,64,Th
309.732977,380,Th
309.739664,42,Th
309.786156,32,Th
309.789119,32,Th
309.804061,130,Th
309.816614,500,Th
309.887332,1100,Th
309.922543,130,Th
309.928788,78,Th
309.962618,210,Th
310.001914,6,Th
310.008375,170,Th
310.063937,340,Th
310.076374,240,Th
310.082527,4,Ar
310.145942,110,Th
310.169691,290,Th
310.183805,1400,Th
310.190845,2,Ar
310.196912,12,Th
310.258944,280,Th
310.348635,5,Ar
310.349245,34,Th
310.356410,1200,Th
310.385300,1,Ar
310.526037,17,Ar
310.528066,98,Th
310.579308,500,Th
310.579318,500,Th
310.586836,280,Th
310.595219,250,Th
310.615801,52,Th
310.637382,150,Th
310.660854,200,Th
310.664840,1600,Th
310.669417,130,Th
310.755394,90,Th
310.758898,200,Th
310.792739,1000,Th
310.811378,5,Th
310.824857,84,Th
310.875677,13,Th
310.919838,3900,Th
310.935528,410,Th
310.940608,280,Th
310.953820,83,Th
310.957250,32,Th
310.970679,2,Ar
311.061414,4,Ar
311.088016,0.5,Ar
311.092282,1400,Th
311.100423,340,Th
311.124200,7,Ar
311.218301,150,Th
311.233252,96,Th
311.266620,170,Th
311.273537,140,Th
311.278364,83,Th
311.288579,86,Th
311.299155,150,Th
311.324426,570,Th
311.414488,51,Th
311.423943,120,Th
311.431043,51,Th
311.480311,170,Th
311.492601,77,Th
311.497059,220,Th
311.517057,180,Th
311.528481,3,Ar
311.564478,19,Th
311.609496,32,Th
311.631851,52,Th
311.661813,98,Th
311.664902,320,Th
311.716673,2000,Th
311.720737,430,Th
311.725697,490,Th
311.738279,620,Th
311.805495,200,Th
311.858795,830,Th
311.917162,6,Th
311.938186,170,Th
311.975141,26,Th
312.015789,310,Th
312.025883,480,Th
312.040760,760,Th
312.043061,3600,Th
312.086769,170,Th
312.105019,60,Th
312.107313,73,Th
312.136216,500,Th
312.151327,6,Th
312.154464,33,Th
312.178557,700,Th
312.181814,33,Th
312.191663,250,Th
312.279143,6,Th
312.300835,25,Th
312.306306,13,Th
312.323357,66,Th
312.348766,19,Th
312.381901,53,Th
312.386861,1800,Th
312.391194,370,Th
312.489996,71,Th
312.518378,1,Ar
312.529296,1800,Th
312.589271,130,Th
312.611506,1200,Th
312.622811,30,Th
312.641293,2300,Th
312.650739,680,Th
312.665129,1000,Th
312.671822,120,Th
312.676601,130,Th
312.688567,7,Th
312.695930,180,Th
312.711215,7,Th
312.717414,61,Th
312.732110,350,Th
312.754163,22,Th
312.783117,37,Th
312.811458,330,Th
312.846147,140,Th
312.854817,190,Th
312.877585,130,Th
312.881030,7,Ar
312.915921,15,Th
312.922230,60,Th
312.949615,92,Th
312.963107,59,Th
313.016574,23,Th
313.019701,78,Th
313.077194,15,Th
313.088085,200,Th
313.103093,15,Th
313.116744,140,Th
313.119217,39,Th
313.197708,570,Th
313.200028,140,Th
313.240439,34,Th
313.301068,150,Th
313.307786,63,Th
313.316678,67,Th
313.329704,86,Th
313.381030,15,Th
313.452748,290,Th
313.488917,130,Th
313.511128,110,Th
313.522136,57,Th
313.533394,1100,Th
313.575000,9,Ar
313.580400,59,Th
313.660242,7,Th
313.712469,2500,Th
313.739308,7,Ar
313.751920,17,Th
313.761396,200,Th
313.773799,1600,Th
313.808100,120,Th
313.854172,3,Ar
313.910970,180,Th
313.922274,200,Th
313.926894,70,Th
313.949010,29,Th
313.967634,59,Th
313.992668,79,Ar
314.013406,270,Th
314.017324,8,Ar
314.018069,96,Th
314.021605,1500,Th
314.034361,77,Th
314.059262,80,Th
314.071770,77,Th
314.077642,200,Th
314.080256,330,Th
314.087726,19,Th
314.097407,120,Th
314.118169,1900,Th
314.140502,66,Th
314.185035,170,Th
314.188309,2,Ar
314.224724,99,Th
314.275717,660,Th
314.311892,9,Th
314.321239,690,Th
314.325698,230,Th
314.333205,65,Th
314.344834,150,Th
314.361120,130,Th
314.374583,1400,Th
314.389372,64,Th
314.399476,81,Th
314.454107,1,Th
314.480571,3,Ar
314.505531,180,Th
314.541686,98,Th
314.555189,9,Th
314.561278,89,Th
314.619057,110,Th
314.654795,2100,Th
314.681517,2,Ar
314.695452,1300,Th
314.722063,320,Th
314.733747,4,Ar
314.772217,90,Th
314.779074,29,Th
314.783739,19,Th
314.800462,82,Th
314.835959,220,Th
314.886346,78,Th
314.897657,1600,Th
314.911776,2,Ar
315.030627,30,Th
315.087616,110,Th
315.089745,86,Th
315.136743,940,Th
315.142855,4,Ar
315.192919,69,Th
315.209673,100,Th
315.245021,81,Th
315.248307,57,Th
315.255914,350,Th
315.269970,69,Th
315.271581,98,Th
315.275009,53,Th
315.320702,88,Th
315.330810,73,Th
315.353105,3,Ar
315.354382,10,Th
315.413135,120,Th
315.469779,13,Ar
315.487273,0.5,Ar
315.493732,98,Th
315.521281,2,Ar
315.521405,2300,Th
315.523948,100,Th
315.565032,510,Th
315.567150,820,Th
315.568875,1900,Th
315.610380,39,Th
315.650281,64,Th
315.666635,19,Th
315.674372,580,Th
315.731433,530,Th
315.771593,50,Th
315.778026,170,Th
315.813519,390,Th
315.819145,29,Th
315.820970,200,Th
315.839000,5,Ar
315.842130,340,Th
315.880444,120,Th
315.883285,150,Th
315.912759,0.5,Ar
315.953166,220,Th
315.978584,48,Th
315.998603,160,Th
316.049292,18,Th
316.108131,100,Th
316.167317,19,Th
316.173831,99,Th
316.198738,84,Th
316.206243,60,Th
316.227915,330,Th
316.228798,45,Ar
316.237165,15,Ar
316.260303,220,Th
316.320096,19,Th
316.327709,19,Th
316.341366,53,Th
316.349892,140,Th
316.373764,80,Th
316.375081,1500,Th
316.376869,190,Th
316.401209,48,Th
316.416194,140,Th
316.442504,50,Th
316.445623,2,Ar
316.462981,100,Th
316.511581,19,Th
316.515352,66,Th
316.522187,110,Th
316.530134,46,Th
316.539735,300,Th
316.586639,29,Th
316.596381,280,Th
316.620715,11,Ar
316.653958,290,Th
316.666391,320,Th
316.673496,440,Th
316.701449,720,Th
316.711353,97,Th
316.737290,66,Th
316.773210,79,Th
316.838797,3,Ar
316.844401,88,Th
316.847729,480,Th
316.893958,70,Th
316.915059,9,Th
316.925893,190,Th
316.962104,130,Th
316.989221,130,Th
317.024543,760,Th
317.040438,130,Th
317.058522,78,Ar
317.087127,280,Th
317.116797,9,Th
317.134515,160,Th
317.140192,160,Th
317.188518,52,Th
317.219291,1400,Th
317.232497,3,Ar
317.242739,210,Th
317.257550,96,Th
317.260480,2,Ar
317.263207,220,Th
317.264598,110,Th
317.293459,48,Th
317.342380,150,Th
317.372463,15,Th
317.377932,3,Ar
317.399583,90,Th
317.409065,80,Th
317.412912,94,Th
317.434465,2200,Th
317.455094,3,Th
317.462237,170,Th
317.493752,110,Th
317.498043,19,Th
317.512251,920,Th
317.537472,190,Th
317.575750,100,Th
317.589420,19,Th
317.597540,55,Th
317.664438,1800,Th
317.708571,490,Th
317.742448,230,Th
317.748616,320,Th
317.764253,7,Th
317.806019,310,Th
317.811727,260,Th
317.826649,19,Th
317.830036,29,Th
317.832156,75,Th
317.840354,110,Th
317.868821,77,Th
317.879586,230,Th
317.894022,5,Th
317.916255,2700,Th
317.954051,110,Th
317.954133,110,Th
317.970071,330,Th
317.996763,2400,Th
318.045212,21,Th
318.054692,110,Th
318.077597,47,Th
318.088858,150,Th
318.097963,95,Th
318.111340,8300,Th
318.119285,150,Th
318.169350,32,Th
318.195719,45,Ar
318.210929,510,Th
318.243708,120,Th
318.246266,63,Th
318.258956,940,Th
318.267859,87,Th
318.315783,21,Th
318.327373,86,Th
318.332588,260,Th
318.356289,350,Th
318.374263,50,Th
318.384530,10,Th
318.408855,43,Th
318.447729,220,Th
318.453279,32,Th
318.471532,320,Th
318.489822,150,Th
318.518815,1,Ar
318.519749,210,Th
318.553564,130,Th
318.576392,160,Th
318.587010,1400,Th
318.665771,3,Ar
318.677972,1,Th
318.709301,4,Ar
318.729164,140,Th
318.762617,32,Th
318.792506,140,Th
318.795569,190,Th
318.825491,61,Th
318.832456,180,Th
318.839999,92,Th
318.882100,6,Ar
318.895883,98,Th
318.901195,15,Th
318.903912,430,Th
318.915471,4600,Th
318.923022,2600,Th
318.930271,1,Ar
318.943730,74,Th
318.947458,54,Th
318.996009,53,Th
319.063403,140,Th
319.099189,450,Th
319.108673,740,Th
319.114335,61,Th
319.128236,250,Th
319.156297,68,Th
319.161419,84,Th
319.181832,54,Th
319.201553,480,Th
319.214376,290,Th
319.248355,21,Th
319.267228,53,Th
319.276597,120,Th
319.287696,0.5,Ar
319.302156,230,Th
319.306779,170,Th
319.308517,120,Th
319.328713,51,Th
319.329189,3,Ar
319.350838,1800,Th
319.408277,260,Th
319.429135,260,Th
319.443796,1,Ar
319.455032,10,Th
319.470420,310,Th
319.501926,110,Th
319.510292,250,Th
319.515362,14,Ar
319.518380,52,Th
319.544266,9,Th
319.552837,4,Ar
319.578260,41,Th
319.623735,200,Th
319.651136,2,Ar
319.661271,2500,Th
319.667902,5,Ar
319.670483,130,Th
319.719660,73,Th
319.753584,38,Th
319.845440,31,Th
319.862892,95,Th
319.883230,65,Th
319.915343,560,Th
319.927287,250,Th
319.940629,560,Th
319.951806,42,Th
319.961885,220,Th
319.964159,220,Th
319.985109,2,Ar
319.989387,270,Th
319.992109,77,Th
320.004704,21,Th
320.059203,1,Th
320.129000,8,Ar
320.141090,110,Th
320.148105,61,Th
320.211846,83,Th
320.211908,83,Th
320.258059,21,Th
320.304978,63,Th
320.344632,380,Th
320.362798,130,Th
320.415833,110,Th
320.418240,83,Th
320.431843,3,Ar
320.454071,320,Th
320.468079,10,Th
320.480560,210,Th
320.510497,130,Th
320.524680,35,Ar
320.592990,6,Ar
320.598162,52,Th
320.608653,5,Th
320.621532,180,Th
320.640403,160,Th
320.662179,93,Th
320.709560,100,Th
320.714304,93,Th
320.785753,160,Th
320.812795,69,Th
320.812870,69,Th
320.847231,7,Th
320.850802,5,Ar
320.859570,2,Ar
320.870921,260,Th
320.886292,270,Th
320.895298,320,Th
320.907583,47,Th
320.934506,20,Th
320.945332,56,Th
321.025694,100,Th
321.052215,71,Th
321.067726,260,Th
321.093332,67,Th
321.123599,980,Th
321.170512,190,Th
321.212187,1800,Th
321.239474,81,Th
321.292202,420,Th
321.294975,830,Th
321.305737,200,Th
321.344612,7,Ar
321.373991,86,Th
321.388678,120,Th
321.415225,51,Th
321.450226,660,Th
321.474173,5,Th
321.486337,15,Th
321.500294,1200,Th
321.530847,920,Th
321.540660,20,Th
321.557570,240,Th
321.603360,74,Th
321.662131,3,Ar
321.670703,170,Th
321.683247,76,Th
321.694156,50,Th
321.745836,80,Th
321.750371,750,Th
321.756276,75,Th
321.765875,6,Ar
321.768890,77,Th
321.792686,140,Th
321.819414,77,Th
321.835923,92,Th
321.838485,420,Th
321.860273,5,Ar
321.865913,240,Th
321.878149,150,Th
321.904964,50,Th
321.923810,88,Th
321.926966,40,Th
321.968580,74,Th
321.979374,190,Th
322.025460,77,Th
322.041949,38,Th
322.128072,690,Th
322.191541,230,Th
322.214202,4300,Th
322.218784,320,Th
322.222129,1200,Th
322.238850,98,Th
322.255525,7,Ar
322.279434,260,Th
322.332837,8,Ar
322.340537,200,Th
322.373764,120,Th
322.409819,280,Th
322.421537,90,Th
322.435000,1,Ar
322.436573,39,Th
322.443476,15,Th
322.473130,96,Th
322.484196,50,Th
322.542001,30,Th
322.593631,160,Th
322.634232,1300,Th
322.646934,91,Th
322.658865,810,Th
322.679361,93,Th
322.683422,250,Th
322.688932,29,Th
322.690558,6,Ar
322.705060,430,Th
322.734447,320,Th
322.775256,9,Th
322.787139,29,Th
322.793997,220,Th
322.835029,19,Th
322.841969,19,Th
322.870566,450,Th
322.875475,19,Th
322.927806,59,Th
322.941534,48,Th
322.947473,69,Th
322.994168,2400,Th
323.026896,38,Th
323.095515,4,Ar
323.113990,140,Th
323.130168,48,Th
323.161549,2,Ar
323.180056,770,Th
323.215257,9,Th
323.237001,110,Th
323.239397,83,Th
323.251273,18,Th
323.285851,47,Th
323.296468,410,Th
323.299874,640,Th
323.305784,1900,Th
323.323904,2500,Th
323.373036,120,Th
323.417342,30,Th
323.426770,150,Th
323.444020,28,Th
323.456083,66,Th
323.478618,10,Th
323.570504,19,Th
323.572495,20,Th
323.582264,370,Th
323.592977,970,Th
323.611356,3,Ar
323.631354,19,Th
323.633079,48,Th
323.677487,7700,Th
323.704751,47,Th
323.719828,76,Th
323.750682,120,Th
323.770853,76,Th
323.774465,10,Ar
323.816650,460,Th
323.846775,19,Th
323.905011,5000,Th
323.922232,61,Th
323.934281,47,Th
323.938113,37,Th
323.973723,85,Th
323.986874,1100,Th
324.022269,410,Th
324.038939,130,Th
324.063593,37,Th
324.117043,69,Th
324.126584,110,Th
324.140981,300,Th
324.145607,100,Th
324.157982,1100,Th
324.204308,1000,Th
324.242008,46,Th
324.246791,280,Th
324.254733,190,Th
324.264300,2,Ar
324.276641,37,Th
324.308127,210,Th
324.311138,37,Th
324.318671,150,Th
324.321447,54,Th
324.396539,110,Th
324.400740,93,Th
324.413023,18,Th
324.440389,9,Th
324.452111,83,Th
324.462397,95,Ar
324.468491,46,Th
324.471966,130,Th
324.497948,250,Th
324.517268,94,Th
324.538474,3400,Th
324.545773,140,Th
324.556533,8,Th
324.562782,53,Th
324.581810,70,Th
324.632233,6,Th
324.669658,1300,Th
324.672237,220,Th
324.675765,87,Th
324.693048,190,Th
324.705286,41,Th
324.708144,74,Th
324.725464,10,Th
324.728370,47,Th
324.749704,9,Th
324.751834,63,Th
324.773250,72,Th
324.801785,33,Th
324.815549,74,Th
324.826723,31,Th
324.841899,3,Ar
324.853114,160,Th
324.931404,420,Th
324.942768,630,Th
324.948866,200,Th
324.953983,110,Th
324.961054,330,Th
324.963531,160,Th
324.972918,6,Th
324.983088,290,Th
325.028026,63,Th
325.073722,95,Ar
325.079373,610,Th
325.085441,160,Th
325.091217,50,Th
325.109246,60,Th
325.112970,76,Th
325.143144,16,Th
325.224584,40,Th
325.273120,7,Ar
325.285371,4400,Th
325.366056,280,Th
325.368946,140,Th
325.462218,900,Th
325.480439,2200,Th
325.485690,3,Ar
325.500563,700,Th
325.533684,24,Th
325.552073,53,Th
325.574840,380,Th
325.577443,16,Th
325.585675,54,Th
325.595321,24,Th
325.622063,64,Th
325.644895,530,Th
325.663286,24,Th
325.685919,150,Th
325.688658,67,Th
325.721288,2400,Th
325.763456,51,Th
325.810136,640,Th
325.830595,3900,Th
325.837485,420,Th
325.865669,32,Th
325.887413,250,Th
325.904478,530,Th
325.921229,31,Th
325.968207,210,Th
325.983818,2,Ar
326.000055,1000,Th
326.018481,220,Th
326.027842,0.5,Ar
326.028049,0.5,Ar
326.055619,360,Th
326.059580,5,Ar
326.068210,52,Th
326.141900,32,Th
326.185478,140,Th
326.188173,540,Th
326.205454,110,Th
326.208809,32,Th
326.248125,200,Th
326.294644,12,Th
326.302394,2,Ar
326.350453,130,Th
326.360902,2300,Th
326.382211,30,Th
326.389180,91,Th
326.397321,340,Th
326.405164,24,Th
326.412343,500,Th
326.451154,21,Ar
326.456640,91,Th
326.469660,80,Th
326.469718,80,Th
326.488406,9,Ar
326.506261,240,Th
326.537474,280,Th
326.573322,110,Th
326.579962,86,Th
326.651946,230,Th
326.725348,100,Th
326.727265,31,Th
326.754155,31,Th
326.757636,590,Th
326.794380,640,Th
326.892719,74,Th
326.908742,12,Th
326.937641,170,Th
326.937752,170,Th
326.939387,79,Th
326.979616,31,Th
326.993301,5,Ar
327.029701,6,Th
327.041226,250,Th
327.098277,6,Th
327.104156,190,Th
327.113495,19,Th
327.117639,93,Th
327.119066,66,Th
327.142116,5,Ar
327.176165,950,Th
327.181593,180,Th
327.188268,31,Th
327.237566,4,Th
327.248885,110,Th
327.283394,670,Th
327.296966,4000,Th
327.324164,11,Th
327.352036,50,Th
327.393720,12,Th
327.413939,93,Th
327.426052,9,Ar
327.485898,760,Th
327.513467,25,Th
327.521373,25,Th
327.534741,160,Th
327.601129,1100,Th
327.620445,71,Th
327.630696,6,Th
327.658763,6,Ar
327.698861,110,Th
327.703611,3,Ar
327.716925,99,Th
327.725663,71,Th
327.750586,55,Th
327.766647,670,Th
327.776013,18,Th
327.788764,49,Th
327.800597,190,Th
327.864599,110,Th
327.886933,120,Th
327.913805,60,Th
327.957583,18,Th
327.967708,110,Th
327.971247,110,Th
328.030316,60,Th
328.088632,2,Ar
328.131631,560,Th
328.136027,78,Th
328.139669,44,Th
328.168546,66,Th
328.180748,140,Th
328.189922,67,Th
328.194596,18,Th
328.199391,500,Th
328.213405,120,Th
328.217978,30,Th
328.223726,89,Th
328.235951,310,Th
328.255081,12,Th
328.264648,43,Ar
328.292121,95,Th
328.307483,92,Th
328.314393,17,Th
328.317687,12,Th
328.333119,110,Th
328.378355,89,Th
328.389310,30,Th
328.392522,500,Th
328.431417,17,Th
328.461617,95,Th
328.525709,12,Th
328.572450,18,Th
328.646103,330,Th
328.669877,1600,Th
328.678790,33,Ar
328.696659,51,Th
328.736094,72,Th
328.752952,910,Th
328.802972,70,Th
328.830977,25,Th
328.873614,2600,Th
328.910724,430,Th
328.933451,350,Th
328.942977,4,Th
329.046434,120,Th
329.058000,67,Th
329.107431,550,Th
329.119822,79,Th
329.154733,3700,Th
329.158091,13,Th
329.198149,880,Th
329.228408,150,Th
329.229208,54,Th
329.238831,10,Ar
329.255450,180,Th
329.268734,3200,Th
329.288002,120,Th
329.343419,300,Th
329.346916,2200,Th
329.350112,280,Th
329.352254,140,Th
329.375843,110,Th
329.379331,35,Th
329.387415,100,Th
329.454401,360,Th
329.458868,162,Ar
329.460280,21,Th
329.464703,260,Th
329.487319,21,Ar
329.489656,710,Th
329.519383,310,Th
329.531070,28,Th
329.551733,140,Th
329.570162,220,Th
329.594729,320,Th
329.625966,230,Th
329.627595,530,Th
329.639268,54,Th
329.647308,330,Th
329.649634,89,Th
329.652074,59,Th
329.657433,64,Th
329.739411,75,Th
329.743449,70,Th
329.755656,450,Th
329.785503,66,Th
329.797804,2,Ar
329.825338,36,Th
329.832407,340,Th
329.868504,21,Th
329.878285,510,Th
329.896768,57,Th
329.899937,1300,Th
329.907033,170,Th
329.937100,2,Ar
329.949250,7,Th
329.964761,70,Th
329.976075,170,Th
330.042775,7,Th
330.061952,620,Th
330.066148,14,Th
330.121765,54,Th
330.143140,830,Th
330.156640,730,Th
330.172395,76,Th
330.182000,45,Th
330.221506,260,Th
330.229983,600,Th
330.239977,160,Th
330.252056,190,Th
330.260154,3200,Th
330.269421,120,Th
330.273740,87,Th
330.277205,14,Th
330.280530,224,Ar
330.283497,280,Th
330.314328,140,Th
330.407625,21,Th
330.436062,36,Th
330.443299,300,Th
330.449776,45,Th
330.512749,370,Th
330.518953,14000,Th
330.546387,66,Th
330.573221,22,Th
330.625504,1300,Th
330.629562,97,Th
330.655973,59,Th
330.685832,100,Th
330.700701,61,Th
330.732673,190,Th
330.733762,7,Th
330.739223,5,Ar
330.745708,4,Th
330.816858,22,Th
330.818030,126,Ar
330.892308,57,Th
330.901072,100,Th
330.903797,68,Th
330.942615,130,Th
330.996879,54,Th
331.008820,290,Th
331.029298,4,Ar
331.031786,3200,Th
331.095482,27,Th
331.120175,290,Th
331.123598,62,Th
331.139855,110,Th
331.144995,490,Th
331.158911,350,Th
331.176585,88,Th
331.187498,18,Th
331.189914,32,Th
331.200834,72,Th
331.219530,18,Ar
331.302872,96,Th
331.363069,130,Th
331.365550,0.5,Ar
331.398775,52,Th
331.402356,230,Th
331.410404,11,Th
331.432175,59,Th
331.459974,960,Th
331.463197,1700,Th
331.469953,47,Th
331.494838,92,Th
331.513958,13,Th
331.525703,51,Th
331.535109,96,Th
331.549412,19,Th
331.574452,320,Th
331.578064,650,Th
331.616369,62,Th
331.651391,66,Th
331.678488,61,Th
331.680066,98,Th
331.692541,26,Th
331.716513,670,Th
331.851346,93,Th
331.870012,160,Th
331.877791,3,Ar
331.897229,13,Th
331.907301,33,Th
331.919304,380,Th
331.934476,200,Th
331.983802,68,Th
331.986784,26,Th
331.991172,74,Th
331.993939,250,Th
332.008759,160,Th
332.010446,60,Th
332.030000,7,Ar
332.052641,120,Th
332.058463,170,Th
332.086529,740,Th
332.125561,880,Th
332.132807,2,Ar
332.143160,1100,Th
332.180406,340,Th
332.183506,48,Th
332.202283,7,Th
332.220934,66,Th
332.240642,2200,Th
332.252963,970,Th
332.266389,26,Th
332.279095,12,Th
332.304900,770,Th
332.342704,82,Th
332.387925,24,Th
332.390128,110,Th
332.450700,9,Ar
332.453966,13,Th
332.518500,2,Ar
332.570909,2500,Th
332.607717,6600,Th
332.742209,290,Th
332.787280,60,Th
332.799624,13,Th
332.815030,1500,Th
332.826000,4,Ar
332.835104,27,Th
332.921351,140,Th
332.924852,85,Th
332.956630,9,Th
332.962476,34,Th
332.964534,6,Th
332.980365,13,Th
332.993413,140,Th
332.995592,24,Th
333.033848,20,Th
333.068600,730,Th
333.143477,10000,Th
333.193397,170,Th
333.216526,67,Th
333.216910,2,Ar
333.238727,13,Th
333.268420,110,Th
333.303228,55,Th
333.335745,160,Th
333.341796,19,Th
333.343730,180,Th
333.349005,33,Th
333.408741,4800,Th
333.434238,66,Th
333.452904,24,Th
333.492927,52,Th
333.501130,110,Th
333.556306,2700,Th
333.583879,26,Th
333.602244,510,Th
333.606599,62,Th
333.619799,300,Th
333.653671,13,Th
333.665365,120,Th
333.703438,370,Th
333.712061,110,Th
333.713405,708,Ar
333.773495,99,Th
333.798148,6,Th
333.808400,2,Ar
333.811952,170,Th
333.823524,210,Th
333.843741,120,Th
333.846564,24,Th
333.864438,53,Th
333.873947,77,Th
333.883003,2500,Th
333.935690,400,Th
333.955798,360,Th
333.978327,7,Ar
333.978965,92,Th
334.051050,610,Th
334.105974,13,Th
334.168590,680,Th
334.246308,3,Ar
334.251051,24,Th
334.270126,6,Ar
334.302714,490,Th
334.312919,370,Th
334.319991,72,Th
334.349900,5,Ar
334.412538,360,Th
334.421884,190,Th
334.424283,110,Th
334.430449,200,Th
334.446011,130,Th
334.450571,19,Th
334.457952,650,Th
334.477414,110,Th
334.527269,49,Th
334.563446,6,Th
334.571834,575,Ar
334.583277,190,Th
334.585078,200,Th
334.602377,64,Th
334.613257,230,Th
334.634709,33,Th
334.678397,490,Th
334.681434,490,Th
334.751792,550,Th
334.770797,50,Th
334.792657,220,Th
334.795539,84,Th
334.824143,55,Th
334.836588,140,Th
334.844009,20,Th
334.854002,170,Th
334.864017,13,Th
334.865873,1,Ar
334.925099,76,Th
334.973092,9400,Th
334.975372,1400,Th
334.991660,510,Th
334.995512,54,Th
335.029222,270,Th
335.076174,99,Th
335.078676,88,Th
335.083383,230,Th
335.084594,68,Th
335.116170,110,Th
335.127009,34,Th
335.131423,240,Th
335.188704,129,Ar
335.211257,200,Th
335.219163,5200,Th
335.225466,340,Th
335.248445,98,Th
335.255737,130,Th
335.271714,7,Th
335.299974,110,Th
335.308142,4,Ar
335.337806,34,Th
335.410372,120,Th
335.412433,54,Th
335.491235,290,Th
335.514341,1300,Th
335.548123,73,Th
335.558238,420,Th
335.574333,64,Th
335.580135,34,Th
335.607030,1000,Th
335.622237,400,Th
335.653240,900,Th
335.655354,87,Th
335.693627,100,Th
335.722592,55,Th
335.766342,97,Th
335.778887,340,Th
335.783093,53,Th
335.785503,69,Th
335.795414,19,Th
335.802291,130,Th
335.819978,150,Th
335.836992,70,Th
335.873186,55,Th
335.949558,417,Ar
335.956693,3600,Th
336.002472,100,Th
336.055494,59,Th
336.057290,61,Th
336.072250,180,Th
336.084273,97,Th
336.094595,130,Th
336.100826,20,Th
336.112442,180,Th
336.133913,380,Th
336.190176,20,Th
336.196382,1800,Th
336.216350,690,Th
336.227172,7,Ar
336.258497,740,Th
336.266290,120,Th
336.270248,670,Th
336.271068,10,Ar
336.285718,110,Th
336.315176,520,Th
336.339013,260,Th
336.341167,110,Th
336.345532,240,Th
336.348859,290,Th
336.364212,440,Th
336.403415,290,Th
336.426509,2,Ar
336.464922,160,Th
336.470155,230,Th
336.494795,130,Th
336.497402,63,Th
336.497411,63,Th
336.533191,2,Ar
336.535710,60,Th
336.555411,190,Th
336.565212,530,Th
336.568137,300,Th
336.581285,63,Th
336.585687,61,Th
336.610411,490,Th
336.628278,170,Th
336.630508,1800,Th
336.648718,13,Ar
336.656490,1,Ar
336.660107,50,Th
336.738984,110,Th
336.748406,750,Th
336.754714,22,Ar
336.761556,100,Th
336.768817,150,Th
336.804040,13,Th
336.828496,34,Th
336.836758,55,Th
336.854950,1100,Th
336.875088,360,Th
336.878626,1400,Th
336.987378,34,Th
336.996716,130,Th
337.004496,52,Th
337.050051,100,Th
337.136442,69,Th
337.162549,13,Th
337.170415,110,Th
337.185494,120,Th
337.188298,12,Ar
337.195267,4,Ar
337.201342,7,Th
337.209249,14,Th
337.245931,92,Th
337.262933,24,Th
337.273172,93,Th
337.276487,2300,Th
337.304397,19,Th
337.306697,6,Th
337.321968,24,Th
337.330103,69,Th
337.366879,440,Th
337.378996,970,Th
337.391965,55,Th
337.410172,1,Ar
337.413619,13,Th
337.444000,7,Ar
337.446132,2400,Th
337.481320,3,Ar
337.493292,13,Th
337.555057,610,Th
337.594402,4700,Th
337.655524,250,Th
337.701752,20,Th
337.733560,310,Th
337.738324,77,Th
337.740547,155,Ar
337.749838,27,Th
337.758666,61,Th
337.780915,240,Th
337.837347,410,Th
337.845264,140,Th
337.850762,130,Th
337.863239,68,Th
337.891347,13,Th
337.931644,4,Th
337.941487,1,Ar
337.954345,1800,Th
337.977348,200,Th
337.987682,27,Th
338.006060,130,Th
338.009713,24,Th
338.026153,54,Th
338.043062,4,Ar
338.054748,11,Ar
338.064665,120,Th
338.095087,54,Th
338.146942,20,Th
338.154037,59,Th
338.183019,2400,Th
338.203709,1,Ar
338.231305,230,Th
338.234634,160,Th
338.277059,4,Th
338.291019,160,Th
338.310297,3,Ar
338.328175,9,Th
338.397303,160,Th
338.407814,500,Th
338.412082,110,Th
338.419969,180,Th
338.455746,150,Th
338.484051,1,Ar
338.497353,100,Th
338.506689,13,Th
338.514771,36,Th
338.537137,480,Th
338.596445,150,Th
338.617858,13,Th
338.634521,9,Th
338.650339,1400,Th
338.656966,54,Th
338.679764,56,Th
338.713397,36,Th
338.726336,12,Th
338.747279,1200,Th
338.773524,150,Th
338.846749,59,Th
338.850390,13,Th
338.889294,840,Th
338.908964,98,Th
338.912669,130,Th
338.932062,120,Th
338.950351,195,Ar
338.955157,290,Th
339.001017,280,Th
339.043611,1900,Th
339.061344,1800,Th
339.134135,980,Th
339.175228,110,Th
339.182207,240,Th
339.210400,13,Th
339.231831,0.5,Ar
339.256858,56,Th
339.266642,250,Th
339.270173,61,Th
339.281813,129,Ar
339.284473,1600,Th
339.300837,11000,Th
339.315797,170,Th
339.344649,84,Th
339.385139,20,Th
339.393128,150,Th
339.396844,60,Th
339.420448,190,Th
339.434242,9,Th
339.439533,320,Th
339.446991,33,Th
339.470000,7,Ar
339.496698,310,Th
339.511924,230,Th
339.546080,89,Th
339.555492,81,Th
339.561454,53,Th
339.577129,500,Th
339.608687,120,Th
339.620818,48,Th
339.634812,200,Th
339.651879,13,Th
339.654574,20,Th
339.660141,96,Th
339.667657,100,Th
339.693970,53,Th
339.696015,170,Th
339.736710,270,Th
339.743100,290,Th
339.758577,240,Th
339.770251,4100,Th
339.784795,13,Th
339.788281,160,Th
339.797692,1,Ar
339.806772,72,Th
339.822876,53,Th
339.828034,98,Th
339.828050,98,Th
339.849100,8500,Th
339.858604,1,Ar
339.882010,140,Th
339.887054,8,Ar
339.892813,54,Th
339.913702,59,Th
339.932049,100,Th
339.942998,240,Th
339.946257,220,Th
339.951992,7700,Th
340.001547,110,Th
340.025906,65,Th
340.031732,170,Th
340.044207,34,Th
340.132201,61,Th
340.160526,55,Th
340.165590,59,Th
340.197364,68,Th
340.262243,300,Th
340.268698,990,Th
340.300237,510,Th
340.333000,35,Th
340.367124,3800,Th
340.371513,500,Th
340.398210,67,Th
340.419691,35,Th
340.424755,540,Th
340.433024,190,Th
340.487904,180,Th
340.500578,190,Th
340.517419,27,Th
340.556680,90,Th
340.562746,260,Th
340.562767,260,Th
340.577497,54,Th
340.653526,4000,Th
340.658638,340,Th
340.721878,360,Th
340.727358,3,Ar
340.734172,54,Th
340.743867,53,Th
340.765910,62,Th
340.770935,20,Th
340.855121,58,Th
340.860986,170,Th
340.880741,330,Th
340.933191,0.5,Ar
340.958998,3,Ar
340.961962,270,Th
340.972764,4600,Th
340.995041,70,Th
341.009264,20,Th
341.024772,480,Th
341.039600,1,Ar
341.054156,20,Th
341.068031,2,Ar
341.096461,20,Th
341.105392,400,Th
341.116244,190,Th
341.167660,60,Th
341.204239,20,Th
341.276247,370,Th
341.315949,69,Th
341.318895,85,Th
341.337749,150,Th
341.339969,36,Th
341.350235,20,Th
341.361045,27,Th
341.399192,4900,Th
341.406691,350,Th
341.430555,69,Th
341.438771,180,Th
341.450600,6,Ar
341.461097,110,Th
341.463359,88,Th
341.491002,56,Th
341.499329,110,Th
341.527808,80,Th
341.543737,9,Ar
341.548228,380,Th
341.554499,250,Th
341.569143,430,Th
341.595928,20,Th
341.686419,750,Th
341.689393,87,Th
341.724374,120,Th
341.740306,88,Th
341.754000,1,Ar
341.757494,88,Th
341.798441,6,Th
341.810552,64,Th
341.846500,7,Ar
341.847773,1500,Th
341.862326,240,Th
341.870285,340,Th
341.877531,6,Th
341.914808,36,Th
341.931436,20,Th
341.950137,26,Th
341.975564,1400,Th
341.989388,300,Th
341.993445,450,Th
342.015363,970,Th
342.117715,240,Th
342.135465,130,Th
342.219097,11000,Th
342.259157,22,Ar
342.265976,110,Th
342.275171,20,Th
342.322525,6,Th
342.328780,13,Th
342.355747,270,Th
342.363742,2300,Th
342.369502,78,Th
342.379237,20,Th
342.410931,1000,Th
342.433475,33,Th
342.490314,480,Th
342.497130,11000,Th
342.521020,9,Ar
342.612061,300,Th
342.616993,320,Th
342.641696,140,Th
342.648073,2,Ar
342.692600,300,Th
342.704103,58,Th
342.712640,77,Th
342.716045,13,Th
342.726676,4,Th
342.797076,67,Th
342.807476,480,Th
342.818393,160,Th
342.844772,53,Th
342.860573,12,Th
342.897620,100,Th
342.923068,120,Th
342.960498,1200,Th
342.969745,1500,Th
342.998216,5100,Th
343.007116,120,Th
343.037226,280,Th
343.042024,26,Th
343.055586,390,Th
343.059764,20,Ar
343.081004,33,Th
343.085296,240,Th
343.088844,360,Th
343.095200,2,Ar
343.132301,69,Th
343.139856,26,Ar
343.140025,64,Th
343.155007,120,Th
343.174233,33,Th
343.197551,5,Ar
343.200256,97,Th
343.272058,2,Ar
343.279412,440,Th
343.306863,85,Th
343.356723,5,Ar
343.435000,1,Ar
343.487252,210,Th
343.492739,180,Th
343.498305,4800,Th
343.508767,120,Th
343.525011,26,Th
343.571147,540,Th
343.574664,290,Th
343.597554,64,Th
343.598803,13,Th
343.617721,63,Th
343.637918,59,Th
343.646644,600,Th
343.667900,19,Th
343.676089,1,Ar
343.696178,5800,Th
343.727629,19,Th
343.760531,250,Th
343.766277,340,Th
343.771211,4100,Th
343.781660,6,Ar
343.800917,270,Th
343.829213,15000,Th
343.857638,130,Th
343.863144,65,Th
343.879257,51,Th
343.900260,8,Ar
343.967315,25,Th
343.993616,1400,Th
344.004115,59,Th
344.007600,1,Ar
344.021695,54,Th
344.038439,2200,Th
344.069746,2100,Th
344.073713,240,Th
344.105639,65,Th
344.180872,19,Th
344.202198,380,Th
344.235136,440,Th
344.251269,250,Th
344.356537,2100,Th
344.409477,200,Th
344.412856,77,Th
344.496574,230,Th
344.501558,110,Th
344.524018,86,Th
344.578187,63,Th
344.606110,59,Th
344.606128,59,Th
344.610523,42,Th
344.620431,590,Th
344.637891,220,Th
344.673213,580,Th
344.718716,34,Th
344.727919,43,Th
344.753516,600,Th
344.798388,43,Th
344.817678,94,Th
344.827862,1,Ar
344.861870,44,Th
344.926957,1,Ar
344.927988,5,Th
344.972224,100,Th
344.987755,35,Th
344.993682,340,Th
345.027575,370,Th
345.047957,53,Th
345.052735,16,Th
345.055238,11,Th
345.063299,440,Th
345.093185,63,Th
345.094511,68,Th
345.109450,27,Th
345.169770,82,Th
345.175546,5,Th
345.193610,190,Th
345.229656,78,Th
345.269114,3000,Th
345.319444,180,Th
345.343631,90,Th
345.367123,690,Th
345.395975,22,Th
345.439196,27,Th
345.450117,420,Th
345.455019,110,Th
345.490817,71,Th
345.508455,76,Ar
345.519518,1100,Th
345.563462,55,Th
345.593474,44,Th
345.598067,85,Th
345.603392,16,Th
345.609784,22,Th
345.612102,22,Th
345.626209,88,Th
345.645983,5,Th
345.660272,410,Th
345.693777,110,Th
345.695127,130,Th
345.720424,4,Th
345.724246,5,Th
345.743157,150,Th
345.768545,180,Th
345.791598,65,Th
345.805910,1900,Th
345.842429,140,Th
345.867250,79,Th
345.881919,89,Th
345.928933,48,Th
345.967603,1,Ar
345.971457,15,Th
345.987140,25,Th
346.038579,25,Th
346.047707,280,Th
346.049385,140,Th
346.053054,61,Th
346.062983,160,Th
346.096626,25,Th
346.121376,15,Th
346.200968,13000,Th
346.206970,7,Ar
346.220837,9100,Th
346.256489,170,Th
346.279300,19,Th
346.384237,1600,Th
346.397493,100,Th
346.441998,5,Th
346.458281,90,Th
346.471145,680,Th
346.491250,81,Th
346.511887,81,Ar
346.522170,10,Th
346.540473,200,Th
346.546308,61,Th
346.555139,59,Th
346.583448,39,Th
346.600790,180,Th
346.605473,370,Th
346.625396,14,Th
346.646258,51,Th
346.675721,2300,Th
346.677558,14,Ar
346.691694,460,Th
346.708588,57,Th
346.718557,71,Th
346.732570,91,Ar
346.753117,2300,Th
346.763835,3700,Th
346.788944,230,Th
346.829455,14,Th
346.836429,130,Th
346.892375,180,Th
346.921265,2200,Th
346.970542,99,Th
347.033866,6500,Th
347.091416,6900,Th
347.117568,12,Th
347.125477,12,Ar
347.156100,790,Th
347.178640,19,Th
347.199415,800,Th
347.221228,3300,Th
347.228680,9,Ar
347.232460,51,Th
347.259035,3,Ar
347.279328,120,Th
347.295316,1000,Th
347.356105,6,Ar
347.368543,100,Th
347.375560,15,Th
347.383686,51,Th
347.397991,35,Th
347.402376,260,Th
347.408770,20,Th
347.441720,250,Th
347.453999,210,Th
347.460509,26,Th
347.477523,88,Th
347.502836,210,Th
347.518087,7,Th
347.526468,52,Th
347.530234,51,Th
347.552496,61,Th
347.571207,470,Th
347.653253,170,Th
347.693757,90,Th
347.695738,240,Th
347.732656,46,Th
347.738018,360,Th
347.753542,460,Th
347.757638,120,Th
347.774249,427,Ar
347.789796,84,Th
347.869981,310,Th
347.912674,330,Th
347.922742,100,Ar
347.945899,290,Th
347.976423,87,Th
348.001304,130,Th
348.004385,110,Th
348.016847,970,Th
348.021770,420,Th
348.068059,720,Th
348.090810,5,Th
348.104845,630,Th
348.134529,22,Th
348.149825,1000,Ar
348.150146,9,Ar
348.154599,28,Th
348.174444,11,Th
348.179286,280,Th
348.180872,170,Th
348.199899,110,Th
348.258700,1,Ar
348.354466,280,Th
348.375790,460,Th
348.383170,190,Th
348.411113,71,Th
348.416635,100,Th
348.425084,61,Th
348.440506,94,Th
348.443140,61,Th
348.458580,16,Th
348.507717,210,Th
348.511900,3,Ar
348.541141,28,Th
348.557752,18,Th
348.572852,96,Th
348.594053,51,Th
348.617067,130,Th
348.620975,380,Th
348.647017,110,Th
348.671766,28,Th
348.691521,22,Th
348.704644,17,Th
348.720728,150,Th
348.726688,130,Th
348.751031,1100,Th
348.754874,7700,Th
348.783751,55,Th
348.796854,150,Th
348.807872,98,Th
348.831350,6,Ar
348.869609,17,Th
348.879941,5,Th
348.884202,180,Th
348.898851,3500,Th
348.918784,1,Ar
348.983196,660,Th
349.018245,750,Th
349.050598,1200,Th
349.059989,70,Th
349.082671,150,Th
349.122803,58,Th
349.126796,120,Th
349.138706,11,Th
349.145095,230,Th
349.150263,91,Th
349.165483,29,Th
349.179340,5,Th
349.184629,47,Th
349.187200,45,Ar
349.224283,389,Ar
349.253477,1000,Ar
349.257767,170,Th
349.289905,430,Th
349.311616,23,Th
349.315767,59,Th
349.332638,23,Th
349.367961,79,Th
349.389735,59,Th
349.408373,50,Th
349.451801,830,Th
349.477020,62,Th
349.515770,2,Ar
349.579968,90,Th
349.581585,150,Th
349.615836,150,Th
349.669968,2300,Th
349.675848,1,Ar
349.684704,35,Th
349.700289,320,Th
349.776157,49,Th
349.781097,3600,Th
349.801105,130,Th
349.804954,71,Th
349.809800,4,Ar
349.826314,190,Th
349.846084,49,Th
349.868641,190,Th
349.885768,81,Th
349.890234,100,Th
349.895621,79,Th
349.901050,810,Th
349.924900,6,Ar
349.932000,6,Ar
349.947495,6,Th
349.962192,2600,Th
349.995767,540,Th
349.999138,280,Th
350.047711,8,Ar
350.067048,269,Ar
350.082330,180,Th
350.096865,0.5,Ar
350.098770,620,Th
350.110456,310,Th
350.116063,44,Th
350.120427,66,Th
350.126784,150,Th
350.132870,78,Th
350.153305,140,Th
350.157564,5,Ar
350.184362,170,Th
350.245753,590,Th
350.264430,45,Th
350.286832,690,Th
350.294897,56,Th
350.315986,64,Th
350.351570,240,Th
350.364922,7,Th
350.368495,93,Ar
350.370304,61,Th
350.374039,170,Th
350.378069,460,Th
350.396564,150,Th
350.401959,52,Th
350.413178,180,Th
350.449621,170,Th
350.459167,468,Ar
350.461684,310,Th
350.478800,1000,Th
350.486655,180,Th
350.504017,120,Th
350.510439,14,Th
350.563754,150,Th
350.585366,67,Th
350.599419,140,Th
350.635204,36,Th
350.638651,72,Th
350.649679,330,Th
350.677057,360,Th
350.693725,23,Th
350.713553,250,Th
350.734750,79,Th
350.764855,210,Th
350.785471,150,Th
350.790678,58,Th
350.818117,97,Th
350.852319,150,Th
350.854950,1300,Th
350.908200,52,Th
350.910458,90,Th
350.918463,150,Th
350.936320,99,Th
350.968853,62,Th
350.982238,7,Th
351.009242,470,Th
351.012596,62,Th
351.019545,93,Th
351.029345,85,Th
351.033705,245,Ar
351.078180,447,Ar
351.078782,23,Th
351.082884,37,Th
351.095683,74,Th
351.128441,93,Th
351.153914,88,Th
351.175970,60,Th
351.199804,230,Th
351.215272,1175,Ar
351.216142,2100,Th
351.228160,56,Th
351.239108,22,Th
351.256595,1100,Th
351.267148,89,Ar
351.279388,90,Th
351.335243,75,Th
351.374695,220,Th
351.378007,66,Th
351.421778,82,Th
351.430159,71,Th
351.468726,180,Th
351.475995,58,Th
351.520541,724,Ar
351.528949,250,Th
351.539238,490,Ar
351.553117,480,Th
351.563203,220,Th
351.596716,250,Th
351.622985,110,Th
351.633166,120,Th
351.642926,76,Th
351.656153,61,Th
351.671267,130,Th
351.685586,54,Th
351.700631,92,Th
351.735898,330,Th
351.753693,7,Th
351.758249,110,Th
351.774303,52,Th
351.782970,300,Th
351.790959,120,Th
351.889481,4,Ar
351.920377,63,Th
351.940982,4200,Th
351.956652,33,Th
351.971956,33,Th
351.989144,510,Th
351.991057,72,Th
351.992800,1,Ar
352.048607,8,Th
352.069550,160,Th
352.074756,100,Th
352.087517,8,Th
352.099979,191,Ar
352.128482,35,Th
352.146137,11,Th
352.167841,69,Th
352.180720,8,Th
352.206592,1500,Th
352.214870,240,Th
352.226671,100,Ar
352.252036,33,Th
352.256649,1,Ar
352.269485,33,Th
352.280246,73,Th
352.292177,950,Th
352.298424,71,Ar
352.316205,53,Th
352.327043,88,Th
352.337548,41,Th
352.357602,24,Th
352.420404,83,Th
352.450019,0.5,Ar
352.451343,1300,Th
352.461822,66,Th
352.476568,460,Th
352.507532,16,Th
352.518620,190,Th
352.523852,25,Th
352.571648,250,Th
352.612970,210,Th
352.617959,19,Th
352.656270,67,Th
352.661231,67,Th
352.663787,67,Th
352.687440,41,Th
352.703696,360,Th
352.726089,120,Th
352.764206,1600,Th
352.774544,130,Th
352.777294,290,Th
352.833048,420,Th
352.836992,84,Th
352.843901,9,Th
352.880233,160,Th
352.910084,140,Th
352.942007,670,Th
352.982868,560,Th
352.996293,1200,Th
353.005831,120,Th
353.039486,610,Th
353.067964,170,Th
353.093606,17,Th
353.103956,120,Th
353.114381,68,Th
353.152370,1900,Th
353.176510,99,Th
353.205990,25,Th
353.219133,2,Ar
353.229180,160,Th
353.245967,1900,Th
353.265043,120,Th
353.287720,130,Th
353.293790,250,Th
353.324924,1,Ar
353.399436,120,Th
353.419222,220,Th
353.440614,93,Th
353.472102,430,Th
353.522011,110,Th
353.565103,160,Th
353.592732,34,Th
353.622599,76,Th
353.626051,270,Th
353.632972,170,Ar
353.633988,68,Th
353.687345,8,Th
353.700056,68,Th
353.702120,590,Th
353.761677,28,Th
353.764323,100,Th
353.798707,84,Th
353.817042,610,Th
353.922339,130,Th
353.927595,34,Th
353.942645,6,Th
353.951294,140,Th
353.967353,170,Th
353.971335,220,Th
354.020930,3,Ar
354.033338,1700,Th
354.059843,7200,Th
354.085155,550,Th
354.096431,18,Th
354.106001,71,Th
354.132350,9,Th
354.155069,68,Th
354.181794,4,Th
354.250523,340,Th
354.262771,240,Th
354.270428,91,Th
354.298195,91,Th
354.321383,52,Th
354.331332,38,Th
354.350987,930,Th
354.363240,99,Th
354.365293,74,Th
354.403547,73,Th
354.415932,26,Ar
354.422154,340,Th
354.432999,1,Ar
354.444750,130,Th
354.503019,2100,Th
354.511063,62,Th
354.526337,170,Th
354.537364,96,Th
354.578812,96,Th
354.600653,180,Th
354.619335,200,Th
354.629777,580,Th
354.660823,891,Ar
354.685628,794,Ar
354.697155,750,Th
354.726812,100,Th
354.782233,73,Th
354.810965,100,Th
354.826538,160,Th
354.835094,1600,Th
354.837286,130,Th
354.848295,97,Th
354.893103,460,Th
354.918946,10,Th
354.952777,195,Ar
354.960380,21,Th
354.967848,200,Th
355.019319,10,Th
355.041067,110,Th
355.060959,2700,Th
355.075158,180,Th
355.104307,10,Ar
355.130638,170,Th
355.173254,680,Th
355.179900,300,Th
355.188925,680,Th
355.228597,81,Th
355.241625,3800,Th
355.288374,120,Th
355.299889,44,Th
355.412518,690,Th
355.439203,240,Th
355.532080,7,Ar
355.565899,44,Th
355.583498,56,Th
355.602879,2800,Th
355.611873,260,Th
355.624652,70,Th
355.672001,830,Th
355.722273,17,Th
355.732973,160,Th
355.791981,49,Ar
355.848031,710,Th
355.874462,24,Th
355.883463,330,Th
355.891471,12,Th
355.913670,12,Th
355.933210,130,Th
355.936071,66,Th
355.948964,24,Th
355.962170,17,Th
355.965620,220,Th
355.986028,36,Th
356.039206,150,Th
356.039266,150,Th
356.043103,450,Th
356.046647,1500,Th
356.052445,1445,Ar
356.062623,1800,Th
356.074996,170,Th
356.095648,520,Th
356.098149,360,Th
356.104201,1300,Th
356.124365,88,Th
356.128558,24,Th
356.131254,44,Th
356.170452,160,Th
356.187435,88,Th
356.191580,210,Th
356.204721,1023,Ar
356.242443,130,Th
356.279791,1300,Th
356.289860,88,Th
356.320845,35,Ar
356.327011,73,Th
356.361638,72,Th
356.431781,190,Th
356.439291,650,Th
356.472775,76,Th
356.525329,220,Th
356.535082,19,Ar
356.552642,57,Th
356.561650,100,Th
356.571991,660,Th
356.573355,240,Th
356.604746,162,Ar
356.606734,93,Th
356.613569,260,Th
356.641639,270,Th
356.645083,93,Th
356.662227,250,Th
356.673616,130,Th
356.684089,700,Th
356.720176,140,Th
356.747877,46,Th
356.806574,220,Th
356.828242,9700,Th
356.865970,150,Th
356.869170,480,Th
356.872081,220,Th
356.898494,140,Th
357.000980,95,Th
357.006636,1,Ar
357.022635,180,Th
357.063953,250,Th
357.083955,2700,Th
357.093868,65,Th
357.094010,65,Th
357.095655,3,Ar
357.097798,3,Ar
357.099692,98,Th
357.137690,440,Th
357.154318,280,Th
357.176321,1,Ar
357.202949,140,Th
357.259240,240,Th
357.282937,62,Th
357.308667,170,Th
357.331899,240,Th
357.341214,1000,Th
357.423972,440,Th
357.452836,180,Th
357.483039,27,Th
357.600686,180,Th
357.604951,63,Th
357.614688,800,Th
357.632205,610,Th
357.634299,2000,Th
357.644895,91,Th
357.656773,130,Th
357.677443,5,Ar
357.695286,27,Th
357.754808,190,Th
357.757827,2400,Th
357.763644,12303,Ar
357.765709,290,Th
357.823677,130,Th
357.862051,170,Th
357.877014,120,Th
357.918809,110,Th
357.937714,8,Ar
357.997131,450,Th
358.035838,800,Th
358.043817,180,Th
358.056795,430,Th
358.070383,93,Th
358.106730,41,Th
358.120890,64,Th
358.125320,270,Th
358.201328,69,Th
358.237931,210,Th
358.242081,110,Th
358.263032,68,Ar
358.278017,590,Th
358.286626,120,Th
358.303133,610,Th
358.323662,13,Th
358.337688,155,Ar
358.341587,41,Th
358.405778,190,Th
358.412467,1000,Th
358.418725,61,Th
358.432352,130,Th
358.519844,3100,Th
358.607409,280,Th
358.626902,100,Th
358.657400,68,Th
358.679342,230,Th
358.690908,76,Th
358.772785,67,Th
358.796441,55,Th
358.807492,27,Th
358.885671,87,Th
358.924128,280,Th
358.932655,390,Th
358.946432,12303,Ar
358.965895,41,Th
358.999978,13,Th
359.015133,110,Th
359.017853,310,Th
359.038451,930,Th
359.044414,71,Th
359.077381,3000,Th
359.101841,680,Th
359.194975,380,Th
359.202493,150,Th
359.208713,210,Th
359.227952,220,Th
359.247705,3500,Th
359.263346,55,Th
359.293168,42,Th
359.309900,95,Th
359.351209,110,Th
359.380453,3200,Th
359.385343,260,Th
359.417716,67,Th
359.437738,11,Th
359.441807,60,Th
359.455779,35,Th
359.474216,2,Ar
359.488079,140,Th
359.490774,310,Th
359.513663,210,Th
359.540123,0.5,Ar
359.574706,190,Th
359.601109,610,Th
359.627232,72,Th
359.635269,190,Th
359.664344,1400,Th
359.678341,130,Th
359.700215,62,Th
359.792581,190,Th
359.804798,170,Th
359.852159,880,Th
359.880345,23,Th
359.914643,11000,Th
359.927395,170,Th
359.955109,230,Th
359.971873,69,Th
360.005763,120,Th
360.038259,140,Th
360.075080,730,Th
360.090026,80,Th
360.120938,230,Th
360.124889,10,Ar
360.145881,580,Th
360.163471,87,Th
360.184451,110,Th
360.200407,270,Th
360.206167,1800,Th
360.232318,420,Th
360.253632,15,Ar
360.279887,210,Th
360.300762,64,Th
360.350837,94,Th
360.367534,23,Th
360.393469,120,Th
360.395921,120,Th
360.406041,160,Th
360.423196,1200,Th
360.439082,420,Th
360.448371,3,Ar
360.464823,88,Th
360.472326,77,Th
360.493228,3,Ar
360.506725,320,Th
360.509357,250,Th
360.550496,98,Th
360.568452,330,Th
360.570871,1100,Th
360.599462,48,Th
360.614638,71,Th
360.622188,620,Th
360.647325,23,Th
360.668231,240,Th
360.685070,210,Th
360.690749,24,Ar
360.711932,530,Th
360.727663,770,Th
360.753545,47,Th
360.755040,7,Ar
360.764367,110,Th
360.772615,76,Th
360.799337,47,Th
360.803881,47,Th
360.842177,130,Th
360.843266,2,Ar
360.884892,190,Th
360.894019,170,Th
360.932513,170,Th
360.940703,2400,Th
360.991087,150,Th
361.025431,480,Th
361.047453,6600,Th
361.106865,310,Th
361.108813,70,Th
361.115557,350,Th
361.134802,68,Th
361.142658,610,Th
361.159556,49,Th
361.168099,590,Th
361.175236,120,Th
361.182503,520,Th
361.219040,410,Th
361.229017,63,Th
361.239650,1,Ar
361.284320,14,Ar
361.314169,98,Th
361.345757,16000,Th
361.389679,5400,Th
361.457797,110,Th
361.464635,110,Th
361.480984,410,Th
361.500415,190,Th
361.504032,630,Th
361.524402,1800,Th
361.538410,1300,Th
361.603460,64,Th
361.616359,3300,Th
361.640412,130,Th
361.688122,430,Th
361.720880,350,Th
361.772709,140,Th
361.804901,700,Th
361.814873,1300,Th
361.864504,24,Th
361.870300,420,Th
361.876308,200,Th
361.884942,99,Th
361.939506,1500,Th
361.962856,110,Th
362.024378,660,Th
362.038752,100,Th
362.066541,73,Th
362.074068,110,Th
362.131648,460,Th
362.140206,410,Th
362.153044,74,Th
362.160098,100,Th
362.184175,3,Ar
362.187087,900,Th
362.201029,12,Th
362.204663,3,Ar
362.215110,1200,Th
362.220103,71,Th
362.246739,130,Th
362.316999,30,Ar
362.332065,800,Th
362.336725,820,Th
362.373948,97,Th
362.382824,2800,Th
362.406622,200,Th
362.448282,2,Ar
362.480553,540,Th
362.487943,120,Th
362.500182,310,Th
362.504847,64,Th
362.550517,1000,Th
362.580630,65,Th
362.592854,1800,Th
362.606281,1200,Th
362.618268,390,Th
362.656820,130,Th
362.666154,3200,Th
362.692689,1400,Th
362.696508,530,Th
362.705875,130,Th
362.712392,160,Th
362.759869,340,Th
362.764511,120,Th
362.766538,280,Th
362.797295,710,Th
362.810748,56,Th
362.818543,93,Th
362.829762,87,Th
362.862330,120,Th
362.869101,50,Th
362.883238,130,Th
362.990201,260,Th
363.024972,39,Th
363.031263,100,Th
363.041918,100,Th
363.088483,400,Th
363.165125,390,Th
363.171180,51,Th
363.218689,57,Th
363.289829,170,Th
363.326805,89,Th
363.366055,260,Th
363.386589,1800,Th
363.411446,78,Th
363.440543,130,Th
363.471978,26,Th
363.477765,71,Th
363.494613,260,Th
363.504027,26,Th
363.524924,130,Th
363.557889,490,Th
363.561810,4400,Th
363.584827,9,Ar
363.593797,110,Th
363.599216,26,Th
363.627802,310,Th
363.636339,210,Th
363.645558,620,Th
363.667384,3,Ar
363.720916,260,Th
363.733204,78,Th
363.739297,110,Th
363.760308,200,Th
363.787099,960,Th
363.795698,75,Th
363.806759,19,Ar
363.859231,350,Th
363.872309,77,Th
363.891000,78,Ar
363.904051,200,Th
363.913386,80,Th
363.918396,74,Th
363.927363,140,Th
363.935614,1700,Th
363.949747,110,Th
363.968135,1500,Th
364.048398,1300,Th
364.062613,190,Th
364.086982,42,Ar
364.090300,400,Th
364.122231,26,Th
364.142686,260,Th
364.185685,26,Th
364.191209,79,Th
364.196130,100,Th
364.215082,120,Th
364.232562,77,Th
364.240090,83,Th
364.287640,130,Th
364.287759,130,Th
364.292143,78,Th
364.328675,19000,Th
364.361083,1100,Th
364.373047,59,Th
364.392612,73,Th
364.455063,2000,Th
364.486307,250,Th
364.538629,150,Th
364.546949,390,Th
364.550280,26,Th
364.575248,150,Th
364.601898,66,Th
364.627482,52,Th
364.630693,120,Th
364.630760,120,Th
364.640264,470,Th
364.668688,150,Th
364.674513,690,Th
364.730723,220,Th
364.749043,40,Th
364.792296,80,Th
364.833806,160,Th
364.833828,160,Th
364.840743,170,Th
364.861360,200,Th
364.868478,510,Th
364.870330,190,Th
364.897140,150,Th
364.921339,430,Th
364.936478,51,Th
364.942087,53,Th
364.946081,540,Th
364.967307,110,Th
364.989374,110,Th
365.009201,70,Th
365.028912,1300,Th
365.077472,3100,Th
365.124463,91,Th
365.147518,110,Th
365.154187,70,Th
365.156679,110,Th
365.180653,410,Th
365.192946,8,Ar
365.223425,0.5,Ar
365.250794,59,Th
365.261226,190,Th
365.286810,130,Th
365.320881,1300,Th
365.332688,52,Th
365.357798,470,Th
365.413197,260,Th
365.462593,100,Th
365.464497,79,Th
365.550269,1200,Th
365.561666,88,Th
365.564947,53,Th
365.595833,7,Th
365.606837,51,Th
365.616677,690,Th
365.631912,37,Ar
365.666702,27,Th
365.709096,27,Ar
365.724200,180,Th
365.773542,3400,Th
365.809704,300,Th
365.825881,3,Ar
365.857706,72,Th
365.868449,390,Th
365.907219,120,Th
365.910581,1000,Th
365.923874,94,Th
365.926972,410,Th
365.985075,2200,Th
365.994545,110,Th
366.025068,26,Th
366.035788,83,Th
366.052910,120,Th
366.054990,1900,Th
366.067175,17000,Th
366.113451,180,Th
366.116114,62,Th
366.137278,280,Th
366.147916,28,Ar
366.154398,510,Th
366.181966,83,Th
366.217400,0.5,Ar
366.249474,190,Th
366.261729,830,Th
366.266435,3700,Th
366.302628,470,Th
366.323270,410,Th
366.332853,250,Th
366.360586,64,Th
366.367392,54,Th
366.379355,650,Th
366.384909,190,Th
366.400008,180,Th
366.424587,6100,Th
366.436224,53,Th
366.458782,450,Th
366.468901,64,Th
366.474575,1100,Th
366.622490,65,Th
366.648370,190,Th
366.648380,190,Th
366.648648,400,Th
366.652083,81,Th
366.666971,92,Th
366.667017,92,Th
366.676827,100,Th
366.719443,53,Th
366.741704,80,Th
366.802549,1400,Th
366.835597,13,Th
366.845598,67,Th
366.866576,230,Th
366.918436,2400,Th
366.943453,140,Th
366.995918,76,Th
367.044808,110,Th
367.047235,64,Th
367.064703,26,Ar
367.101352,3300,Th
367.110333,460,Th
367.139000,7,Ar
367.156556,93,Th
367.204967,19,Ar
367.221370,260,Th
367.228752,200,Th
367.258518,2000,Th
367.324613,54,Th
367.334586,1100,Th
367.350722,27,Th
367.356743,530,Th
367.399372,110,Th
367.429932,470,Th
367.431003,22,Ar
367.433021,420,Th
367.433114,420,Th
367.445781,54,Th
367.465852,54,Th
367.468517,130,Th
367.483961,1100,Th
367.506075,1100,Th
367.546491,59,Th
367.569219,71,Th
367.593708,990,Th
367.618343,1600,Th
367.661398,4200,Th
367.683574,1300,Th
367.700618,750,Th
367.718916,560,Th
367.729438,69,Th
367.773636,170,Th
367.786965,54,Th
367.813585,78,Th
367.835087,77,Th
367.878943,140,Th
367.896067,260,Th
367.906786,650,Th
367.909521,730,Th
367.927559,89,Th
367.931678,17,Ar
367.932006,80,Th
367.952750,1100,Th
367.982407,110,Th
368.059146,1100,Th
368.075783,1700,Th
368.101707,190,Th
368.110827,20,Ar
368.149531,1400,Th
368.158503,54,Th
368.165288,680,Th
368.214986,140,Th
368.222625,170,Th
368.231366,92,Th
368.293185,370,Th
368.322754,310,Th
368.334255,190,Th
368.340069,130,Th
368.353463,4000,Th
368.359291,9,Ar
368.380803,26,Th
368.389354,54,Th
368.436187,100,Th
368.450620,6,Ar
368.454169,270,Th
368.477218,140,Th
368.490412,53,Th
368.498626,140,Th
368.598176,510,Th
368.626281,520,Th
368.663588,180,Th
368.664070,5,Ar
368.691674,210,Th
368.737664,5,Th
368.754199,26,Th
368.764460,6,Ar
368.803083,100,Th
368.824343,140,Th
368.857224,66,Th
368.871946,480,Th
368.903370,790,Th
368.924966,100,Th
368.927630,7,Ar
368.931750,78,Th
368.970814,230,Th
368.981052,590,Th
368.986293,170,Th
369.028170,4,Ar
369.077737,87,Th
369.111949,140,Th
369.116722,440,Th
369.153758,490,Th
369.167423,7100,Th
369.170420,260,Th
369.246223,3300,Th
369.266462,1300,Th
369.292665,3900,Th
369.296417,520,Th
369.302427,160,Th
369.312705,290,Th
369.317470,1,Ar
369.333419,1,Ar
369.344410,390,Th
369.361728,4300,Th
369.429852,140,Th
369.457489,170,Th
369.459751,110,Th
369.468915,26,Th
369.474555,410,Th
369.483952,240,Th
369.485727,670,Th
369.495308,550,Th
369.504591,1800,Th
369.522845,3600,Th
369.522869,3600,Th
369.529831,800,Th
369.541652,750,Th
369.563100,130,Th
369.569363,2,Ar
369.583685,110,Th
369.634071,1100,Th
369.702555,430,Th
369.713820,9,Ar
369.736915,26,Th
369.769897,170,Th
369.781495,130,Th
369.808247,290,Th
369.824631,100,Th
369.828670,53,Th
369.854999,95,Th
369.879589,610,Th
369.915849,2600,Th
369.931026,200,Th
369.935317,180,Th
369.980623,250,Th
370.023497,530,Th
370.040678,110,Th
370.093355,1100,Th
370.136519,240,Th
370.151405,54,Th
370.157844,26,Th
370.181825,380,Th
370.203129,3500,Th
370.215242,540,Th
370.265223,400,Th
370.305490,2,Ar
370.312048,77,Th
370.319314,130,Th
370.353154,270,Th
370.391754,230,Th
370.428351,2400,Th
370.439489,55,Th
370.460400,1,Ar
370.482787,2300,Th
370.495997,320,Th
370.500394,210,Th
370.504559,530,Th
370.513731,370,Th
370.520067,340,Th
370.539321,530,Th
370.563741,280,Th
370.588052,57,Th
370.591559,830,Th
370.602053,140,Th
370.684406,73,Th
370.699530,72,Th
370.710613,210,Th
370.745408,550,Th
370.782171,5600,Th
370.798439,7,Ar
370.804139,200,Th
370.848298,400,Th
370.851968,200,Th
370.945048,69,Th
370.953828,210,Th
370.972540,76,Th
370.980850,150,Th
371.037032,51,Th
371.067891,130,Th
371.087209,77,Th
371.091746,320,Th
371.096392,11,Ar
371.134738,180,Th
371.160719,130,Th
371.171956,2800,Th
371.188674,280,Th
371.235973,1300,Th
371.241532,210,Th
371.267870,1800,Th
371.283463,77,Th
371.288911,440,Th
371.298210,200,Th
371.324181,70,Th
371.335436,110,Th
371.342828,62,Th
371.358728,190,Th
371.361539,430,Th
371.366781,93,Th
371.384960,10,Ar
371.407136,2,Ar
371.534688,210,Th
371.539500,79,Th
371.551264,25,Th
371.575268,280,Th
371.578990,14,Ar
371.611641,280,Th
371.614411,51,Th
371.677942,77,Th
371.691852,220,Th
371.714417,25,Th
371.726956,100,Th
371.761400,8,Ar
371.764088,400,Th
371.786517,280,Th
371.799791,280,Th
371.805076,86,Th
371.822838,6,Ar
371.843909,280,Th
371.888675,240,Th
371.895145,140,Th
371.922506,210,Th
371.926371,93,Ar
371.971308,97,Th
371.986544,25,Th
372.006873,75,Th
372.011249,250,Th
372.021090,57,Th
372.049252,13000,Th
372.060421,820,Th
372.074981,130,Th
372.089412,1900,Th
372.103550,1700,Th
372.127588,3800,Th
372.136529,1200,Th
372.148409,12,Ar
372.166475,53,Th
372.168676,57,Th
372.175802,110,Th
372.206086,190,Th
372.219442,50,Th
372.227295,2400,Th
372.240201,230,Th
372.288385,8900,Th
372.294245,27,Th
372.317393,3000,Th
372.323846,810,Th
372.365107,84,Th
372.371347,210,Th
372.430020,5,Ar
372.434868,210,Th
372.471526,320,Th
372.477998,61,Th
372.497920,170,Th
372.535798,74,Th
372.545514,68,Th
372.555796,120,Th
372.557530,14,Ar
372.579238,310,Th
372.678401,53,Th
372.688046,50,Th
372.693368,83,Th
372.702506,80,Th
372.715959,49,Th
372.725365,56,Th
372.771832,140,Th
372.778429,1300,Th
372.790213,250,Th
372.792819,150,Th
372.800465,24,Th
372.821294,1100,Th
372.831111,690,Th
372.840675,540,Th
372.867182,1300,Th
372.878509,200,Th
372.896276,7800,Th
373.002474,24,Th
373.005233,24,Th
373.036863,234,Ar
373.073715,68,Th
373.074103,600,Th
373.089651,440,Th
373.100649,570,Th
373.142916,2300,Th
373.159313,48,Th
373.168404,95,Th
373.180933,850,Th
373.191746,150,Th
373.200794,76,Th
373.240720,100,Th
373.241265,96,Th
373.243778,96,Th
373.248589,220,Th
373.353440,23,Th
373.374062,71,Th
373.379798,47,Th
373.404666,940,Th
373.441609,1,Ar
373.456333,25,Th
373.473394,1400,Th
373.519312,23,Th
373.529725,23,Th
373.547401,23,Th
373.562728,71,Th
373.565950,330,Th
373.572452,55,Th
373.575885,79,Th
373.631547,53,Th
373.642457,66,Th
373.654973,4,Ar
373.657330,93,Th
373.688815,130,Th
373.747419,12,Th
373.756328,130,Th
373.762844,130,Th
373.771562,250,Th
373.799735,120,Th
373.825991,150,Th
373.839671,23,Th
373.857493,2800,Th
373.871239,69,Th
373.895165,126,Ar
373.916477,180,Th
373.942030,130,Th
373.976452,94,Th
373.980241,210,Th
373.982289,68,Th
373.990633,590,Th
374.074761,98,Th
374.147582,83,Th
374.157955,61,Th
374.179378,100,Th
374.191851,460,Th
374.224653,14000,Th
374.243804,220,Th
374.294765,120,Th
374.329418,120,Th
374.333975,81,Th
374.398732,7400,Th
374.486881,2400,Th
374.487113,160,Th
374.495978,370,Th
374.533530,1,Ar
374.571865,120,Th
374.580101,300,Th
374.597524,310,Th
374.624066,370,Th
374.672380,1000,Th
374.703521,1900,Th
374.729407,120,Th
374.751199,275,Ar
374.797808,7,Ar
374.799515,10,Th
374.807838,65,Th
374.823653,59,Th
374.833639,23,Th
374.860422,1200,Th
374.877504,47,Th
374.928975,50,Th
374.934931,260,Th
374.988742,74,Th
375.014976,630,Th
375.018850,94,Th
375.058141,210,Th
375.068383,640,Th
375.154548,13,Ar
375.155973,960,Th
375.172583,300,Th
375.176134,58,Th
375.208787,2000,Th
375.211836,2,Ar
375.219113,380,Th
375.239210,1,Ar
375.282553,190,Th
375.333048,25,Th
375.363530,3100,Th
375.385687,230,Th
375.391990,0.5,Ar
375.430850,820,Th
375.458407,26,Ar
375.509747,1200,Th
375.511621,11,Ar
375.565991,1200,Th
375.590818,24,Th
375.627924,1800,Th
375.656799,66,Th
375.695105,140,Th
375.705405,400,Th
375.736150,930,Th
375.745300,9,Ar
375.751979,150,Th
375.773662,4,Ar
375.782586,51,Th
375.796008,24,Th
375.876208,2500,Th
375.953502,3300,Th
375.977432,740,Th
375.989149,96,Th
376.033041,1500,Th
376.038486,1700,Th
376.050234,1500,Th
376.095811,130,Th
376.134066,160,Th
376.136397,110,Th
376.180183,24,Th
376.217045,380,Th
376.228549,140,Th
376.253777,800,Th
376.259674,330,Th
376.277312,300,Th
376.295440,48,Th
376.308092,24,Th
376.332671,68,Th
376.348541,190,Th
376.374314,24,Th
376.388340,220,Th
376.395013,1800,Th
376.400248,4300,Th
376.417957,2,Ar
376.436456,59,Th
376.439080,180,Th
376.457440,17,Ar
376.462165,82,Th
376.465155,370,Th
376.473775,150,Th
376.513847,49,Th
376.515793,10,Th
376.526210,160,Th
376.548235,180,Th
376.572779,90,Th
376.604988,100,Th
376.613686,390,Th
376.619547,74,Th
376.625859,74,Th
376.630976,1500,Th
376.633953,186,Ar
376.648222,2400,Th
376.660505,200,Th
376.676713,110,Th
376.711245,60,Th
376.715093,420,Th
376.717968,130,Th
376.718846,91,Ar
376.720885,130,Th
376.751706,330,Th
376.815181,220,Th
376.827281,120,Th
376.832236,49,Th
376.858288,49,Th
376.893677,62,Th
376.897287,7400,Th
376.901731,150,Th
376.907198,74,Th
376.950644,190,Th
376.984991,74,Th
377.017235,200,Th
377.065486,700,Th
377.066830,1100,Th
377.069026,250,Th
377.076929,99,Th
377.085050,140,Th
377.112687,3900,Th
377.144010,20,Ar
377.159046,33,Ar
377.227377,24,Th
377.244204,7200,Th
377.268663,430,Th
377.270693,220,Th
377.330844,270,Th
377.372152,1100,Th
377.437851,110,Th
377.437966,110,Th
377.482916,570,Th
377.520569,270,Th
377.527577,440,Th
377.529923,110,Th
377.559138,4,Ar
377.580518,210,Th
377.600229,20,Th
377.623123,77,Th
377.638706,70,Th
377.697518,170,Th
377.701373,41,Th
377.734362,1800,Th
377.757651,180,Th
377.767700,59,Th
377.769672,330,Th
377.780809,27,Th
377.835945,68,Th
377.845425,67,Th
377.848955,500,Th
377.860413,5,Ar
377.870098,130,Th
377.882017,110,Th
377.889462,60,Th
377.912002,86,Th
377.981915,71,Th
377.998780,73,Th
378.006324,540,Th
378.063570,140,Th
378.078756,16,Th
378.122238,90,Th
378.135633,50,Th
378.191342,81,Ar
378.203987,4300,Th
378.239267,780,Th
378.271178,26,Th
378.318230,84,Th
378.408666,750,Th
378.437079,1700,Th
378.456787,200,Th
378.473466,150,Th
378.475692,61,Th
378.483032,75,Th
378.548047,69,Th
378.565097,510,Th
378.586915,180,Th
378.622961,530,Th
378.635461,190,Th
378.650675,33,Th
378.667496,2100,Th
378.667533,2100,Th
378.684664,260,Th
378.698939,300,Th
378.715519,33,Th
378.745730,20,Ar
378.795775,320,Th
378.819756,140,Th
378.855126,140,Th
378.871483,220,Th
378.901108,180,Th
378.907449,16,Th
378.913952,16,Th
378.943502,380,Th
379.019388,1400,Th
379.024373,8200,Th
379.044823,280,Th
379.048766,100,Th
379.060453,200,Th
379.064050,67,Th
379.068802,96,Th
379.073356,130,Th
379.102861,100,Th
379.134456,170,Th
379.153693,50,Th
379.172321,65,Th
379.187135,5000,Th
379.229754,160,Th
379.237382,320,Th
379.259419,290,Th
379.304932,96,Th
379.318036,110,Th
379.338787,230,Th
379.341330,97,Th
379.345086,1800,Th
379.380678,950,Th
379.417399,130,Th
379.430509,1,Ar
379.458183,190,Th
379.489286,280,Th
379.522839,420,Th
379.539532,170,Th
379.551062,33,Th
379.572284,50,Th
379.577563,950,Th
379.602851,32,Th
379.605964,60,Th
379.642115,148,Ar
379.646381,820,Th
379.675913,48,Th
379.713012,79,Th
379.726622,64,Th
379.767100,13,Ar
379.776497,380,Th
379.781001,620,Th
379.802998,150,Th
379.807755,160,Th
379.826483,150,Th
379.828500,640,Th
379.853258,200,Th
379.860425,61,Th
379.864338,32,Th
379.911713,140,Th
379.918204,1800,Th
379.950230,3200,Th
379.950473,110,Th
379.953944,65,Th
380.024546,210,Th
380.046057,12,Ar
380.046538,150,Th
380.050256,32,Th
380.056972,48,Th
380.072268,66,Th
380.118779,320,Th
380.127671,900,Th
380.131610,6,Ar
380.145089,290,Th
380.166840,250,Th
380.182454,5,Th
380.240072,78,Th
380.252235,2200,Th
380.265123,1300,Th
380.299651,100,Th
380.322759,110,Th
380.340238,15,Th
380.350008,400,Th
380.366879,8,Th
380.380241,78,Th
380.394379,600,Th
380.415460,24000,Th
380.425174,69,Ar
380.445058,31,Th
380.468978,110,Th
380.491921,520,Th
380.506386,1700,Th
380.520745,490,Th
380.541110,130,Th
380.577844,300,Th
380.607425,110,Th
380.630724,89,Th
380.639417,530,Th
380.639786,7900,Th
380.642631,270,Th
380.690021,760,Th
380.694497,170,Th
380.704888,400,Th
380.723335,130,Th
380.731083,31,Th
380.734579,78,Th
380.739912,270,Th
380.835341,470,Th
380.875115,120,Th
380.878139,130,Th
380.895519,2000,Th
380.921042,270,Th
380.950796,40,Th
380.959430,65,Th
380.965549,14,Ar
380.969586,570,Th
380.977027,56,Th
381.016802,150,Th
381.021464,50,Th
381.053564,200,Th
381.053708,91,Ar
381.071194,16,Th
381.091628,420,Th
381.137654,250,Th
381.158121,86,Th
381.164377,33,Th
381.198616,51,Th
381.207689,2300,Th
381.229302,2,Ar
381.244038,100,Th
381.305485,50,Th
381.338785,16,Th
381.347892,420,Th
381.374958,90,Th
381.390876,40,Th
381.399105,49,Th
381.414969,2400,Th
381.440773,92,Th
381.444596,77,Th
381.448370,17,Th
381.474878,260,Th
381.483337,140,Th
381.489751,1500,Th
381.610977,230,Th
381.664876,960,Th
381.676250,1,Ar
381.759280,40,Th
381.764506,63,Th
381.769263,84,Th
381.787714,60,Th
381.820026,150,Th
381.837466,56,Th
381.844959,370,Th
381.846446,1,Ar
381.858122,150,Th
381.918277,84,Th
381.976903,2200,Th
382.009920,8,Ar
382.019646,180,Th
382.024554,33,Th
382.027386,59,Th
382.037002,89,Th
382.042546,54,Th
382.098730,140,Th
382.102623,130,Th
382.141186,530,Th
382.155816,120,Th
382.187656,2600,Th
382.211160,33,Th
382.220170,39,Th
382.251503,1000,Th
382.283993,56,Th
382.323009,690,Th
382.341505,150,Th
382.379460,190,Th
382.394536,380,Th
382.415235,1600,Th
382.433866,3,Ar
382.440681,180,Th
382.454258,390,Th
382.467006,560,Th
382.495675,16,Th
382.561690,160,Th
382.563973,98,Th
382.572798,82,Th
382.584068,99,Th
382.601058,52,Th
382.611929,690,Th
382.621824,2400,Th
382.663366,33,Th
382.675797,19,Ar
382.710752,110,Th
382.745455,1200,Th
382.789275,30,Ar
382.803514,290,Th
382.858782,76,Th
382.947077,14000,Th
383.012572,110,Th
383.026726,160,Th
383.036671,95,Th
383.038966,100,Th
383.047755,130,Th
383.050159,87,Th
383.091960,87,Th
383.092000,87,Th
383.114710,1100,Th
383.125122,1,Ar
383.128340,130,Th
383.148048,6,Ar
383.159697,120,Th
383.160684,7,Ar
383.186028,3500,Th
383.192648,400,Th
383.203293,140,Th
383.261170,130,Th
383.272680,950,Th
383.282346,640,Th
383.290982,84,Th
383.305004,250,Th
383.341160,190,Th
383.343363,31,Th
383.367020,95,Th
383.387613,190,Th
383.405857,160,Th
383.431816,160,Th
383.478426,66,Th
383.516885,31,Th
383.557645,250,Th
383.576620,7,Ar
383.597820,64,Th
383.616456,250,Th
383.643647,220,Th
383.650191,410,Th
383.679908,590,Th
383.704731,170,Th
383.762744,2000,Th
383.767338,5200,Th
383.780915,670,Th
383.793031,68,Th
383.811226,100,Th
383.838244,110,Th
383.843148,120,Th
383.888267,32,Th
383.896368,8600,Th
383.932800,1,Ar
383.994041,32,Th
384.005646,16,Th
384.051203,130,Th
384.074577,1200,Th
384.078424,16000,Th
384.083533,2800,Th
384.098889,130,Th
384.151880,340,Th
384.170324,100,Th
384.188973,1800,Th
384.200891,120,Th
384.244828,66,Th
384.260804,18,Ar
384.304979,2000,Th
384.364023,180,Th
384.383311,230,Th
384.389416,180,Th
384.398664,1500,Th
384.401341,410,Th
384.411022,380,Th
384.459915,160,Th
384.565261,6,Ar
384.582133,5,Ar
384.602358,280,Th
384.618316,290,Th
384.631801,160,Th
384.639339,90,Th
384.649573,32,Ar
384.662744,230,Th
384.711457,38,Th
384.733967,260,Th
384.771726,300,Th
384.784503,200,Th
384.792309,130,Th
384.794139,290,Th
384.797862,1500,Th
384.871073,270,Th
384.972099,71,Th
384.991848,32,Th
385.014938,84,Th
385.027466,980,Th
385.063532,16,Th
385.100287,350,Th
385.114895,50,Th
385.118847,32,Th
385.122570,330,Th
385.137420,230,Th
385.137484,230,Th
385.167280,263,Ar
385.186218,32,Th
385.216692,260,Th
385.225052,480,Th
385.322757,3500,Th
385.405139,160,Th
385.417979,32,Th
385.453224,16,Th
385.488020,120,Th
385.492025,250,Th
385.507950,72,Th
385.522113,80,Th
385.541534,79,Th
385.560377,2200,Th
385.596991,170,Th
385.601294,47,Th
385.615857,110,Th
385.625352,6,Ar
385.715280,31,Th
385.720555,77,Th
385.723095,6,Ar
385.728155,86,Th
385.731733,110,Th
385.744787,810,Th
385.761074,350,Th
385.771725,500,Th
385.784828,87,Th
385.844177,160,Th
385.860258,310,Th
385.938650,8,Ar
385.945274,190,Th
386.002449,110,Th
386.038343,48,Th
386.084180,150,Th
386.093385,1800,Th
386.102760,190,Th
386.214628,490,Th
386.244260,3,Ar
386.244687,190,Th
386.259696,320,Th
386.263563,200,Th
386.267062,330,Th
386.314682,290,Th
386.349169,360,Th
386.351607,830,Th
386.365246,78,Th
386.369023,73,Th
386.375335,390,Th
386.379809,150,Th
386.429948,78,Th
386.450095,2600,Th
386.468744,62,Th
386.521528,31,Th
386.545894,78,Th
386.586120,120,Th
386.593326,220,Th
386.606520,130,Th
386.609137,46,Th
386.716407,240,Th
386.747310,240,Th
386.772959,46,Th
386.775315,15,Th
386.786861,71,Th
386.797178,230,Th
386.800534,790,Th
386.816467,82,Th
386.829519,15,Th
386.867496,180,Th
386.879340,15,Th
386.894664,150,Th
386.898152,30,Th
386.907164,92,Th
386.913781,250,Th
386.926080,15,Th
386.935137,260,Th
386.962488,166,Ar
387.071659,2,Ar
387.076015,2400,Th
387.106806,150,Th
387.185977,180,Th
387.198920,180,Th
387.202124,77,Th
387.217352,53,Th
387.224003,46,Th
387.234296,77,Th
387.255357,170,Th
387.271474,450,Th
387.287709,15,Th
387.302379,46,Th
387.323464,11,Ar
387.345698,220,Th
387.360211,220,Th
387.376875,420,Th
387.381991,1600,Th
387.395958,83,Th
387.424554,1800,Th
387.451856,340,Th
387.457184,4000,Th
387.492023,12000,Th
387.508092,76,Th
387.530940,4,Ar
387.534184,4400,Th
387.596010,10000,Th
387.607652,620,Th
387.625646,730,Th
387.636249,78,Ar
387.647131,4100,Th
387.661748,62,Th
387.674453,1000,Th
387.705978,100,Th
387.760909,30,Th
387.804322,15,Th
387.833895,76,Th
387.856171,640,Th
387.865559,140,Th
387.870792,370,Th
387.905338,88,Th
387.914375,310,Th
387.925941,71,Th
387.967598,680,Th
387.976111,750,Th
388.036804,600,Th
388.054469,240,Th
388.074355,4000,Th
388.089758,210,Th
388.129429,430,Th
388.142216,250,Th
388.143264,15,Ar
388.150483,120,Th
388.259834,190,Th
388.324301,230,Th
388.331390,14,Th
388.342445,130,Th
388.463669,71,Th
388.486879,99,Th
388.542016,28,Th
388.562491,260,Th
388.592579,7000,Th
388.605108,79,Th
388.608718,62,Th
388.616797,220,Th
388.616878,220,Th
388.625254,130,Th
388.632580,180,Th
388.650552,110,Th
388.674094,110,Th
388.686896,290,Th
388.710571,280,Th
388.716571,190,Th
388.735745,330,Th
388.801729,5600,Th
388.812089,1300,Th
388.832447,99,Th
388.853535,41,Th
388.915481,27,Th
388.956332,41,Th
388.977490,700,Th
389.053574,37,Th
389.064442,180,Th
389.071136,140,Th
389.081786,250,Th
389.100791,160,Th
389.116164,13,Th
389.145522,55,Th
389.191958,210,Th
389.208360,140,Th
389.215665,180,Th
389.230723,180,Th
389.250387,14,Ar
389.262333,160,Th
389.275839,180,Th
389.282857,460,Th
389.308148,50,Ar
389.341102,260,Th
389.353609,55,Th
389.381166,130,Th
389.413066,82,Th
389.421628,140,Th
389.444642,190,Th
389.452568,95,Th
389.475495,470,Th
389.492055,82,Th
389.551309,100,Th
389.570233,20,Th
389.600389,86,Th
389.635311,5,Ar
389.652266,7000,Th
389.696344,14,Th
389.709030,14,Th
389.727160,79,Th
389.855931,14,Th
389.871748,62,Th
389.888276,100,Th
389.916595,14,Th
389.929044,97,Th
389.954177,1900,Th
389.959266,56,Th
389.961414,470,Th
389.989878,760,Th
390.013627,210,Th
390.042310,14,Th
390.077873,28,Th
390.114144,160,Th
390.123690,150,Th
390.156671,100,Th
390.168159,1200,Th
390.173140,8,Ar
390.198334,2100,Th
390.225744,250,Th
390.276719,860,Th
390.306212,50,Th
390.322381,93,Th
390.327611,260,Th
390.358037,110,Th
390.383690,41,Th
390.389356,110,Th
390.420788,3000,Th
390.442159,490,Th
390.458720,290,Th
390.487010,27,Th
390.518848,720,Th
390.530679,140,Th
390.629253,720,Th
390.646273,180,Th
390.691641,32,Th
390.713952,41,Th
390.793474,41,Th
390.826678,210,Th
390.844191,140,Th
390.846084,4,Th
390.864983,230,Th
390.892000,7,Ar
390.901323,74,Th
390.911961,180,Th
390.959525,41,Th
390.985639,400,Th
391.008637,360,Th
391.024602,600,Th
391.109871,240,Th
391.135600,120,Th
391.162856,130,Th
391.172958,120,Th
391.188114,280,Th
391.208477,260,Th
391.247091,36,Th
391.263056,76,Th
391.268377,6,Ar
391.301681,2100,Th
391.306008,890,Th
391.331873,79,Th
391.338880,450,Th
391.359257,86,Th
391.384642,180,Th
391.411348,430,Th
391.419013,500,Th
391.430120,13,Th
391.441039,180,Th
391.475300,210,Th
391.493205,370,Th
391.497316,170,Th
391.526745,490,Th
391.539901,87,Th
391.557950,81,Th
391.564219,280,Th
391.587568,25,Ar
391.627867,12,Th
391.640382,200,Th
391.663760,1,Ar
391.695740,260,Th
391.752659,4200,Th
391.770664,170,Th
391.783353,360,Th
391.790545,360,Th
391.837876,1100,Th
391.887642,5,Ar
391.911830,150,Th
391.917972,660,Th
391.939475,140,Th
391.960624,660,Th
392.004384,770,Th
392.013313,4600,Th
392.038536,260,Th
392.043546,82,Th
392.116808,230,Th
392.128424,13,Th
392.142240,290,Th
392.163046,68,Th
392.165982,120,Th
392.206355,50,Th
392.256423,160,Th
392.284147,33,Th
392.289013,99,Th
392.321143,110,Th
392.332946,160,Th
392.346866,2,Ar
392.350535,100,Th
392.364042,1,Ar
392.462096,220,Th
392.466600,1,Ar
392.491049,2500,Th
392.551208,11000,Th
392.573567,40,Th
392.609726,270,Th
392.620467,6800,Th
392.633044,1400,Th
392.670710,660,Th
392.683007,129,Ar
392.715711,13,Ar
392.781830,100,Th
392.797556,180,Th
392.828765,370,Th
392.853363,490,Th
392.891797,320,Th
392.935003,13,Th
392.941982,88,Th
392.973516,191,Ar
392.981046,76,Th
392.997688,540,Th
393.005280,80,Th
393.008022,190,Th
393.030660,26,Th
393.040271,770,Th
393.050615,270,Th
393.050743,270,Th
393.075832,520,Th
393.078176,9100,Th
393.095716,610,Th
393.136393,95,Th
393.177028,66,Th
393.219772,79,Th
393.234851,17,Ar
393.236950,340,Th
393.262116,37,Th
393.311754,200,Th
393.333936,420,Th
393.365974,91,Ar
393.402449,9200,Th
393.414801,230,Th
393.430044,2,Ar
393.435110,480,Th
393.446757,120,Th
393.468582,26,Th
393.517372,69,Th
393.528811,66,Th
393.557923,33,Th
393.635269,26,Th
393.639586,1,Ar
393.674535,200,Th
393.705231,170,Th
393.723568,13,Th
393.741670,53,Th
393.772045,980,Th
393.795306,13,Th
393.815483,590,Th
393.840210,71,Th
393.847940,46,Th
393.897535,79,Th
393.903843,560,Th
393.920811,100,Th
393.926706,200,Th
393.953738,120,Th
393.969352,65,Th
393.972921,720,Th
393.984233,170,Th
393.989535,320,Th
393.995886,1,Ar
394.007310,170,Th
394.043362,150,Th
394.065357,91,Th
394.090956,200,Th
394.148424,90,Th
394.154236,11,Th
394.182232,120,Th
394.195378,180,Th
394.225336,74,Th
394.234782,76,Th
394.247776,77,Th
394.279819,22,Th
394.284150,61,Th
394.307498,21,Th
394.315570,83,Th
394.318869,630,Th
394.347358,190,Th
394.374304,220,Th
394.375886,210,Th
394.378520,91,Th
394.381664,65,Th
394.397038,80,Th
394.402394,340,Th
394.437557,230,Th
394.451033,860,Th
394.457585,400,Th
394.472162,650,Th
394.480651,450,Th
394.536971,660,Th
394.538766,49,Ar
394.632394,120,Th
394.662388,1100,Th
394.693680,660,Th
394.721381,204,Ar
394.726219,1700,Th
394.750883,1900,Th
394.759922,570,Th
394.759938,570,Th
394.771227,25,Th
394.844787,2000,Th
394.862198,7,Ar
394.914774,15000,Th
394.925189,1100,Th
395.008141,1000,Th
395.009646,35,Ar
395.011750,93,Th
395.011764,93,Th
395.032501,52,Th
395.120397,13,Th
395.151311,42000,Th
395.182807,210,Th
395.192280,520,Th
395.222622,160,Th
395.263311,1000,Th
395.353924,53,Th
395.356723,39,Th
395.384745,16,Ar
395.387926,2100,Th
395.402229,26,Th
395.408588,160,Th
395.417534,8,Th
395.502113,26,Th
395.508853,26,Th
395.518768,150,Th
395.524967,110,Th
395.558291,130,Th
395.571300,13,Th
395.621970,65,Th
395.628917,1200,Th
395.637314,86,Th
395.659621,31,Th
395.700965,880,Th
395.712436,390,Th
395.722378,74,Th
395.760105,270,Th
395.771310,1000,Th
395.781023,2100,Th
395.817407,120,Th
395.817820,220,Th
395.827623,190,Th
395.859671,26,Th
395.874840,74,Th
395.885389,84,Th
395.891762,46,Th
395.913520,13,Th
395.949999,7,Ar
396.004802,120,Th
396.014653,72,Th
396.034091,120,Th
396.042017,2900,Th
396.113912,100,Th
396.138981,400,Th
396.145374,160,Th
396.148166,52,Th
396.161060,5,Ar
396.180379,21,Th
396.207853,26,Th
396.242470,110,Th
396.262254,26,Th
396.308622,52,Th
396.321971,99,Th
396.331735,230,Th
396.345576,170,Th
396.349088,160,Th
396.354042,1100,Th
396.359709,220,Th
396.404228,39,Th
396.434137,190,Th
396.459009,230,Th
396.515133,390,Th
396.545064,170,Th
396.557726,160,Th
396.586036,2600,Th
396.598641,130,Th
396.660426,73,Th
396.717893,34,Th
396.735302,200,Th
396.745536,130,Th
396.782950,39,Th
396.833436,660,Th
396.851453,6300,Th
396.868322,88,Th
396.873122,450,Th
396.948158,59,Ar
396.959857,9400,Th
396.960736,1300,Th
397.012543,1200,Th
397.041320,76,Th
397.045999,89,Th
397.065199,150,Th
397.068720,1000,Th
397.078756,550,Th
397.094920,40,Th
397.097891,66,Th
397.225956,130,Th
397.230140,23,Th
397.305058,68,Th
397.335630,170,Th
397.376308,1600,Th
397.418681,89,Th
397.431985,2900,Th
397.445679,670,Th
397.463533,54,Th
397.481270,180,Th
397.511619,12,Th
397.534871,150,Th
397.552173,140,Th
397.560059,50,Ar
397.588291,15,Ar
397.595343,460,Th
397.599747,12,Th
397.613840,11,Th
397.634647,120,Th
397.659195,150,Th
397.695582,160,Th
397.704676,70,Th
397.710213,45,Th
397.727704,110,Th
397.753941,660,Th
397.764607,58,Th
397.855959,34,Th
397.892084,38,Th
397.956334,120,Th
398.016390,2600,Th
398.016840,150,Th
398.048101,87,Ar
398.052723,170,Th
398.108208,390,Th
398.121511,1700,Th
398.127288,63,Th
398.170143,33,Th
398.188071,590,Th
398.223235,910,Th
398.266242,130,Th
398.295366,500,Th
398.295445,500,Th
398.322813,340,Th
398.336047,66,Th
398.373432,110,Th
398.402176,240,Th
398.413646,82,Th
398.491198,22,Th
398.494134,4,Th
398.522181,210,Th
398.550220,100,Th
398.574748,130,Th
398.600669,500,Th
398.619362,25,Th
398.646785,95,Th
398.653767,170,Th
398.658925,190,Th
398.686561,9,Th
398.694403,18,Th
398.734443,63,Th
398.773234,74,Th
398.819904,58,Th
398.833295,920,Th
398.834730,2400,Th
398.861189,120,Th
398.868196,120,Th
398.883390,180,Th
398.899449,140,Th
398.912409,370,Th
398.915356,550,Th
398.920805,22,Th
398.928513,12,Ar
398.955681,170,Th
398.964729,55,Th
398.972744,430,Th
398.997358,390,Th
399.008073,55,Th
399.069602,23,Th
399.108892,120,Th
399.112926,240,Th
399.114956,410,Th
399.120121,200,Th
399.124976,23,Th
399.162048,1900,Th
399.185661,310,Th
399.193753,320,Th
399.202029,420,Th
399.219433,120,Th
399.241642,32,Th
399.246757,99,Th
399.275192,660,Th
399.285945,1900,Th
399.317449,95,Th
399.318193,21,Ar
399.340155,280,Th
399.452084,220,Th
399.464342,120,Th
399.485156,110,Th
399.516478,10,Th
399.547015,120,Th
399.567879,3900,Th
399.592154,58,Ar
399.616108,72,Th
399.671600,8,Ar
399.683320,24,Th
399.708429,29,Th
399.719158,1100,Th
399.733266,640,Th
399.763850,75,Th
399.779920,390,Th
399.806063,150,Th
399.806264,150,Th
399.814687,320,Th
399.823926,130,Th
399.830373,110,Th
399.847727,82,Th
399.856966,31,Th
399.859931,210,Th
399.899578,710,Th
399.910899,180,Th
399.919149,350,Th
399.978704,160,Th
399.986377,500,Th
399.993027,110,Th
400.008322,890,Th
400.038269,4,Ar
400.107508,28,Th
400.115474,32,Th
400.117275,53,Th
400.141195,1400,Th
400.157643,180,Th
400.188011,64,Th
400.218914,3800,Th
400.226885,3,Ar
400.232980,60,Th
400.235914,22,Th
400.286519,220,Th
400.302465,1600,Th
400.312522,100,Th
400.323843,34,Th
400.350798,37,Th
400.423723,420,Th
400.444041,1200,Th
400.448135,21,Th
400.452104,19,Th
400.470576,710,Th
400.478756,60,Th
400.512684,8,Th
400.537110,16,Th
400.569121,41,Th
400.578392,22,Th
400.622497,3000,Th
400.643122,37,Th
400.649510,10,Ar
400.666089,270,Th
400.666226,270,Th
400.670596,250,Th
400.670673,250,Th
400.709381,420,Th
400.751343,440,Th
400.800794,11,Th
400.807650,35,Th
400.815157,940,Th
400.819473,120,Th
400.862872,16,Th
400.876124,2,Ar
400.934322,7800,Th
400.945066,210,Th
400.957836,21,Th
400.987888,22,Th
401.014423,1200,Th
401.016034,140,Th
401.019059,4400,Th
401.066941,17,Th
401.085780,580,Th
401.091621,220,Th
401.095286,690,Th
401.145650,11,Th
401.155957,17,Th
401.166709,37,Th
401.211989,22,Th
401.234312,12,Ar
401.244874,34,Th
401.249284,220,Th
401.272546,1600,Th
401.287367,2900,Th
401.290783,570,Th
401.332559,130,Th
401.362926,9500,Th
401.375008,54,Th
401.439398,27,Th
401.499069,145,Ar
401.560610,28,Th
401.564887,310,Th
401.585101,1700,Th
401.607481,11,Th
401.627877,22,Th
401.672519,20,Th
401.685434,15,Th
401.696233,59,Th
401.724813,120,Th
401.743554,39,Th
401.756696,10,Th
401.777760,200,Th
401.803401,21,Th
401.819800,440,Th
401.839336,110,Th
401.859431,17,Th
401.862352,94,Th
401.884514,21,Th
401.923455,1200,Th
401.925697,450,Th
401.949116,74,Th
401.964480,37,Th
401.990611,33,Th
402.006374,53,Th
402.014806,33,Th
402.026473,20000,Th
402.050600,83,Th
402.060289,98,Th
402.092361,300,Th
402.097910,7,Ar
402.099919,680,Th
402.123757,47,Th
402.131768,22,Th
402.149027,980,Th
402.159919,39,Th
402.174540,140,Th
402.205317,32,Th
402.214411,29,Th
402.228611,310,Th
402.288705,340,Th
402.305625,86,Th
402.307851,91,Th
402.320404,2400,Th
402.323256,1000,Th
402.386537,42,Th
402.447478,720,Th
402.467805,21,Th
402.472240,4,Ar
402.490360,10,Th
402.560608,96,Th
402.569251,38,Th
402.585130,31,Th
402.585276,31,Th
402.593967,1900,Th
402.614014,89,Th
402.675677,89,Th
402.675780,89,Th
402.679323,620,Th
402.689488,23,Th
402.708263,47,Th
402.718341,100,Th
402.727026,570,Th
402.729901,550,Th
402.777871,9,Th
402.809310,310,Th
402.814697,4300,Th
402.847980,160,Th
402.854979,31,Th
402.858357,24,Th
402.862120,33,Th
402.868450,170,Th
402.878969,110,Th
402.942816,64,Th
402.947237,230,Th
402.976628,32,Th
402.976786,32,Th
402.976835,32,Th
402.983733,79,Th
403.009845,51,Th
403.016367,43,Th
403.046060,67,Th
403.065798,130,Th
403.079599,890,Th
403.096415,1500,Th
403.121719,18,Th
403.135215,67,Th
403.143075,2100,Th
403.166367,17,Th
403.172764,30,Th
403.198125,15000,Th
403.221074,170,Th
403.223137,61,Th
403.236469,31,Th
403.247043,57,Th
403.251714,6,Ar
403.292041,31,Th
403.317438,21,Th
403.333764,24,Th
403.337814,22,Th
403.345441,35,Th
403.359246,1800,Th
403.361008,210,Th
403.373453,2300,Th
403.403086,18,Th
403.403390,18,Th
403.491529,1000,Th
403.494895,95,Ar
403.504662,2000,Th
403.529257,59,Th
403.538605,540,Th
403.550077,21,Th
403.591775,1,Ar
403.601723,200,Th
403.606184,290,Th
403.620800,16,Th
403.623190,34,Th
403.637981,31,Th
403.649202,110,Th
403.659995,50,Ar
403.687048,530,Th
403.697024,100,Th
403.707161,160,Th
403.718804,24000,Th
403.750086,260,Th
403.770560,2500,Th
403.826977,85,Th
403.857019,17,Th
403.870208,750,Th
403.880411,52,Th
403.913664,43,Th
403.936951,1000,Th
403.948868,21,Th
403.948935,21,Th
403.949340,540,Th
403.956934,85,Th
403.959721,240,Th
403.977724,25,Th
403.994491,18,Ar
404.004476,10,Th
404.016416,150,Th
404.041030,79,Th
404.053970,53,Th
404.057642,120,Th
404.100608,1300,Th
404.136333,33,Th
404.153450,190,Th
404.211524,98,Th
404.234527,970,Th
404.295375,22,Th
404.332299,3,Ar
404.341000,39,Th
404.403560,288,Ar
404.408607,21,Th
404.411865,65,Th
404.427238,630,Th
404.453697,6200,Th
404.499176,10,Th
404.556062,50,Ar
404.565630,150,Th
404.568199,41,Th
404.606944,510,Th
404.630422,40,Th
404.636940,330,Th
404.677030,200,Th
404.681904,8,Ar
404.696086,160,Th
404.699478,25,Th
404.739519,220,Th
404.796823,110,Th
404.820219,58,Th
404.862419,10,Ar
404.917515,62,Th
404.943105,1200,Th
404.957568,940,Th
404.993469,32,Th
405.067978,270,Th
405.088964,97,Th
405.096682,29,Th
405.108851,1800,Th
405.203128,2400,Th
405.226488,5,Ar
405.233809,130,Th
405.242284,20,Th
405.264342,430,Th
405.305673,28,Th
405.338378,70,Th
405.341010,90,Th
405.359200,79,Th
405.396671,34,Th
405.406537,178,Ar
405.458260,75,Th
405.462930,32,Th
405.467251,4100,Th
405.469228,1,Ar
405.482089,140,Th
405.498680,23,Th
405.522239,78,Th
405.532615,15,Th
405.544689,490,Th
405.553130,82,Th
405.555600,19,Th
405.590940,29,Th
405.636538,22,Th
405.637953,40,Th
405.705275,82,Th
405.715326,110,Th
405.754609,45,Th
405.778170,100,Th
405.786480,40,Th
405.817597,15,Th
405.827153,38,Th
405.847726,57,Th
405.862443,33,Th
405.882135,1,Ar
405.892312,31,Th
405.908698,250,Th
405.946498,26,Th
406.008321,56,Th
406.039920,4000,Th
406.091325,30,Th
406.096094,26,Th
406.099000,3,Ar
406.099281,71,Th
406.103599,66,Th
406.105332,23,Th
406.120806,75,Th
406.138210,20,Th
406.277229,160,Th
406.292173,37,Th
406.345077,83,Th
406.380562,15,Th
406.389900,36,Th
406.389994,36,Th
406.420335,27,Th
406.455446,4300,Th
406.464736,18,Th
406.483964,100,Th
406.490238,32,Th
406.547933,2000,Th
406.575803,42,Th
406.598661,15,Th
406.614170,64,Th
406.625909,3,Ar
406.640117,20,Th
406.669886,95,Th
406.676678,220,Th
406.683618,89,Th
406.703781,73,Th
406.715018,23,Th
406.731835,10,Th
406.758345,48,Th
406.797046,220,Th
406.811001,64,Th
406.859914,2300,Th
406.874175,34,Th
406.902456,52,Th
406.917299,24,Th
406.961927,100,Th
406.985437,44,Th
407.025892,99,Th
407.035041,3400,Th
407.045395,45,Th
407.056756,18,Th
407.061027,2200,Th
407.064151,50,Th
407.090978,110,Th
407.091044,110,Th
407.105208,22,Th
407.118961,190,Th
407.126497,72,Th
407.138742,1400,Th
407.182188,70,Th
407.190530,200,Th
407.193330,10,Ar
407.194044,37,Th
407.245183,11,Th
407.261688,56,Th
407.270335,110,Th
407.288072,580,Th
407.290091,2000,Th
407.315255,70,Th
407.315411,708,Ar
407.332941,23,Th
407.353422,178,Ar
407.405916,79,Th
407.415652,61,Th
407.485987,110,Th
407.500637,1100,Th
407.511197,79,Th
407.558783,52,Th
407.579243,53,Th
407.597404,28,Th
407.665350,3200,Th
407.673532,57,Th
407.676208,28,Th
407.686189,190,Th
407.705772,440,Th
407.777920,85,Ar
407.809403,47,Ar
407.877351,100,Th
407.923260,16,Th
407.937519,25,Th
407.945285,230,Th
407.967788,34,Th
408.002660,660,Th
408.028697,69,Th
408.041100,63,Th
408.042735,110,Th
408.058663,11,Th
408.072517,100,Ar
408.075412,40,Th
408.085198,210,Th
408.104991,31,Th
408.144631,77,Th
408.150990,1100,Th
408.162214,21,Th
408.174653,21,Th
408.178794,85,Ar
408.185421,40,Ar
408.185775,3700,Th
408.199192,64,Th
408.209193,58,Th
408.213368,17,Th
408.239376,79,Th
408.251985,2300,Th
408.274353,280,Th
408.298062,24,Th
408.300747,27,Th
408.340945,230,Th
408.346967,33,Th
408.353932,76,Ar
408.359697,98,Th
408.401817,100,Th
408.453713,36,Th
408.462135,2600,Th
408.462904,1,Ar
408.497907,51,Th
408.516308,10,Th
408.524225,120,Th
408.543010,18,Th
408.565051,15,Th
408.596874,23,Th
408.599053,16,Th
408.610576,87,Th
408.610998,110,Th
408.619528,3000,Th
408.640959,920,Th
408.658732,2600,Th
408.670923,41,Th
408.696885,49,Th
408.719926,57,Th
408.734797,42,Th
408.749339,32,Th
408.756601,93,Th
408.767399,7500,Th
408.809026,96,Th
408.831876,190,Th
408.843840,1500,Th
408.905774,25,Th
408.970354,25,Th
408.978241,230,Th
408.988057,1600,Th
409.004530,7,Ar
409.029215,2100,Th
409.041910,32,Th
409.119592,35,Th
409.125320,22,Th
409.152203,33,Th
409.174007,20,Th
409.196030,24,Th
409.218203,69,Th
409.249598,550,Th
409.250344,360,Th
409.268456,57,Th
409.274425,150,Th
409.289160,170,Th
409.314275,170,Th
409.347069,11,Th
409.349507,310,Th
409.440927,22,Th
409.448204,22,Th
409.454727,280,Th
409.471059,33,Th
409.482658,670,Th
409.564399,19,Th
409.571556,97,Th
409.580513,42,Th
409.590267,6100,Th
409.605608,380,Th
409.635302,99,Th
409.639302,59,Th
409.723189,1600,Th
409.735372,39,Th
409.748157,86,Th
409.748805,60,Th
409.808961,54,Th
409.829181,28,Ar
409.835861,12,Ar
409.847453,490,Th
409.849324,130,Th
409.884403,160,Th
409.890367,5700,Th
409.924791,21,Th
409.930800,4,Ar
409.955196,38,Th
409.956704,29,Th
409.968382,17,Th
409.985984,75,Th
409.988823,960,Th
410.008948,800,Th
410.037605,56,Th
410.061263,11,Ar
410.071051,550,Th
410.083838,120,Th
410.094170,16,Th
410.115064,170,Th
410.149841,15000,Th
410.195306,23,Th
410.197630,230,Th
410.200435,93,Th
410.207634,370,Th
410.239202,52,Th
410.248527,43,Th
410.345281,79,Th
410.361738,21,Th
410.377548,1600,Th
410.397768,210,Th
410.426685,22,Th
410.442061,71,Th
410.461862,110,Th
410.476890,19,Th
410.482330,35,Th
410.485160,240,Th
410.499035,158,Ar
410.506996,447,Ar
410.514753,29,Th
410.525962,24,Th
410.554030,560,Th
410.599685,720,Th
410.607119,28,Th
410.622148,120,Th
410.648859,640,Th
410.650825,360,Th
410.656308,27,Th
410.663416,75,Th
410.681092,83,Th
410.705312,170,Th
410.707375,420,Th
410.719366,120,Th
410.727916,52,Th
410.731442,170,Th
410.736987,120,Th
410.738457,64,Th
410.751093,57,Th
410.767943,19,Th
410.801441,23,Th
410.805046,20,Th
410.810804,34,Th
410.820951,920,Th
410.844538,630,Th
410.853107,140,Th
410.895236,100,Th
410.902047,730,Th
410.934357,38,Th
410.957910,4800,Th
411.048286,2200,Th
411.088535,56,Th
411.123398,38,Th
411.133291,29,Th
411.147536,12,Th
411.167427,150,Th
411.179497,550,Th
411.198593,1900,Th
411.202627,310,Th
411.213138,18,Th
411.229468,41,Th
411.258516,32,Th
411.261844,16,Th
411.277548,79,Th
411.313933,32,Th
411.326536,100,Th
411.336188,52,Th
411.347486,89,Th
411.364646,10,Th
411.382086,140,Th
411.386995,630,Th
411.391478,18000,Th
411.397535,513,Ar
411.425253,56,Th
411.471783,92,Th
411.491368,18,Th
411.503492,110,Th
411.522214,35,Th
411.530651,21,Th
411.564942,2,Ar
411.629646,20,Th
411.681332,52,Th
411.692010,3400,Th
411.725736,52,Th
411.747395,25,Th
411.753634,8,Ar
411.779018,170,Th
411.787508,4500,Th
411.885832,44,Th
411.896254,18,Th
411.900689,21,Th
411.938580,34,Th
411.948822,82,Th
411.965124,540,Th
411.975912,91,Th
412.014153,16,Th
412.054885,21,Th
412.117499,32,Th
412.152465,80,Th
412.157176,86,Th
412.246821,15,Th
412.291327,20,Th
412.301692,40,Th
412.383691,150,Th
412.386157,68,Th
412.412847,72,Th
412.443315,21,Th
412.456550,21,Th
412.469402,410,Th
412.476409,610,Th
412.488889,450,Th
412.511704,23,Th
412.520379,570,Th
412.522463,1,Ar
412.527377,37,Th
412.539663,23,Th
412.567634,55,Th
412.582922,78,Th
412.594215,110,Th
412.605320,42,Th
412.671656,19,Th
412.719209,57,Th
412.751361,81,Th
412.776999,10,Th
412.839200,4,Ar
412.844930,32,Th
412.850611,330,Th
412.857612,3400,Th
412.911338,19,Th
412.921425,490,Th
412.928606,41,Th
412.946270,32,Th
412.980448,18,Ar
413.007687,10,Th
413.023848,21,Th
413.067642,750,Th
413.084701,12,Ar
413.108267,22,Th
413.133152,57,Th
413.182992,27,Th
413.195329,42,Th
413.216725,5600,Th
413.237307,160,Th
413.259180,580,Th
413.269613,110,Th
413.282541,750,Th
413.287728,970,Th
413.288871,891,Ar
413.325073,21,Th
413.339708,31,Th
413.345437,21,Th
413.357130,27,Th
413.378641,470,Th
413.391887,2200,Th
413.415085,10,Th
413.442623,25,Th
413.446214,56,Th
413.456474,21,Th
413.476687,32,Th
413.512279,940,Th
413.520059,400,Th
413.523392,4100,Th
413.527918,950,Th
413.548962,590,Th
413.558099,10,Th
413.578039,42,Th
413.615688,21,Th
413.646512,32,Th
413.664619,900,Th
413.726762,21,Th
413.729786,100,Th
413.745207,840,Th
413.755494,340,Th
413.756562,470,Th
413.784395,15,Th
413.823411,21,Th
413.850002,15,Th
413.878120,21,Th
413.920755,700,Th
413.994539,85,Th
414.000944,91,Th
414.005740,150,Th
414.027559,23,Th
414.030447,45,Th
414.048059,31,Th
414.092390,10,Th
414.110302,18,Th
414.140258,1500,Th
414.155319,500,Th
414.239767,21,Th
414.280009,220,Th
414.288526,110,Th
414.303315,51,Th
414.311581,10,Th
414.349312,430,Th
414.364218,740,Th
414.368598,36,Th
414.386920,3500,Th
414.405983,21,Th
414.414090,43,Th
414.421389,66,Th
414.450679,71,Th
414.477332,35,Th
414.481748,960,Th
414.488310,36,Th
414.541290,5,Ar
414.550749,190,Th
414.562262,51,Th
414.574473,150,Th
414.621411,36,Th
414.646559,130,Th
414.682960,10,Th
414.700315,23,Th
414.702849,37,Th
414.724461,21,Th
414.742990,10,Th
414.783100,21,Th
414.813929,59,Th
414.855131,2,Ar
414.870909,310,Th
414.919551,22,Th
414.935124,930,Th
414.951610,150,Th
414.959611,21,Th
414.985355,51,Th
414.989677,450,Th
414.994284,29,Th
415.000123,210,Th
415.023300,3,Ar
415.087760,34,Th
415.115711,1500,Th
415.120463,290,Th
415.125920,1300,Th
415.153877,31,Th
415.165466,20,Th
415.177042,46,Th
415.231541,210,Th
415.262167,54,Th
415.320025,21,Th
415.330388,22,Th
415.332151,42,Th
415.338256,50,Th
415.373529,16,Th
415.408000,0.5,Ar
415.437787,41,Th
415.474560,120,Th
415.489300,15,Th
415.503655,32,Th
415.546300,13,Th
415.554936,50,Th
415.567070,21,Th
415.589177,670,Th
415.608018,15,Th
415.618298,33,Th
415.664814,10,Th
415.715903,50,Th
415.725723,60,Ar
415.740995,430,Th
415.764893,130,Th
415.768837,1300,Th
415.815874,10,Th
415.845248,1100,Th
415.853138,190,Th
415.856784,610,Th
415.970757,2400,Th
415.976318,400,Ar
416.032625,280,Th
416.058227,75,Th
416.083251,360,Th
416.093892,120,Th
416.144541,16,Th
416.251735,14,Th
416.276310,52,Th
416.291200,670,Th
416.305711,34,Th
416.320471,34,Th
416.362960,79,Th
416.368236,1600,Th
416.385258,300,Th
416.395637,340,Th
416.410165,31,Th
416.435441,43,Th
416.482072,690,Th
416.491017,180,Th
416.500290,84,Th
416.512164,230,Th
416.535347,50,Ar
416.542887,440,Th
416.562914,72,Th
416.570626,100,Th
416.586478,27,Th
416.614749,210,Th
416.624822,120,Th
416.667129,39,Th
416.694043,5500,Th
416.754827,27,Th
416.766692,17,Th
416.808198,21,Th
416.829439,54,Th
416.844848,20,Th
416.903989,240,Th
416.922125,340,Th
416.963022,190,Th
416.980915,740,Th
417.014298,6,Ar
417.026020,100,Th
417.027989,15,Th
417.038811,110,Th
417.093143,56,Th
417.100546,190,Th
417.164195,530,Th
417.170874,7300,Th
417.196141,190,Th
417.251671,250,Th
417.315092,54,Th
417.322963,46,Th
417.338016,16,Th
417.391723,16,Th
417.448242,26,Th
417.462333,420,Th
417.469926,44,Th
417.473433,37,Th
417.481200,2,Ar
417.481637,26,Th
417.489718,170,Th
417.513750,11,Th
417.524000,27,Th
417.579820,18,Th
417.650051,45,Th
417.665550,11,Th
417.737150,29,Th
417.751266,60,Th
417.765881,81,Th
417.807471,22,Th
417.828799,27,Th
417.834213,230,Th
417.846071,66,Th
417.869736,22,Th
417.896012,28,Th
417.898148,15,Th
417.923724,2400,Th
417.942871,130,Th
417.954297,13,Ar
417.980383,16,Th
418.002568,970,Th
418.039788,1500,Th
418.047495,50,Ar
418.049193,750,Th
418.079570,1300,Th
418.084427,140,Th
418.089291,2400,Th
418.094215,190,Th
418.098661,28,Th
418.103935,20,Th
418.113807,900,Th
418.136828,79,Th
418.150532,250,Th
418.173933,28,Th
418.189914,180,Th
418.213625,65,Th
418.221783,22,Th
418.222070,17,Th
418.225933,23,Th
418.234322,85,Th
418.247923,31,Th
418.252917,26,Th
418.253156,26,Th
418.269525,14,Th
418.306213,50,Ar
418.326123,170,Th
418.333573,210,Th
418.388941,52,Th
418.411303,260,Th
418.414500,18,Ar
418.459360,11,Th
418.474349,150,Th
418.476980,4,Ar
418.512597,15,Th
418.531660,590,Th
418.546143,45,Th
418.578379,370,Th
418.589044,100,Th
418.608572,73,Th
418.621729,35,Th
418.632402,370,Th
418.647796,130,Th
418.664871,290,Th
418.832098,350,Th
418.849403,17,Th
418.868996,6,Th
418.907991,16,Th
418.928548,16,Th
418.936855,22,Th
418.975875,24,Th
418.984272,70,Th
418.987068,56,Th
419.074233,210,Th
419.081629,76,Th
419.083163,16,Ar
419.105832,45,Th
419.174288,25,Th
419.180170,250,Th
419.189385,100,Ar
419.199428,85,Th
419.220866,30,Th
419.221031,50,Ar
419.232732,170,Th
419.300801,170,Th
419.317741,11,Th
419.354319,840,Th
419.405400,20,Th
419.419779,2900,Th
419.438136,17,Th
419.469941,170,Th
419.526439,43,Th
419.611801,2300,Th
419.640826,19,Th
419.673995,150,Th
419.701443,240,Th
419.713248,110,Th
419.801095,20,Th
419.803061,32,Th
419.819714,13,Th
419.849899,20,Th
419.889302,29,Th
419.893406,29,Th
419.912198,21,Th
419.948337,50,Th
419.950020,200,Ar
419.994500,3,Ar
420.000000,3,Ar
420.005812,130,Th
420.011861,150,Th
420.019776,82,Th
420.035721,30,Th
420.081451,310,Th
420.093220,33,Th
420.107230,9,Ar
420.119829,13,Th
420.133040,13,Th
420.185824,400,Ar
420.186836,13,Th
420.218937,10,Th
420.250998,59,Th
420.273803,10,Ar
420.278472,140,Th
420.279207,85,Th
420.286464,58,Th
420.303045,610,Th
420.315506,59,Ar
420.344785,220,Th
420.423338,110,Th
420.427012,77,Th
420.459499,18,Ar
420.462295,43,Th
420.476027,270,Th
420.495780,17,Th
420.506833,320,Th
420.522569,870,Th
420.611690,18,Th
420.631252,150,Th
420.672245,58,Th
420.697418,27,Th
420.724123,78,Th
420.784143,83,Th
420.836067,130,Th
420.879738,130,Th
420.910725,10,Th
420.959619,740,Th
420.985160,38,Th
420.993409,460,Th
420.997032,120,Th
421.005022,910,Th
421.007623,3200,Th
421.011414,210,Th
421.038208,430,Th
421.111144,76,Th
421.113171,1,Ar
421.115858,1100,Th
421.127460,400,Th
421.159100,10,Th
421.164152,370,Th
421.178591,12,Th
421.195094,3600,Th
421.210924,16000,Th
421.214502,1,Ar
421.270161,76,Th
421.306998,40,Th
421.363890,20,Th
421.384022,31,Th
421.411106,69,Th
421.425391,2100,Th
421.450286,120,Th
421.456474,630,Th
421.498005,12,Th
421.518226,39,Th
421.526287,10,Th
421.541913,10,Th
421.572461,30,Th
421.581319,19,Th
421.593656,130,Th
421.601558,1800,Th
421.604900,2,Ar
421.639859,21,Th
421.657070,18,Th
421.681457,190,Th
421.703958,180,Th
421.722171,37,Th
421.725730,720,Th
421.739471,150,Th
421.755977,600,Th
421.773201,21,Th
421.837361,270,Th
421.841306,290,Th
421.861853,27,Ar
421.894716,25,Th
421.937378,110,Th
421.941527,25,Th
421.960456,54,Th
421.973009,260,Th
421.982907,20,Th
421.985304,59,Ar
422.001201,10,Th
422.057246,38,Th
422.060549,20,Th
422.076010,160,Th
422.086913,16,Th
422.125359,940,Th
422.175985,18,Th
422.192117,450,Th
422.204016,41,Th
422.234161,220,Th
422.255089,15,Th
422.288113,190,Th
422.334170,41,Th
422.337428,20,Th
422.362895,67,Th
422.377110,30,Th
422.382630,76,Ar
422.394125,31,Th
422.462985,1000,Th
422.475449,150,Th
422.478286,720,Th
422.516501,48,Th
422.533208,20,Th
422.543101,440,Th
422.567807,17,Th
422.580479,120,Th
422.606120,17,Th
422.628492,17,Th
422.667934,70,Th
422.699100,49,Th
422.723604,51,Th
422.748953,510,Th
422.779879,16,Ar
422.791582,42000,Th
422.796741,440,Th
422.817788,89,Ar
422.847888,63,Th
422.857766,1900,Th
422.865459,24,Th
422.884446,27,Th
422.886481,31,Th
422.934848,331,Ar
422.960701,290,Th
422.964627,16,Th
422.986310,130,Th
422.989200,120,Th
422.995139,320,Th
422.998100,52,Th
423.017961,40,Th
423.033872,2600,Th
423.064575,370,Th
423.105549,100,Th
423.105991,26,Ar
423.115951,59,Th
423.142044,82,Th
423.148976,38,Th
423.157350,31,Th
423.161793,2000,Th
423.201544,400,Th
423.215110,29,Th
423.227187,32,Th
423.232939,19,Th
423.236602,29,Th
423.280867,46,Th
423.294141,150,Th
423.298474,19,Th
423.317296,29,Th
423.367083,5,Th
423.371489,29,Th
423.374032,21,Th
423.447945,150,Th
423.470278,19,Th
423.491823,27,Th
423.509822,84,Th
423.527400,9,Th
423.542265,100,Th
423.549502,47,Th
423.557068,29,Th
423.617523,150,Th
423.617695,150,Th
423.628512,270,Th
423.639000,25,Th
423.642807,110,Th
423.665611,12000,Th
423.704499,10,Th
423.724405,300,Th
423.757856,80,Th
423.758344,85,Th
423.770112,17,Th
423.810748,20,Th
423.830494,36,Th
423.837480,130,Th
423.841268,269,Ar
423.872751,33,Th
423.884880,10,Th
423.888093,20,Th
423.957163,72,Th
423.973281,22,Th
424.007786,9,Th
424.017280,30,Th
424.022309,19,Th
424.046728,29,Th
424.087184,49,Th
424.098556,87,Th
424.163607,24,Th
424.178879,290,Th
424.187596,39,Th
424.228886,590,Th
424.289468,62,Th
424.306270,19,Th
424.316676,130,Th
424.353349,36,Th
424.391430,130,Th
424.421378,170,Th
424.445579,360,Th
424.456934,19,Th
424.483904,2,Ar
424.487150,9,Th
424.511896,190,Th
424.521543,62,Th
424.587610,17,Th
424.601870,11,Th
424.664129,99,Th
424.665698,58,Th
424.675289,190,Th
424.716194,17,Th
424.751719,80,Th
424.755956,29,Th
424.788169,19,Th
424.798934,43,Th
424.801315,16,Th
424.848442,61,Th
424.854742,63,Th
424.854750,63,Th
424.879466,440,Th
424.888196,28,Th
424.897137,55,Th
424.905520,270,Th
424.918511,690,Th
424.937645,24,Th
424.946765,23,Th
424.958682,870,Th
424.971453,220,Th
425.067255,250,Th
425.087550,220,Th
425.116559,29,Th
425.120991,9,Th
425.151104,13000,Th
425.153869,1300,Th
425.197144,640,Th
425.203590,85,Th
425.227455,65,Th
425.238170,25,Ar
425.248421,210,Th
425.261887,52,Th
425.272405,12,Th
425.278998,11,Th
425.297781,9,Th
425.315650,9,Th
425.407049,9,Th
425.421077,9,Th
425.443652,19,Th
425.445824,29,Th
425.455585,30,Th
425.458657,50,Th
425.473586,1900,Th
425.494436,17,Th
425.506475,140,Th
425.517361,19,Th
425.521538,26,Th
425.536670,9,Th
425.557563,110,Th
425.565075,110,Th
425.583722,17,Th
425.593475,9,Th
425.643440,800,Th
425.657883,20,Th
425.657996,20,Th
425.680062,8,Ar
425.695009,190,Th
425.696448,130,Th
425.699511,660,Th
425.723558,29,Th
425.729396,420,Th
425.745174,2800,Th
425.786700,1,Ar
425.865453,50,Th
425.869457,11000,Th
425.943104,56,Th
425.966526,28,Th
425.971908,1800,Th
426.002700,19,Th
426.019403,110,Th
426.056070,200,Ar
426.069293,460,Th
426.091979,33,Th
426.105601,28,Th
426.133634,72,Th
426.148603,130,Th
426.153213,1500,Th
426.159936,29,Th
426.200201,110,Th
426.213382,38,Th
426.218378,430,Th
426.247476,190,Th
426.269194,190,Th
426.365450,30,Th
426.381215,660,Th
426.393888,29,Th
426.442142,54,Th
426.455604,350,Th
426.493801,21,Th
426.497139,19,Th
426.530673,98,Th
426.554022,290,Th
426.557778,47,Th
426.609602,16,Th
426.614568,22,Th
426.623580,15,Th
426.659634,18,Th
426.669037,53,Th
426.686350,9,Th
426.748740,100,Ar
426.764898,41,Th
426.772743,288,Ar
426.802508,9,Th
426.869916,3,Ar
426.872024,130,Th
426.891873,21,Th
426.893735,3,Ar
426.980450,31,Th
427.026537,200,Th
427.047898,14,Th
427.114429,980,Th
427.153089,170,Th
427.193641,210,Th
427.211734,9,Th
427.228400,61,Th
427.230685,180,Th
427.244290,27,Th
427.246789,25,Th
427.264175,310,Th
427.275196,20,Th
427.311901,27,Th
427.323575,32,Th
427.328348,280,Th
427.333074,300,Th
427.335695,90,Th
427.337120,150,Ar
427.345632,55,Th
427.350548,1800,Th
427.407688,1800,Th
427.456002,2200,Th
427.511291,37,Th
427.522752,380,Th
427.542377,88,Th
427.552282,110,Th
427.555812,210,Th
427.601997,170,Th
427.636267,35,Ar
427.640735,18,Th
427.644378,18,Th
427.656560,21,Th
427.664113,27,Th
427.677144,48,Th
427.682030,8,Th
427.776185,27,Th
427.801067,970,Th
427.811450,22,Th
427.816907,220,Th
427.816937,220,Th
427.819140,27,Th
427.824441,110,Th
427.836268,72,Th
427.851750,6000,Th
427.873157,1995,Ar
427.920332,61,Th
427.930731,9,Th
427.952710,2400,Th
427.971480,16,Th
428.010732,23,Th
428.026702,160,Th
428.048580,54,Th
428.070002,18,Th
428.084235,81,Th
428.142650,24,Th
428.145985,20,Th
428.152599,38,Th
428.177245,1700,Th
428.208448,27,Th
428.213439,43,Th
428.227240,1200,Th
428.261920,770,Th
428.276380,10,Th
428.296193,18,Th
428.308081,270,Th
428.324614,4500,Th
428.329378,1200,Th
428.336955,26,Th
428.357295,45,Th
428.410232,68,Ar
428.418368,80,Th
428.427730,220,Th
428.431004,790,Th
428.472359,680,Th
428.500331,20,Th
428.509900,11,Th
428.538787,26,Th
428.542036,17,Th
428.563609,26,Th
428.571841,19,Th
428.613341,16,Th
428.618056,210,Th
428.638785,110,Th
428.660565,41,Th
428.666053,23,Th
428.696339,12,Th
428.714471,140,Th
428.738840,80,Th
428.743441,770,Th
428.756270,6,Ar
428.790642,38,Th
428.828709,460,Th
428.889142,18,Th
428.915977,170,Th
428.925344,150,Th
428.931285,89,Th
428.967605,580,Th
428.972594,50,Th
428.987545,1400,Th
429.041167,26,Th
429.062305,50,Th
429.075464,17,Th
429.086191,620,Th
429.123338,20,Th
429.149101,36,Th
429.160068,390,Th
429.203020,8,Th
429.216137,43,Th
429.220620,15,Th
429.259253,40,Th
429.284055,120,Th
429.294146,38,Th
429.301729,1800,Th
429.351329,170,Th
429.372394,58,Th
429.429933,8,Th
429.436907,21,Th
429.442573,8,Th
429.501270,47,Th
429.523399,63,Th
429.592743,490,Th
429.596982,160,Th
429.624445,110,Th
429.633613,94,Th
429.644502,99,Th
429.679336,510,Th
429.702396,210,Th
429.710463,8,Th
429.756890,29,Th
429.778450,17,Th
429.851542,2000,Th
429.858061,85,Th
429.914826,330,Th
429.917350,15,Ar
429.933142,130,Th
429.939729,49,Th
429.948500,8,Th
429.977420,36,Th
430.003690,100,Th
430.007951,19,Th
430.010213,67,Th
430.064728,26,Th
430.082346,100,Th
430.084467,830,Th
430.104882,2200,Th
430.121667,66,Th
430.131060,100,Ar
430.134829,17,Th
430.157508,12,Th
430.166410,2,Ar
430.185910,85,Ar
430.191366,17,Th
430.200628,45,Th
430.218370,16,Th
430.249614,15,Th
430.332408,17,Th
430.343122,39,Th
430.414900,7,Th
430.430368,110,Th
430.444144,33,Th
430.459738,140,Th
430.501428,23,Th
430.519979,320,Th
430.528233,17,Th
430.550250,37,Th
430.562850,250,Th
430.601369,55,Th
430.607908,62,Th
430.616732,500,Th
430.654141,21,Th
430.670778,24,Th
430.736982,9,Th
430.751386,78,Th
430.757745,440,Th
430.758339,1800,Th
430.838757,3800,Th
430.917030,16,Th
430.933366,1700,Th
430.947040,46,Th
430.955007,22,Th
430.976645,200,Th
430.981205,630,Th
431.000057,8,Th
431.030512,93,Ar
431.040486,24,Th
431.043173,8,Th
431.045062,120,Ar
431.076389,110,Th
431.109909,1200,Th
431.120477,1100,Th
431.131311,32,Th
431.131402,32,Th
431.139458,49,Th
431.176613,8,Th
431.186169,17,Th
431.217107,90,Th
431.227634,300,Th
431.234614,38,Th
431.244824,53,Th
431.253433,44,Th
431.278800,550,Th
431.283965,320,Th
431.301230,1400,Th
431.337374,26,Th
431.419730,6100,Th
431.421104,9700,Th
431.452157,220,Th
431.455616,8,Th
431.462618,72,Th
431.472513,13,Th
431.481564,190,Th
431.499170,100,Th
431.507050,35,Th
431.522428,120,Th
431.526639,75,Th
431.537869,67,Th
431.548904,40,Th
431.553286,940,Th
431.570983,23,Th
431.601913,35,Th
431.626440,130,Th
431.646786,4300,Th
431.668625,54,Th
431.679646,16,Th
431.692323,51,Th
431.716237,84,Th
431.732326,370,Th
431.743373,34,Th
431.758621,91,Th
431.844076,19,Th
431.875548,48,Th
431.888636,17,Th
431.897252,17,Th
431.905434,120,Th
431.950798,190,Th
431.963025,1800,Th
431.974000,62,Th
432.017818,17,Th
432.031197,120,Th
432.040944,43,Th
432.102222,55,Th
432.134127,1400,Th
432.166628,73,Th
432.177044,320,Th
432.180870,310,Th
432.187552,23,Th
432.195383,260,Th
432.219405,99,Th
432.223360,64,Th
432.243981,15,Th
432.264826,81,Th
432.294160,54,Th
432.321524,26,Th
432.339688,12,Th
432.359631,17,Th
432.395382,34,Th
432.425928,13,Th
432.437942,8,Th
432.485126,44,Th
432.548332,27,Th
432.566467,34,Th
432.611572,78,Th
432.617422,15,Th
432.640475,17,Th
432.649036,930,Th
432.687801,17,Th
432.707627,300,Th
432.713036,17,Th
432.739570,25,Th
432.756065,16,Th
432.779670,10,Th
432.819367,31,Th
432.819491,31,Th
432.825187,280,Th
432.830990,180,Th
432.835110,320,Th
432.844816,250,Th
432.855328,3,Ar
432.866615,19,Th
432.876253,16,Th
432.893140,380,Th
432.919870,37,Th
432.927016,16,Th
432.944770,14,Th
432.950404,13,Th
432.965663,12,Th
432.990527,110,Th
433.013251,3400,Th
433.031856,82,Th
433.065570,8,Ar
433.070857,280,Th
433.112240,10,Th
433.142922,210,Th
433.156865,16,Th
433.162955,360,Th
433.178349,33,Th
433.206151,2100,Th
433.239947,15,Th
433.241698,603,Ar
433.251797,16,Th
433.254176,57,Th
433.256267,640,Th
433.280149,30,Th
433.314271,160,Th
433.324757,162,Ar
433.355758,430,Th
433.450208,63,Th
433.477249,55,Th
433.477970,100,Ar
433.486952,83,Th
433.515522,90,Th
433.547640,40,Th
433.553774,40,Th
433.597209,12,Th
433.653169,79,Th
433.655670,50,Ar
433.656762,130,Th
433.689733,290,Th
433.692781,310,Th
433.695213,750,Th
433.702156,240,Th
433.721223,22,Th
433.767985,65,Th
433.771681,31,Th
433.820563,160,Th
433.828983,54,Ar
433.849668,5700,Th
433.860225,220,Th
433.863160,29,Th
433.885817,43,Th
433.908384,16,Th
433.918910,15,Th
433.932732,1100,Th
433.945046,6,Ar
433.960429,31,Th
434.023385,22,Th
434.029276,12,Th
434.059633,65,Th
434.067112,56,Th
434.086520,31,Th
434.100448,29,Th
434.109165,280,Th
434.114574,28,Th
434.211570,1500,Th
434.224425,88,Th
434.321486,7,Th
434.326826,80,Th
434.347559,210,Th
434.349316,67,Th
434.366487,3800,Th
434.389637,140,Th
434.419543,50,Th
434.445627,79,Th
434.460267,270,Th
434.482411,120,Th
434.489570,18,Th
434.517262,720,Th
434.554779,1600,Th
434.586805,40,Th
434.620121,24,Th
434.627996,33,Th
434.638940,25,Ar
434.640906,78,Th
434.685693,250,Th
434.692403,140,Th
434.707317,590,Th
434.711749,9,Ar
434.748689,15,Th
434.763419,520,Th
434.765848,2100,Th
434.831700,8,Th
434.841479,64,Th
434.846823,83,Th
434.865430,8,Th
434.886064,160,Th
434.928580,1995,Ar
434.946293,40,Th
434.953886,27,Th
434.962900,12,Th
434.972180,16,Th
434.982063,670,Th
434.986962,27,Th
434.993957,24,Th
435.005378,12,Th
435.017100,32,Th
435.029465,2700,Th
435.056871,55,Th
435.085192,74,Th
435.131198,17,Th
435.149452,300,Th
435.179672,32,Th
435.195580,15,Th
435.205199,32,Th
435.224134,68,Th
435.229609,24,Th
435.234462,24,Th
435.249502,190,Th
435.252701,16,Th
435.268735,150,Th
435.272697,62,Th
435.274751,42,Th
435.340979,18,Th
435.342808,200,Ar
435.383557,680,Th
435.390349,150,Th
435.404365,110,Th
435.453768,110,Th
435.462447,200,Th
435.467226,2700,Th
435.491939,41,Th
435.570640,640,Th
435.588767,19,Th
435.623667,25,Th
435.630622,19,Th
435.654471,380,Th
435.713755,16,Th
435.726879,300,Th
435.777280,17,Th
435.806115,11,Th
435.829987,33,Th
435.883800,420,Th
435.899637,21,Th
435.920060,35,Th
435.930438,64,Th
435.954499,1200,Th
435.971625,3,Ar
435.975922,28,Th
435.978013,87,Th
435.989360,15,Th
436.004359,22,Th
436.035377,17,Th
436.050290,31,Th
436.059711,1500,Th
436.063071,24,Th
436.078423,52,Th
436.103010,8,Th
436.106238,19,Th
436.139264,380,Th
436.159610,11,Th
436.190792,16,Th
436.194348,150,Th
436.205878,11,Th
436.221547,19,Th
436.242835,15,Th
436.253403,230,Th
436.257353,15,Th
436.302027,48,Th
436.329197,78,Ar
436.358817,19,Th
436.369808,270,Th
436.394776,49,Th
436.465966,45,Th
436.472623,29,Th
436.526648,110,Th
436.541905,17,Th
436.568953,47,Th
436.573508,69,Th
436.616335,12,Th
436.624660,89,Th
436.653004,14,Th
436.670140,33,Th
436.715697,3800,Th
436.735256,95,Th
436.803579,23,Th
436.834230,11,Th
436.841916,29,Th
436.851344,330,Th
436.864539,420,Th
436.905888,129,Ar
436.949787,6,Th
436.954001,8,Th
436.958192,22,Th
436.993343,17,Th
437.022422,52,Th
437.029535,44,Th
437.051353,410,Th
437.054579,180,Th
437.063618,39,Th
437.072264,620,Th
437.078493,120,Th
437.083218,160,Th
437.110364,2300,Th
437.124041,16,Th
437.129812,18,Th
437.148872,30,Th
437.198119,617,Ar
437.199797,36,Th
437.221060,47,Th
437.236814,150,Th
437.255693,355,Ar
437.258595,53,Th
437.299737,36,Th
437.330132,3,Th
437.332510,160,Th
437.371833,10,Ar
437.387843,38,Th
437.404115,18,Th
437.426787,430,Th
437.437205,100,Th
437.443693,78,Th
437.470370,13,Th
437.510951,40,Th
437.513244,320,Th
437.524079,900,Th
437.535290,10000,Th
437.594071,74,Th
437.601434,1400,Th
437.608710,30,Ar
437.610950,110,Th
437.626173,56,Th
437.631840,91,Th
437.663250,20,Th
437.681859,49,Th
437.700932,25,Th
437.707563,220,Th
437.718363,209,Ar
437.748830,91,Th
437.765407,7,Th
437.791573,31,Th
437.849065,27,Th
437.854480,64,Th
437.872205,15,Th
437.888195,70,Th
437.914458,55,Th
437.925601,360,Th
437.940698,6800,Th
437.959350,31,Th
438.006758,20,Th
438.018895,27,Th
438.025951,23,Th
438.044404,11,Ar
438.082060,27,Th
438.089708,550,Ar
438.109235,49,Th
438.111122,794,Ar
438.117141,36,Th
438.119539,22,Th
438.137644,18,Th
438.151714,510,Th
438.194964,56,Th
438.211307,26,Th
438.236154,7,Th
438.263274,980,Th
438.309124,5000,Th
438.323982,18,Th
438.343548,78,Th
438.361735,39,Th
438.376101,10,Th
438.412488,210,Th
438.416490,5,Ar
438.468450,17,Th
438.483401,52,Th
438.498470,14,Ar
438.510146,140,Th
438.516090,9,Th
438.525071,53,Th
438.525589,46,Th
438.583436,100,Th
438.588787,740,Th
438.628854,117,Ar
438.648049,18,Th
438.698569,110,Th
438.733850,18,Th
438.737009,15,Th
438.750461,73,Th
438.819800,5,Ar
438.826028,130,Th
438.829402,35,Th
438.833979,43,Th
438.871166,28,Th
438.896679,770,Th
438.906959,820,Th
438.933422,150,Th
438.963300,18,Th
438.977292,3,Th
438.980200,37,Th
438.989399,26,Th
439.020107,170,Th
439.046540,29,Th
439.054300,11,Th
439.067880,9,Th
439.088770,26,Th
439.091786,42,Th
439.141019,32,Th
439.164689,18,Th
439.180640,9,Th
439.184546,57,Th
439.209719,15,Th
439.234406,6100,Th
439.239324,92,Th
439.262308,290,Th
439.276348,220,Th
439.369807,75,Th
439.373042,49,Th
439.384417,9,Th
439.420803,1800,Th
439.428636,63,Th
439.436921,15,Th
439.499326,670,Th
439.567222,62,Th
439.585439,3,Ar
439.606953,60,Th
439.612915,230,Th
439.690442,37,Th
439.737437,150,Th
439.771341,370,Th
439.824471,130,Th
439.833775,21,Th
439.835510,25,Th
439.835700,25,Th
439.849522,9,Th
439.897949,18,Th
439.903220,5,Ar
439.915029,620,Th
439.925540,9,Th
439.945948,38,Th
439.950687,33,Th
440.007033,9,Th
440.026109,55,Th
440.032965,150,Th
440.064176,120,Th
440.069483,16,Th
440.081704,30,Th
440.120469,720,Th
440.133234,257,Ar
440.162217,140,Th
440.188530,9,Th
440.222218,8710,Ar
440.228540,9,Th
440.238768,56,Th
440.244347,25,Th
440.281748,2500,Th
440.289671,48,Th
440.295800,38,Th
440.299118,2,Ar
440.322624,28,Th
440.348170,350,Th
440.354003,35,Th
440.368359,53,Th
440.383669,150,Th
440.397068,20,Th
440.406567,34,Th
440.416377,5200,Th
440.466077,34,Th
440.495078,57,Th
440.534983,230,Th
440.544058,50,Th
440.570686,3,Th
440.613960,18,Ar
440.615326,19,Th
440.695928,9,Th
440.708583,15,Th
440.723471,19,Th
440.756522,9,Th
440.766374,15,Th
440.770740,10,Ar
440.790614,33,Th
440.801903,19,Th
440.814556,74,Th
440.823659,9,Th
440.874494,9,Th
440.948677,74,Th
440.972081,520,Th
440.980186,27,Th
441.012104,10000,Th
441.018868,120,Th
441.024700,45,Th
441.024860,0.5,Ar
441.095641,25,Th
441.113758,230,Th
441.164718,37,Th
441.172646,67,Th
441.237529,46,Th
441.281511,54,Th
441.287738,15,Th
441.350740,92,Th
441.376903,280,Th
441.380759,560,Th
441.397857,1300,Th
441.403824,58,Th
441.413223,620,Th
441.414257,3,Ar
441.457843,30,Th
441.461393,49,Th
441.482110,3,Th
441.487197,210,Th
441.538018,55,Th
441.545411,69,Th
441.572609,2100,Th
441.586258,44,Th
441.600680,160,Th
441.609126,9,Th
441.683003,29,Th
441.747712,460,Th
441.808516,1000,Th
441.818723,24,Th
441.827107,13,Th
441.846789,29,Th
441.876529,31,Th
441.923594,31,Th
441.944181,56,Th
441.965642,120,Th
441.978984,22,Th
441.990271,48,Th
442.024647,39,Th
442.055932,12,Th
442.101045,150,Th
442.135321,110,Th
442.149843,370,Th
442.197089,50,Th
442.197435,36,Th
442.202275,430,Th
442.204996,69,Th
442.208704,49,Th
442.215351,47,Ar
442.216775,60,Th
442.239839,21,Th
442.278433,490,Th
442.282365,47,Th
442.291365,10,Th
442.307345,28,Th
442.328966,920,Th
442.402472,150,Th
442.412914,180,Th
442.450576,100,Th
442.477021,62,Th
442.496238,670,Th
442.514257,80,Th
442.518117,250,Th
442.548566,60,Th
442.578178,50,Th
442.590431,15,Th
442.607977,540,Th
442.613978,29,Th
442.635659,49,Th
442.722699,68,Th
442.724360,1514,Ar
442.726233,3,Th
442.729310,10,Th
442.847448,73,Th
442.877180,73,Th
442.880968,33,Th
442.889760,99,Th
442.902990,40,Th
442.979728,320,Th
442.998765,160,Th
443.006722,19,Th
443.012701,270,Th
443.050025,86,Th
443.059653,44,Th
443.078763,24,Th
443.083360,40,Th
443.087764,220,Th
443.096604,31,Th
443.106646,210,Th
443.122203,64,Th
443.138640,80,Th
443.143252,661,Ar
443.224001,251,Ar
443.265905,60,Th
443.285183,17,Th
443.287676,10,Th
443.349671,940,Th
443.366488,20,Th
443.393273,25,Th
443.420737,1700,Th
443.425852,32,Th
443.428866,18,Th
443.473542,490,Th
443.496743,20,Th
443.508275,120,Ar
443.530163,23,Th
443.532070,150,Th
443.557719,23,Th
443.575876,10,Th
443.607163,74,Th
443.653977,55,Th
443.695850,15,Th
443.714190,14,Th
443.729378,160,Th
443.739120,19,Th
443.752991,240,Th
443.762029,10,Th
443.779673,150,Th
443.824179,210,Th
443.869069,140,Th
443.896992,210,Th
443.916632,33,Th
443.933674,140,Th
443.936297,7,Ar
443.954673,22,Th
443.980245,43,Th
443.999245,790,Th
444.005556,1,Ar
444.024023,31,Th
444.031763,16,Th
444.036986,590,Th
444.070744,95,Ar
444.110340,55,Th
444.112568,22,Ar
444.136762,13,Ar
444.152111,670,Th
444.159990,1000,Th
444.174191,19,Th
444.182028,710,Th
444.211273,800,Th
444.239220,58,Th
444.244158,23,Th
444.275572,40,Th
444.285556,340,Th
444.290588,72,Th
444.314815,20,Th
444.361531,10,Th
444.375932,23,Th
444.398782,28,Th
444.433370,290,Th
444.444867,23,Th
444.473742,58,Th
444.491304,550,Th
444.501519,130,Th
444.518786,55,Th
444.623011,66,Th
444.628156,630,Th
444.653591,300,Th
444.656363,590,Th
444.669422,20,Th
444.709594,5,Ar
444.714917,3100,Th
444.766224,24,Th
444.769828,160,Th
444.783184,230,Th
444.799092,36,Th
444.804893,68,Th
444.847801,230,Th
444.903053,54,Th
444.903980,83,Th
444.908323,630,Th
444.927943,33,Th
444.937742,10,Th
444.970805,14,Ar
444.980284,170,Th
445.012799,166,Ar
445.017096,21,Th
445.045500,7,Ar
445.068478,24,Th
445.076930,7,Ar
445.131256,7,Th
445.148833,18,Th
445.201380,170,Th
445.205329,490,Th
445.229865,33,Th
445.251697,72,Th
445.260913,240,Th
445.298918,68,Th
445.312187,3,Th
445.368619,99,Th
445.381527,2900,Th
445.404040,10,Th
445.444020,44,Th
445.444092,44,Th
445.453791,11,Th
445.488194,28,Th
445.510975,27,Th
445.538941,170,Th
445.576346,140,Th
445.598331,65,Th
445.629503,34,Th
445.639669,7,Th
445.653909,52,Th
445.654385,47,Th
445.667677,21,Th
445.682404,23,Th
445.683154,31,Th
445.696399,39,Th
445.711838,350,Th
445.753794,15,Th
445.773093,91,Th
445.780160,1,Ar
445.795900,170,Th
445.805703,19,Th
445.833279,10,Th
445.848720,420,Th
445.869434,10,Th
445.877541,11,Th
445.902610,7,Th
445.925278,4000,Th
445.946664,50,Th
445.998986,360,Th
446.013051,1,Ar
446.025596,450,Th
446.122732,54,Th
446.130082,16,Th
446.180897,35,Ar
446.231499,92,Th
446.237632,150,Th
446.237816,150,Th
446.249320,2300,Th
446.277990,3000,Th
446.285612,56,Th
446.295239,63,Th
446.299725,500,Th
446.304150,750,Th
446.307004,240,Th
446.400593,22,Th
446.433480,10,Th
446.443950,28,Th
446.449690,18,Th
446.458409,8,Th
446.491858,590,Th
446.508762,550,Th
446.539151,83,Th
446.595774,120,Th
446.598289,34,Th
446.610100,170,Th
446.659383,1300,Th
446.672662,11,Th
446.708219,9,Th
446.717600,14,Th
446.718166,21,Th
446.722853,160,Th
446.787801,220,Th
446.844118,7,Th
446.901294,34,Th
446.957471,370,Th
447.044322,200,Th
447.077959,1500,Th
447.100789,23,Th
447.125923,14,Th
447.135811,33,Th
447.224524,440,Th
447.273778,11,Th
447.300996,17,Th
447.302668,25,Th
447.312578,82,Th
447.323092,110,Th
447.335784,10,Th
447.343356,81,Th
447.348817,170,Th
447.353188,160,Th
447.360307,11,Th
447.387490,82,Th
447.407706,34,Th
447.410147,190,Th
447.410210,190,Th
447.460085,7,Th
447.521327,35,Th
447.532844,220,Th
447.546238,20,Th
447.565677,25,Th
447.601481,347,Ar
447.603933,74,Th
447.607488,290,Th
447.647715,2000,Th
447.702121,190,Th
447.823377,21,Th
447.828996,19,Th
447.847240,57,Th
447.872930,16,Th
447.911881,11,Th
447.927088,11,Th
447.965993,280,Th
447.985244,660,Th
448.003655,99,Th
448.028198,110,Th
448.041446,72,Th
448.089449,620,Th
448.103801,86,Th
448.152236,59,Th
448.156477,3,Th
448.180246,100,Th
448.207140,390,Th
448.208631,750,Th
448.217037,21,Th
448.226741,35,Th
448.243482,25,Th
448.248318,34,Th
448.264816,57,Th
448.289698,74,Th
448.306797,646,Ar
448.342677,2900,Th
448.402206,30,Th
448.411139,17,Th
448.416828,27,Th
448.441679,64,Th
448.460474,1500,Th
448.506655,61,Th
448.529632,210,Th
448.536244,24,Th
448.549250,21,Th
448.554894,53,Th
448.622974,17,Th
448.697185,360,Th
448.705357,120,Th
448.715636,41,Th
448.767673,31,Th
448.788723,200,Th
448.790982,62,Th
448.802429,15,Th
448.815611,3700,Th
448.875445,920,Th
448.957158,610,Th
448.975435,18,Th
448.980950,26,Th
448.987931,31,Th
448.992290,180,Th
448.994016,970,Th
449.050019,7,Th
449.078038,51,Th
449.086680,21,Th
449.092419,1300,Th
449.119530,25,Th
449.145556,47,Th
449.161158,18,Th
449.178245,7,Th
449.224129,48,Ar
449.233024,28,Th
449.263580,16,Th
449.296428,18,Th
449.303598,5,Th
449.313781,32,Th
449.336091,340,Th
449.349375,140,Th
449.379214,50,Th
449.383135,60,Th
449.393502,140,Th
449.459422,28000,Th
449.482743,330,Th
449.490672,10,Th
449.501832,7,Th
449.505781,16,Th
449.509031,34,Th
449.533420,35,Th
449.595160,230,Th
449.611937,7,Th
449.622255,75,Th
449.649860,51,Th
449.674916,47,Th
449.685559,72,Th
449.757728,110,Th
449.794281,8,Th
449.838466,17,Th
449.905023,11,Th
449.914800,150,Th
449.917614,500,Th
449.930444,17,Th
449.936593,21,Th
449.941556,67,Th
449.980020,25,Ar
450.020214,3100,Th
450.022942,640,Th
450.064170,400,Th
450.068019,42,Th
450.069745,97,Th
450.096595,88,Th
450.124557,2400,Th
450.184241,78,Th
450.186265,27,Th
450.243680,31,Th
450.243720,31,Th
450.255229,29,Th
450.279895,6,Th
450.364099,19,Th
450.419020,42,Ar
450.435123,1,Ar
450.447699,25,Th
450.551261,15,Th
450.553228,33,Th
450.572603,16,Th
450.589409,200,Th
450.648034,1400,Th
450.670643,7,Th
450.687014,44,Th
450.734038,22,Th
450.757998,29,Th
450.773702,890,Th
450.781208,350,Th
450.783492,67,Th
450.789977,21,Th
450.877320,13,Th
450.890210,7,Th
450.930017,440,Th
450.942809,96,Th
450.987186,40,Th
450.990383,19,Th
450.997992,8,Th
451.010374,11,Th
451.065941,8,Th
451.084293,18,Th
451.110703,57,Th
451.122357,140,Th
451.122920,2,Ar
451.153073,34,Th
451.162614,51,Th
451.169449,28,Th
451.179088,1200,Th
451.199850,100,Ar
451.220975,23,Th
451.255873,43,Th
451.374880,250,Th
451.409690,17,Th
451.421259,8,Th
451.448887,1100,Th
451.494590,1100,Th
451.532374,92,Th
451.566130,12,Th
451.581726,38,Th
451.638452,5400,Th
451.666501,60,Th
451.689369,77,Th
451.722659,390,Th
451.733070,460,Th
451.736930,1,Ar
451.780561,55,Th
451.800219,12,Th
451.830207,59,Th
451.830232,59,Th
451.880236,4,Ar
451.889867,34,Th
451.894569,17,Th
451.899100,17,Th
451.954433,170,Th
451.961033,80,Th
451.987806,19,Th
451.990482,52,Th
452.052668,1200,Th
452.088889,11,Th
452.100075,65,Th
452.102025,72,Th
452.105368,24,Th
452.105620,24,Th
452.130446,34,Th
452.221414,19,Th
452.232528,110,Th
452.232577,110,Th
452.246172,3200,Th
452.257006,460,Th
452.259822,110,Th
452.300875,120,Th
452.359160,20,Ar
452.402289,30,Th
452.405178,35,Th
452.447824,8,Th
452.539752,210,Th
452.569323,11,Th
452.582446,11,Th
452.587692,40,Th
452.589460,15,Th
452.610677,260,Th
452.635899,230,Th
452.645402,45,Th
452.671469,65,Th
452.729774,55,Th
452.802562,20,Th
452.838136,85,Th
452.870378,12,Th
452.897751,57,Th
452.901979,22,Th
452.929035,280,Th
452.967924,50,Th
453.024401,51,Th
453.033352,6,Th
453.064244,23,Th
453.075429,110,Th
453.158944,1100,Th
453.182247,63,Ar
453.192758,11,Th
453.246473,33,Th
453.279994,3,Th
453.284560,11,Th
453.288206,19,Th
453.298412,150,Th
453.313263,31,Th
453.352855,370,Th
453.370162,46,Th
453.432382,130,Th
453.434802,800,Th
453.450746,76,Th
453.451957,590,Th
453.457528,860,Th
453.490510,22,Th
453.499147,15,Th
453.539105,680,Th
453.567348,81,Th
453.637302,7,Th
453.652624,2000,Th
453.665901,41,Th
453.676219,21,Ar
453.681904,260,Th
453.697263,23,Th
453.702939,49,Th
453.725164,310,Th
453.753024,39,Th
453.759400,7,Th
453.769767,20,Th
453.813198,68,Th
453.834333,180,Th
453.841689,360,Th
453.845869,19,Th
453.891460,13,Ar
453.945854,11,Th
453.998306,4,Ar
454.011214,18,Th
454.050142,34,Th
454.126949,39,Th
454.129014,17,Th
454.134094,15,Th
454.136604,47,Th
454.152941,92,Th
454.158665,92,Th
454.167913,140,Th
454.184043,69,Th
454.227211,2300,Th
454.231249,30,Th
454.247896,57,Th
454.262331,49,Th
454.277608,58,Th
454.288906,24,Th
454.332439,44,Th
454.370225,12,Th
454.448217,58,Th
454.465368,30,Th
454.468914,180,Th
454.513509,37,Th
454.514298,10,Ar
454.569207,7,Th
454.578817,450,Th
454.593217,46,Th
454.600509,11,Th
454.617247,110,Th
454.632587,1738,Ar
454.654137,23,Th
454.662410,18,Th
454.671774,29,Th
454.709795,23,Th
454.719013,2900,Th
454.740400,23,Th
454.795025,210,Th
454.810958,93,Th
454.834218,180,Th
454.840142,200,Th
454.852454,690,Th
454.888632,17,Th
454.903321,20,Ar
454.960112,260,Th
454.965677,64,Th
454.982680,2,Ar
455.025599,43,Th
455.032603,7,Th
455.087943,48,Th
455.090154,94,Th
455.110961,82,Th
455.145982,32,Th
455.165270,16,Th
455.170205,23,Th
455.248214,11,Th
455.274947,480,Th
455.281599,27,Th
455.287416,40,Th
455.298248,49,Th
455.309617,71,Th
455.342961,810,Th
455.350114,150,Th
455.363511,23,Th
455.372340,27,Th
455.430498,63,Th
455.434224,16,Th
455.438720,23,Th
455.444026,23,Th
455.453965,44,Th
455.474957,11,Th
455.511412,77,Th
455.515008,20,Th
455.536006,17,Th
455.584086,35,Th
455.593103,23,Th
455.606834,14,Th
455.633920,20,Th
455.642046,82,Th
455.658320,29,Th
455.699592,1600,Th
455.705479,140,Th
455.708971,3100,Th
455.718193,450,Th
455.748329,66,Th
455.766429,130,Th
455.808469,12,Th
455.930585,25,Th
455.962354,850,Th
455.980320,29,Th
455.989900,24,Th
456.033506,150,Th
456.039020,3,Th
456.058999,170,Th
456.067373,7,Th
456.093391,38,Th
456.134432,11,Th
456.167270,43,Th
456.194212,37,Th
456.226135,7,Th
456.229118,7,Ar
456.250530,200,Th
456.262625,1300,Th
456.267987,110,Th
456.277173,290,Th
456.279241,45,Th
456.289020,52,Th
456.298422,16,Th
456.335907,400,Th
456.353024,67,Th
456.371741,35,Th
456.375401,97,Th
456.384276,7,Th
456.390516,11,Th
456.400428,22,Th
456.449655,130,Th
456.457047,340,Th
456.490092,77,Th
456.494015,1500,Th
456.500982,36,Th
456.502190,37,Ar
456.545740,140,Th
456.568472,42,Ar
456.611485,560,Th
456.648500,8,Ar
456.705886,120,Th
456.708952,100,Th
456.752440,24,Th
456.755823,12,Th
456.770990,19,Th
456.792934,340,Th
456.799163,52,Th
456.826837,67,Th
456.852031,2000,Th
456.913479,15,Th
456.942284,650,Th
456.951589,24,Th
456.980405,250,Th
457.031140,110,Th
457.042836,380,Th
457.062796,11,Th
457.085318,35,Th
457.085430,35,Th
457.091534,68,Th
457.101742,190,Th
457.109020,24,Th
457.182408,7,Th
457.188980,24,Th
457.192990,29,Th
457.192991,29,Th
457.225325,3400,Th
457.250072,630,Th
457.281148,100,Th
457.323812,130,Th
457.360916,9,Th
457.392065,39,Th
457.417280,2,Ar
457.421459,12,Th
457.471295,11,Th
457.485652,34,Th
457.498552,330,Th
457.505037,20,Th
457.530986,240,Th
457.558777,180,Th
457.651548,130,Th
457.653302,210,Th
457.670820,100,Th
457.711054,3,Th
457.755419,34,Th
457.774967,80,Th
457.782449,32,Th
457.802304,66,Th
457.824723,16,Th
457.841410,25,Th
457.886503,170,Th
457.904608,37,Th
457.910613,330,Th
457.918919,260,Th
458.005878,18,Th
458.010250,100,Th
458.027181,37,Th
458.031202,65,Th
458.057532,46,Th
458.062583,24,Th
458.063262,871,Ar
458.065153,73,Th
458.092454,84,Th
458.111051,890,Th
458.168935,76,Th
458.204107,24,Th
458.226274,11,Th
458.245701,720,Th
458.251398,69,Th
458.271321,79,Th
458.286581,130,Th
458.310570,12,Th
458.371692,22,Th
458.406136,12,Th
458.434671,25,Th
458.479936,3,Th
458.493878,70,Th
458.515881,61,Th
458.532589,12,Th
458.543708,12,Th
458.553015,96,Th
458.558365,27,Th
458.565165,170,Th
458.645965,7,Th
458.732353,61,Th
458.734183,630,Th
458.734803,92,Th
458.755733,61,Th
458.790559,38,Th
458.849356,25,Th
458.861329,11,Th
458.904201,59,Th
458.917642,3,Ar
458.951079,130,Th
458.963188,380,Th
458.971181,3800,Th
459.008665,15,Th
459.012958,23,Th
459.040802,260,Th
459.055269,1400,Th
459.061273,18,Th
459.072638,12,Th
459.080970,11,Th
459.088504,34,Th
459.095693,170,Th
459.112228,20,Th
459.118365,25704,Ar
459.144238,25,Th
459.286593,25,Th
459.325537,3,Th
459.338189,33,Th
459.380249,43,Th
459.380320,43,Th
459.395287,2800,Th
459.405628,18,Th
459.406830,100,Th
459.413144,3,Th
459.416393,15,Th
459.424432,220,Th
459.456831,54,Th
459.464698,19,Th
459.473530,4,Ar
459.479905,15,Th
459.479980,15,Th
459.480889,160,Th
459.483429,33,Th
459.493085,670,Th
459.526671,20,Th
459.533106,7,Th
459.554699,7,Th
459.603502,12,Th
459.670819,8700,Th
459.718827,11,Th
459.738430,15,Ar
459.742612,18,Th
459.746361,110,Th
459.759565,590,Th
459.822118,12,Th
459.852954,15,Th
459.864185,12,Th
459.894967,130,Th
459.920060,13,Th
459.934507,9,Th
459.972358,86,Th
460.005098,182,Ar
460.017725,15,Th
460.022860,78,Th
460.058802,12,Th
460.064155,34,Th
460.071491,16,Th
460.081096,7,Th
460.099324,260,Th
460.130754,1,Ar
460.216066,140,Th
460.225876,14,Th
460.239254,15,Th
460.263482,30,Th
460.283812,16,Th
460.285750,16,Th
460.324401,26,Th
460.370990,42,Th
460.408801,7,Th
460.417571,270,Th
460.439231,190,Th
460.443418,990,Th
460.465813,55,Th
460.471805,3,Th
460.482995,7,Th
460.520297,26,Th
460.544540,26,Th
460.594250,35,Th
460.651892,26,Th
460.671943,17,Th
460.711434,47,Th
460.758991,26,Th
460.779254,150,Th
460.851666,11,Th
460.866869,290,Th
460.895040,82,Th
460.912414,76,Th
460.922562,820,Th
460.966765,27,Th
460.991103,640,Th
461.042297,25,Th
461.066197,310,Th
461.072820,7,Th
461.081131,7,Th
461.085819,2291,Ar
461.108520,7,Th
461.137243,120,Th
461.159911,19,Th
461.174901,28,Th
461.182593,35,Th
461.191873,460,Th
461.253610,9,Ar
461.305064,110,Th
461.315155,590,Th
461.346073,26,Th
461.383471,450,Th
461.455586,26,Th
461.475943,21,Th
461.489677,670,Th
461.505192,26,Th
461.516846,30,Th
461.527056,26,Th
461.540310,1,Ar
461.545536,49,Th
461.557064,18,Th
461.631677,740,Th
461.637510,23,Th
461.662684,830,Th
461.696382,43,Th
461.717646,87,Th
461.774550,110,Th
461.858944,34,Th
461.859036,34,Th
461.867806,11,Th
461.955187,16,Th
462.020702,20,Th
462.051467,7,Th
462.077326,660,Th
462.085480,190,Th
462.092010,38,Th
462.153499,360,Th
462.174182,300,Th
462.196859,50,Th
462.200346,12,Th
462.202013,18,Th
462.236823,190,Th
462.245724,1100,Th
462.294991,87,Th
462.403550,29,Th
462.415103,9,Th
462.441174,160,Th
462.446810,39,Th
462.469192,20,Th
462.485094,53,Th
462.518577,73,Th
462.518757,73,Th
462.534320,21,Th
462.543147,99,Th
462.560913,310,Th
462.597240,110,Th
462.597276,110,Th
462.623467,13,Th
462.634921,100,Th
462.657007,160,Th
462.678933,170,Th
462.718902,8,Th
462.742934,26,Th
462.781743,20,Th
462.790218,15,Th
462.811653,13,Th
462.834063,16,Th
462.859386,660,Th
462.879800,12,Th
462.892578,31,Th
462.916097,67,Th
462.949762,1200,Th
462.973720,7,Ar
462.985356,130,Th
462.988237,96,Th
463.030417,24,Th
463.049580,36,Th
463.058452,23,Th
463.066369,330,Th
463.106570,78,Th
463.146355,25,Th
463.165262,21,Th
463.193693,46,Th
463.231898,100,Th
463.242740,39,Th
463.264548,37,Th
463.293930,570,Th
463.305875,1300,Th
463.319754,8,Th
463.333406,21,Th
463.343609,34,Th
463.347337,28,Th
463.359521,12,Th
463.491614,360,Th
463.506334,950,Th
463.513337,300,Th
463.532086,30,Th
463.552696,12,Th
463.590344,37,Th
463.610682,23,Th
463.769925,6,Th
463.777931,15,Th
463.783790,5,Th
463.805783,16,Th
463.848818,76,Th
463.853097,148,Ar
463.923740,51,Th
463.942476,390,Th
463.989274,17,Th
463.998379,1400,Th
464.021636,25,Th
464.039309,21,Th
464.049402,15,Th
464.081809,440,Th
464.100287,300,Th
464.105537,19,Th
464.115315,120,Th
464.119498,300,Th
464.134546,750,Th
464.170490,4,Th
464.232294,8,Th
464.237497,25,Th
464.247751,58,Th
464.252876,300,Th
464.255350,540,Th
464.274130,26,Th
464.290030,32,Th
464.299103,21,Th
464.335442,28,Th
464.356909,13,Th
464.411890,12,Th
464.418694,19,Th
464.456145,4,Th
464.485679,400,Th
464.579547,17,Th
464.600778,520,Th
464.621620,21,Th
464.649071,12,Th
464.667790,17,Th
464.680051,24,Th
464.743940,13,Th
464.748279,23,Th
464.780453,23,Th
464.784132,300,Th
464.798718,670,Th
464.836848,71,Th
464.855221,1100,Th
464.921394,16,Th
464.925774,91,Th
464.965269,62,Th
465.015480,19,Th
465.083972,33,Th
465.127973,310,Th
465.153638,930,Th
465.158979,110,Th
465.193236,130,Th
465.205848,16,Th
465.212295,270,Th
465.222444,280,Th
465.236549,120,Th
465.241916,160,Th
465.285763,790,Th
465.289559,120,Th
465.329201,680,Th
465.372158,22,Th
465.404860,56,Th
465.410386,35,Th
465.412338,30,Th
465.415945,27,Th
465.438995,13,Th
465.461127,60,Th
465.530906,120,Th
465.610610,15,Th
465.633474,210,Th
465.633577,210,Th
465.652080,430,Th
465.663573,4,Th
465.703260,13,Th
465.712595,17,Th
465.728050,13,Th
465.785567,210,Th
465.800628,39,Th
465.805314,27,Th
465.834082,4,Th
465.863171,27,Th
465.920495,1445,Ar
465.968243,190,Th
465.979659,140,Th
465.983051,190,Th
466.003341,28,Th
466.027160,15,Th
466.076204,23,Th
466.087446,490,Th
466.110357,70,Th
466.110970,23,Th
466.115457,14,Th
466.134618,30,Th
466.140223,16,Th
466.155835,88,Th
466.156394,64,Th
466.185741,21,Th
466.241422,31,Th
466.244198,39,Th
466.267522,20,Th
466.272949,35,Th
466.280060,8,Th
466.289889,66,Th
466.326659,38,Th
466.360019,22,Th
466.389897,150,Th
466.450807,3200,Th
466.468018,14,Th
466.585232,14,Th
466.609348,63,Th
466.627633,280,Th
466.679283,20,Th
466.697590,60,Th
466.702232,220,Th
466.725458,16,Th
466.731126,770,Th
466.756986,1,Ar
466.782220,1400,Th
466.810484,1600,Th
466.830084,88,Th
466.922706,110,Th
466.943860,100,Th
466.947842,2500,Th
466.980237,13,Th
467.057437,43,Th
467.066295,250,Th
467.097305,140,Th
467.129151,3600,Th
467.137373,32,Th
467.214185,78,Th
467.219431,14,Th
467.225159,190,Th
467.240032,8,Th
467.309560,6,Th
467.363861,28,Th
467.367375,8,Th
467.374485,120,Th
467.394220,31,Th
467.433933,130,Th
467.435822,220,Th
467.496916,15000,Th
467.510452,8,Th
467.531804,13,Th
467.603894,14,Th
467.608148,28,Th
467.613172,14,Th
467.642538,19,Th
467.659550,15,Th
467.668462,470,Th
467.724036,35,Th
467.736441,2700,Th
467.744532,280,Th
467.755579,8,Th
467.761276,370,Th
467.781678,27,Th
467.798855,14,Th
467.823937,43,Th
467.828119,410,Th
467.945334,43,Th
467.945651,43,Th
467.950531,17,Th
467.954470,470,Th
467.967215,31,Th
467.989874,14,Th
467.993547,27,Th
468.031103,43,Th
468.035290,14,Th
468.069921,13,Th
468.078776,15,Th
468.088757,17,Th
468.123377,13,Th
468.154769,730,Th
468.170174,210,Th
468.190071,120,Th
468.195608,500,Th
468.242589,71,Th
468.247107,29,Th
468.252764,160,Th
468.280715,5,Ar
468.295740,29,Th
468.306041,4,Th
468.338891,69,Th
468.354231,230,Th
468.358637,21,Ar
468.397059,13,Th
468.404272,110,Th
468.448694,170,Th
468.466251,1300,Th
468.484338,14,Th
468.539803,49,Th
468.543656,15,Th
468.567043,64,Th
468.569418,43,Th
468.594837,63,Th
468.638546,39,Th
468.668555,24,Th
468.675710,8,Th
468.681002,24,Th
468.714234,27,Th
468.727684,29,Th
468.750613,4600,Th
468.788320,82,Th
468.890480,5,Ar
468.958911,37,Th
468.977209,34,Th
469.048201,980,Th
469.056423,1500,Th
469.062377,32,Th
469.076253,82,Th
469.090628,14,Th
469.164711,90,Th
469.193468,1500,Th
469.199916,43,Th
469.220777,63,Th
469.236435,210,Th
469.265819,480,Th
469.281178,580,Th
469.291256,190,Th
469.294841,1600,Th
469.319739,150,Th
469.377792,14,Th
469.484350,21,Th
469.540506,1800,Th
469.559519,14,Th
469.579122,61,Th
469.585100,20,Th
469.610332,72,Th
469.615512,14,Th
469.623465,380,Th
469.635196,4900,Th
469.676829,1000,Th
469.702140,4,Th
469.714829,14,Th
469.778670,19,Th
469.790280,9,Th
469.797567,120,Th
469.801844,25,Th
469.812716,130,Th
469.852757,42,Th
469.867895,9,Th
469.891016,38,Th
469.953982,390,Th
470.004381,39,Th
470.008426,69,Th
470.040823,16,Th
470.086025,46,Th
470.091699,53,Th
470.097879,25,Th
470.100196,110,Th
470.142855,43,Th
470.145522,340,Th
470.154977,56,Th
470.188736,14,Th
470.197232,10,Th
470.208658,440,Th
470.227353,96,Th
470.231996,15,Th
470.270094,38,Th
470.278275,39,Th
470.315997,150,Th
470.323829,46,Th
470.362424,110,Th
470.363220,15,Ar
470.367662,66,Th
470.378907,47,Th
470.390706,120,Th
470.409406,81,Th
470.450409,140,Th
470.453534,120,Th
470.467320,15,Ar
470.471397,42,Th
470.489149,14,Th
470.530601,18000,Th
470.597229,58,Th
470.624766,39,Th
470.631423,21,Th
470.639593,10,Th
470.661504,65,Th
470.693419,280,Th
470.707727,1100,Th
470.719309,27,Th
470.752567,24,Th
470.756781,310,Th
470.769165,29,Th
470.786974,33,Th
470.789414,150,Th
470.801046,33,Th
470.890210,16,Th
470.909064,53,Th
470.941741,120,Th
470.961133,990,Th
470.995180,7,Th
471.026947,15,Th
471.068690,41,Th
471.079648,110,Th
471.091534,28,Th
471.193836,23,Th
471.214172,14,Ar
471.231045,150,Th
471.246246,28,Th
471.264568,20,Th
471.273663,210,Th
471.296640,21,Th
471.323566,26,Th
471.332405,210,Th
471.371155,210,Th
471.380000,1900,Th
471.415948,600,Th
471.511039,59,Th
471.516353,16,Th
471.573680,18,Th
471.599072,170,Th
471.618768,16,Th
471.675011,260,Th
471.691446,16,Th
471.717409,15,Th
471.727444,38,Th
471.732066,34,Th
471.738133,120,Th
471.792898,27,Th
471.816587,25,Th
471.818566,29,Th
471.859661,13,Th
471.870983,94,Th
471.879910,17,Th
471.881419,16,Th
471.925018,36,Th
471.935711,24,Th
471.937506,86,Th
471.983539,130,Th
471.993648,370,Th
472.057395,59,Th
472.076266,110,Th
472.087900,11,Th
472.101360,190,Th
472.129997,250,Th
472.133920,31,Th
472.147181,280,Th
472.178117,520,Th
472.210175,310,Th
472.259738,970,Th
472.278338,16,Th
472.284076,17,Th
472.291155,32,Ar
472.320119,20,Th
472.340970,1400,Th
472.382129,180,Th
472.426916,13,Th
472.430073,27,Th
472.475959,14000,Th
472.510501,2000,Th
472.547900,27,Th
472.561413,11,Th
472.587436,27,Th
472.601124,11,Th
472.609401,520,Th
472.615008,100,Th
472.631080,22,Th
472.662913,41,Th
472.670783,32,Th
472.708533,19,Th
472.714157,26,Th
472.726524,35,Th
472.738155,19,Th
472.757778,27,Th
472.765849,100,Th
472.776232,27,Th
472.778652,96,Th
472.792349,32,Th
472.819038,23442,Ar
472.825096,46,Th
472.876438,64,Th
472.894937,17,Th
472.903041,57,Th
472.917157,160,Th
472.945570,460,Th
472.991716,78,Th
473.030827,200,Th
473.040661,690,Th
473.045111,2900,Th
473.120254,410,Th
473.141505,180,Th
473.198260,160,Th
473.199488,7,Ar
473.220464,97,Th
473.238606,15,Th
473.251915,71,Th
473.251916,71,Th
473.273000,7,Ar
473.292049,15,Th
473.337670,200,Ar
473.343003,140,Th
473.399397,56,Th
473.415243,44,Th
473.434450,41,Th
473.483409,6,Th
473.486633,12,Th
473.536994,290,Th
473.549334,20,Th
473.595459,16,Th
473.608725,38,Th
473.656767,27,Th
473.670730,14,Th
473.680075,22,Th
473.702909,27,Th
473.710583,15,Th
473.723018,1000,Ar
473.732084,320,Th
473.772656,29,Th
473.785210,54,Th
473.885598,91,Th
473.893203,40,Th
473.898229,66,Th
473.924235,270,Th
473.979613,35,Th
474.016590,58,Th
474.043794,170,Th
474.100201,1600,Th
474.118972,53,Th
474.142519,32,Th
474.165615,59,Th
474.185515,1500,Th
474.187905,470,Th
474.225276,330,Th
474.225336,330,Th
474.228451,1200,Th
474.248637,110,Th
474.262993,560,Th
474.271124,77,Th
474.344406,560,Th
474.356145,73,Th
474.359188,180,Th
474.421830,9,Th
474.435340,16,Th
474.501212,450,Th
474.502817,360,Th
474.584830,12,Th
474.603598,16,Th
474.612591,31,Th
474.617106,32,Th
474.635220,33,Th
474.660233,210,Th
474.666480,520,Th
474.695854,27,Th
474.770057,44,Th
474.805347,24,Th
474.824017,100,Th
474.830154,22,Th
474.841612,8,Th
474.887710,26,Th
474.894596,120,Th
474.931112,16,Th
474.973250,160,Th
474.991920,100,Th
475.052841,3600,Th
475.062275,29,Th
475.077183,23,Th
475.080038,33,Th
475.112687,220,Th
475.122303,170,Th
475.129978,1300,Th
475.159312,30,Th
475.183147,9,Th
475.187510,3,Th
475.243752,26,Th
475.266057,29,Th
475.353110,13,Th
475.364058,9,Th
475.374307,2100,Th
475.391973,110,Th
475.398190,27,Th
475.422904,40,Th
475.457056,15,Th
475.491030,140,Th
475.514425,13,Th
475.573330,20,Th
475.724190,16,Th
475.786358,130,Th
475.794828,26,Th
475.803268,230,Th
475.846330,47,Th
475.855028,5,Ar
475.874678,57,Th
475.940942,510,Th
475.948018,1000,Th
475.962200,440,Th
476.077893,13,Th
476.091590,67,Th
476.101968,180,Th
476.138572,20,Th
476.176084,18,Th
476.227048,30,Th
476.244151,640,Th
476.267958,13,Th
476.319275,57,Th
476.363676,22,Th
476.385650,120,Th
476.414427,14,Th
476.505113,25,Th
476.512062,48,Th
476.522678,13,Th
476.529786,17,Th
476.567859,2700,Th
476.606136,36,Th
476.619681,2344,Ar
476.692740,920,Th
476.699236,42,Th
476.742614,7,Th
476.771919,14,Th
476.793327,3100,Th
476.829439,68,Th
476.881468,18,Th
476.920702,13,Th
476.939100,190,Th
476.950437,140,Th
477.009743,41,Th
477.076247,13,Th
477.085780,28,Th
477.088036,67,Th
477.172382,63,Th
477.177315,65,Th
477.177510,65,Th
477.191543,130,Th
477.207930,33,Th
477.213199,75,Th
477.245650,13,Th
477.266558,28,Th
477.286861,29,Th
477.320016,9,Th
477.328610,13,Th
477.340080,5,Th
477.352300,4,Ar
477.429189,13,Th
477.443888,73,Th
477.457552,580,Th
477.529017,13,Th
477.532873,13,Th
477.558620,950,Th
477.561061,490,Th
477.566306,27,Th
477.584019,27,Th
477.616790,27,Th
477.640386,12,Th
477.664800,620,Th
477.669352,41,Th
477.687812,32,Th
477.712940,810,Th
477.765669,89,Th
477.811351,160,Th
477.852736,1100,Th
477.875995,7,Th
477.897720,32,Th
477.935687,15,Th
477.962981,10000,Th
477.978696,38,Th
477.988552,13,Th
477.997384,40,Th
478.025660,13,Th
478.089147,15,Th
478.092616,240,Th
478.099655,35,Th
478.106489,540,Th
478.155711,14,Th
478.175181,240,Th
478.176796,240,Th
478.196637,17,Th
478.202816,91,Th
478.208728,340,Th
478.262696,190,Th
478.269647,15,Th
478.286264,300,Th
478.292827,40,Th
478.300628,50,Th
478.309738,16,Th
478.354195,27,Th
478.370968,26,Th
478.409831,500,Th
478.427449,31,Th
478.477788,13,Th
478.493774,15,Th
478.497622,170,Th
478.519910,860,Th
478.524658,49,Th
478.537695,550,Th
478.549952,15,Th
478.590336,16,Th
478.626808,46,Th
478.634650,7,Th
478.661541,36,Th
478.705850,9,Th
478.711843,27,Th
478.748630,6,Ar
478.786910,720,Th
478.806315,210,Th
478.825308,37,Th
478.848619,1100,Th
478.871174,62,Th
478.900919,31,Th
478.916601,39,Th
478.942609,7,Th
478.970776,27,Th
478.980998,15,Th
478.987610,23,Th
479.001695,99,Th
479.072563,5700,Th
479.092619,55,Th
479.124308,17,Th
479.141585,80,Th
479.177659,140,Th
479.270584,42,Th
479.285526,180,Th
479.304858,27,Th
479.326095,27,Th
479.334070,30,Th
479.342144,17,Ar
479.424641,42,Th
479.458448,700,Th
479.462563,63,Th
479.500829,27,Th
479.524530,94,Th
479.551775,13,Th
479.581827,15,Th
479.625465,27,Th
479.663012,13,Th
479.675170,21,Th
479.695553,50,Th
479.725376,660,Th
479.758380,95,Th
479.763774,16,Th
479.800772,23,Th
479.823767,31,Th
479.876310,19,Th
479.883883,210,Th
479.891647,21,Th
479.993753,37,Th
480.007487,30,Th
480.101059,16,Th
480.110060,50,Th
480.139210,38,Th
480.151411,360,Th
480.239397,90,Th
480.269403,37,Th
480.274700,2,Ar
480.329430,16,Th
480.340828,20,Th
480.376434,13,Th
480.401386,110,Th
480.478703,42,Th
480.482965,180,Th
480.529879,200,Th
480.588920,11,Th
480.658905,80,Th
480.689116,26,Th
480.694975,46,Th
480.723180,27,Th
480.730870,42,Th
480.736342,1820,Ar
480.739849,44,Th
480.759283,24,Th
480.770149,44,Th
480.780712,60,Th
480.842418,16,Th
480.867670,6,Th
480.880290,14,Th
480.889594,15,Th
480.947754,12000,Th
481.010974,37,Th
481.095829,3600,Th
481.130111,25,Th
481.186499,53,Th
481.222470,13,Th
481.271278,27,Th
481.281914,20,Th
481.321532,47,Th
481.337072,50,Th
481.372051,750,Th
481.379840,13,Th
481.391151,13,Th
481.398104,31,Th
481.405992,8,Th
481.428210,46,Th
481.435198,690,Th
481.485531,8,Th
481.506574,1600,Th
481.524169,2400,Th
481.550820,15,Th
481.589657,16,Th
481.599740,25,Th
481.602636,53,Th
481.626683,110,Th
481.639523,51,Th
481.668377,13,Th
481.673220,25,Th
481.680944,79,Th
481.690167,12,Th
481.747300,13,Th
481.790451,8,Th
481.817858,63,Th
481.821042,94,Th
481.836670,400,Th
481.866866,15,Th
481.879035,47,Th
481.894330,21,Th
481.917914,44,Th
481.925820,8,Th
481.945077,29,Th
481.950132,6,Th
481.964223,60,Th
481.999454,580,Th
482.036941,31,Th
482.053990,690,Th
482.085624,110,Th
482.092190,250,Th
482.103022,64,Th
482.178544,52,Th
482.181196,590,Th
482.185433,65,Th
482.213457,16,Th
482.214494,110,Th
482.223160,1700,Th
482.262013,220,Th
482.273575,350,Th
482.293522,1900,Th
482.297280,37,Th
482.321205,150,Th
482.336184,120,Th
482.420253,7400,Th
482.447187,86,Th
482.453020,280,Th
482.467015,40,Th
482.495436,2300,Th
482.503941,66,Th
482.534475,940,Th
482.539008,13,Th
482.543648,60,Th
482.566104,41,Th
482.599663,160,Th
482.608806,8,Th
482.640778,140,Th
482.653156,36,Th
482.690290,43,Th
482.735223,74,Th
482.798330,230,Th
482.804917,4700,Th
482.851442,40,Th
482.959517,8,Th
482.981443,50,Th
483.000901,110,Th
483.030121,15,Th
483.075771,35,Th
483.089434,13,Th
483.114689,510,Th
483.123771,25,Th
483.155260,8,Th
483.247123,7000,Th
483.281391,230,Th
483.294769,2500,Th
483.351667,34,Th
483.377353,92,Th
483.415302,1300,Th
483.446311,310,Th
483.452912,630,Th
483.478485,28,Th
483.498789,39,Th
483.502675,170,Th
483.512382,20,Th
483.516830,340,Th
483.517830,230,Th
483.537340,20,Th
483.544789,210,Th
483.588975,19,Th
483.598487,16,Th
483.642630,32,Th
483.744538,27,Th
483.753437,54,Th
483.770157,15,Th
483.804355,400,Th
483.826189,14,Th
483.859596,61,Th
483.876355,130,Th
483.905523,38,Th
483.970634,130,Th
483.991115,76,Th
484.045510,8,Th
484.102743,82,Th
484.109230,72,Th
484.114340,18,Th
484.152565,15,Th
484.182388,550,Th
484.182853,820,Th
484.219530,9600,Th
484.228525,540,Th
484.255000,0.5,Ar
484.267273,27,Th
484.273070,13,Th
484.315869,38,Th
484.340477,34,Th
484.351899,170,Th
484.352169,170,Th
484.391773,13,Th
484.411783,15,Th
484.437641,100,Th
484.445861,53,Th
484.522995,830,Th
484.529451,1400,Th
484.551871,600,Th
484.561406,42,Th
484.596813,27,Th
484.610899,140,Th
484.627875,180,Th
484.651619,820,Th
484.703130,18,Th
484.721358,20,Th
484.728895,40,Th
484.734415,8,Th
484.850003,26,Th
484.868051,310,Th
484.914810,33,Th
484.916392,832,Ar
484.924000,11,Ar
484.924578,27,Th
484.935220,9,Ar
484.956828,190,Th
484.971699,6000,Th
485.018733,17,Th
485.039580,230,Th
485.049471,910,Th
485.077795,17,Th
485.080293,41,Th
485.121651,680,Th
485.138268,38,Th
485.179461,1300,Th
485.213848,4,Th
485.303341,57,Th
485.325648,14,Th
485.389244,29,Th
485.422417,1300,Th
485.448650,17,Th
485.496480,67,Th
485.536435,8,Th
485.600810,13,Th
485.669066,30,Th
485.675094,32,Th
485.688280,26,Th
485.751220,1,Ar
485.763289,44,Th
485.832137,13,Th
485.851662,27,Th
485.889775,240,Th
485.930566,85,Th
485.945158,110,Th
485.959180,33,Th
485.968996,880,Th
486.153040,29,Th
486.161725,54,Th
486.178146,52,Th
486.198148,15,Th
486.209074,35,Th
486.257453,1100,Th
486.294589,45,Th
486.298406,140,Th
486.307519,820,Th
486.329045,17,Th
486.348670,13,Th
486.378764,48,Th
486.431555,36,Th
486.449949,1500,Th
486.452256,4200,Th
486.453198,4000,Th
486.571406,28,Th
486.578950,96,Th
486.605764,67,Th
486.610881,35,Th
486.614988,18,Th
486.633994,18,Th
486.655853,26,Th
486.676623,190,Th
486.683654,9200,Th
486.726972,83,Ar
486.733133,330,Th
486.739353,71,Th
486.795534,57,Th
486.839230,9,Th
486.883393,52,Th
486.887070,27,Th
486.891560,17,Ar
486.963403,130,Th
486.988753,290,Th
486.998989,86,Th
487.024120,1400,Th
487.161380,20,Th
487.264977,710,Th
487.291678,27,Th
487.304049,68,Th
487.339181,420,Th
487.350202,30,Th
487.358960,230,Th
487.363254,150,Th
487.389652,14,Th
487.427785,4400,Th
487.430013,540,Th
487.471286,12,Th
487.521348,18,Th
487.538770,14,Th
487.551551,28,Th
487.572576,2500,Th
487.703951,36,Th
487.742755,36,Th
487.750240,27,Th
487.760460,250,Th
487.785696,860,Th
487.821749,35,Th
487.836359,380,Th
487.848230,4,Ar
487.862660,97,Th
487.877860,10,Th
487.886198,54,Th
487.890980,18,Th
487.906605,14,Th
487.917507,330,Th
487.937176,2200,Th
488.009558,7200,Th
488.051937,99,Th
488.071258,320,Th
488.086518,46,Th
488.122632,2239,Ar
488.137490,40,Th
488.149441,31,Th
488.155276,69,Th
488.159509,29,Th
488.222113,170,Th
488.227730,220,Th
488.243097,27,Th
488.256773,910,Th
488.295938,120,Th
488.321668,350,Th
488.327393,22,Th
488.360660,21,Ar
488.381004,130,Th
488.425789,33,Th
488.459858,85,Th
488.485636,31,Th
488.501360,18,Th
488.502873,18,Th
488.585742,38,Th
488.591559,130,Th
488.604820,25,Th
488.660485,27,Th
488.665352,18,Th
488.688467,14,Th
488.690449,34,Th
488.693288,51,Th
488.696602,26,Th
488.712380,49,Th
488.718859,380,Th
488.720436,33,Th
488.734888,53,Th
488.737928,27,Th
488.749617,140,Th
488.823107,130,Th
488.846072,110,Th
488.918639,9,Th
488.962620,8,Ar
488.973666,28,Th
488.986193,28,Th
489.007954,37,Th
489.017707,37,Th
489.040725,288,Ar
489.085569,530,Th
489.122055,110,Th
489.180052,39,Th
489.182384,390,Th
489.282043,33,Th
489.302672,170,Th
489.318936,6,Th
489.332410,6,Ar
489.340752,71,Th
489.364548,59,Th
489.378405,9,Th
489.412545,520,Th
489.418520,29,Th
489.481173,590,Th
489.488314,14,Th
489.507186,73,Th
489.527951,19,Th
489.576307,14,Th
489.588810,40,Th
489.632180,13000,Th
489.654188,27,Th
489.702942,50,Th
489.703005,50,Th
489.763573,6,Th
489.895490,52,Th
489.895584,52,Th
489.929819,27,Th
489.972595,150,Th
489.978692,73,Th
489.982775,210,Th
490.006422,65,Th
490.017242,280,Th
490.052153,76,Th
490.060804,680,Th
490.070489,340,Th
490.154158,29,Th
490.223440,70,Th
490.274334,25,Th
490.284537,17,Th
490.335440,340,Th
490.342316,1400,Th
490.354686,18,Th
490.370692,43,Th
490.396832,210,Th
490.416320,590,Th
490.431975,17,Th
490.442738,150,Th
490.449892,40,Th
490.460260,28,Th
490.469348,9,Th
490.547920,14,Th
490.576465,9,Th
490.612091,107,Ar
490.662780,12,Th
490.699303,18,Th
490.743616,8,Th
490.751885,8,Th
490.805511,27,Th
490.841244,92,Th
490.857953,500,Th
490.938344,33,Th
490.982485,120,Th
490.985777,64,Th
491.037850,32,Th
491.058176,53,Th
491.105767,56,Th
491.121416,190,Th
491.152855,1000,Th
491.160456,46,Th
491.168822,43,Th
491.191969,140,Th
491.216383,660,Th
491.218360,180,Th
491.250697,120,Th
491.275012,550,Th
491.282227,84,Th
491.315208,18,Th
491.331087,60,Th
491.341428,150,Th
491.390081,930,Th
491.401571,95,Th
491.485480,46,Th
491.549296,110,Th
491.568661,7,Ar
491.678834,150,Th
491.719065,52,Th
491.750408,24,Th
491.774997,18,Th
491.884011,35,Th
491.890441,270,Th
491.919481,120,Th
491.937174,35,Th
492.003419,27,Th
492.084350,30,Th
492.118931,5000,Th
492.139045,750,Th
492.142936,460,Th
492.189874,410,Th
492.193482,180,Th
492.199739,730,Th
492.220984,11,Th
492.227220,8,Th
492.298737,1000,Th
492.303428,76,Th
492.360162,29,Th
492.370813,18,Th
492.380917,7,Th
492.431853,440,Th
492.479369,11,Th
492.506538,24,Th
492.528988,7,Th
492.554161,170,Th
492.562110,230,Th
492.579697,420,Th
492.617157,47,Th
492.626684,43,Th
492.637394,78,Th
492.643372,38,Th
492.647289,27,Th
492.663294,31,Th
492.671222,43,Th
492.680071,260,Th
492.716529,180,Th
492.719774,72,Th
492.732523,770,Th
492.762816,100,Th
492.806581,32,Th
492.867422,240,Th
492.888883,14,Th
492.895725,53,Th
492.895840,53,Th
492.913140,140,Th
492.915592,1800,Th
492.940785,94,Th
492.963150,33,Th
492.987065,33,Th
492.997702,57,Th
493.005750,160,Th
493.032095,41,Th
493.046128,460,Th
493.074990,54,Th
493.107086,15,Th
493.120520,19,Th
493.136096,400,Th
493.143267,11,Th
493.170083,27,Th
493.242572,74,Th
493.274542,70,Th
493.362738,22,Th
493.372176,33,Th
493.390433,77,Th
493.390685,77,Th
493.396044,24,Th
493.438621,64,Th
493.458594,251,Ar
493.465512,26,Th
493.485696,78,Th
493.494301,110,Th
493.519569,56,Th
493.522946,650,Th
493.570789,92,Th
493.590999,29,Th
493.611973,8,Th
493.618270,26,Th
493.655266,32,Th
493.730606,130,Th
493.746335,3,Ar
493.815321,1400,Th
493.826780,98,Th
493.834670,14,Th
493.847000,2,Th
493.878357,27,Th
493.920777,1700,Th
493.934338,27,Th
493.958349,100,Th
493.966485,77,Th
493.981717,90,Th
493.988277,300,Th
493.997748,150,Th
494.010097,28,Th
494.043928,160,Th
494.052780,7,Th
494.064866,270,Th
494.102080,5600,Th
494.119084,68,Th
494.132778,17,Th
494.143823,47,Th
494.156502,11,Th
494.228592,100,Th
494.241836,38,Th
494.279520,190,Th
494.300430,13,Th
494.329693,48,Th
494.398941,41,Th
494.422416,58,Th
494.430110,19,Ar
494.444366,2600,Th
494.451709,92,Th
494.502247,48,Th
494.508753,620,Th
494.534421,6,Th
494.662505,27,Th
494.683880,6600,Th
494.724140,59,Th
494.734810,11,Th
494.748140,37,Th
494.760324,17,Th
494.804447,1000,Th
494.839682,22,Th
494.869687,27,Th
494.880112,120,Th
494.893580,110,Th
494.895610,800,Th
494.933160,10,Th
494.994740,8,Th
495.034687,55,Th
495.044731,32,Th
495.061507,33,Th
495.077940,6,Ar
495.134067,29,Th
495.154745,53,Th
495.163297,480,Th
495.200799,1000,Th
495.213009,45,Th
495.276979,10,Th
495.321289,20,Th
495.339362,17,Th
495.390000,4,Th
495.407312,200,Th
495.430538,2,Ar
495.491418,100,Th
495.503342,25,Th
495.531317,87,Th
495.571607,22,Th
495.593958,380,Th
495.604339,500,Th
495.649400,8,Ar
495.733650,27,Th
495.776124,13,Th
495.802281,130,Th
495.818413,89,Th
495.822220,68,Th
495.844323,70,Th
495.884032,110,Th
495.888949,34,Th
495.948238,290,Th
496.010800,100,Th
496.019823,29,Th
496.026964,14,Th
496.036003,13,Th
496.073150,69,Th
496.081682,40,Th
496.087069,1,Ar
496.112777,13,Th
496.187911,270,Th
496.276615,97,Th
496.311056,780,Th
496.344675,150,Th
496.351605,13,Th
496.385514,36,Th
496.431216,290,Th
496.434813,150,Th
496.441919,66,Th
496.457111,330,Th
496.457473,330,Th
496.493166,40,Th
496.511643,93,Th
496.514943,170,Th
496.515030,170,Th
496.517199,50,Th
496.550384,420,Th
496.564577,120,Th
496.592320,16,Th
496.636578,27,Th
496.646491,891,Ar
496.711722,1300,Th
496.844873,55,Th
496.872400,31,Th
496.903897,72,Th
496.976167,26,Th
497.014044,410,Th
497.014950,1600,Th
497.049498,56,Th
497.051559,48,Th
497.090598,16,Th
497.129011,180,Th
497.141600,220,Th
497.146541,460,Th
497.223085,18,Th
497.256739,26,Th
497.294350,16,Th
497.308619,6,Th
497.344703,230,Th
497.354722,100,Ar
497.356456,200,Th
497.364778,160,Th
497.399314,67,Th
497.406595,32,Th
497.414292,120,Th
497.444259,110,Th
497.448420,67,Th
497.478090,210,Th
497.481652,110,Th
497.499262,67,Th
497.516149,67,Th
497.583340,13,Th
497.604344,15,Th
497.612436,13,Th
497.638409,11,Th
497.647981,110,Th
497.664281,16,Th
497.682130,13,Th
497.691261,31,Th
497.696889,40,Th
497.705306,32,Th
497.707582,38,Th
497.733695,270,Th
497.779416,7,Th
497.785866,7,Th
497.798230,160,Th
497.809544,21,Th
497.816453,9,Th
497.877936,120,Th
497.891254,31,Th
497.942391,26,Th
497.961540,38,Th
497.969930,26,Th
498.010786,22,Th
498.052768,67,Th
498.082705,13,Th
498.091066,31,Th
498.095081,29,Th
498.136615,40,Th
498.142261,0.5,Ar
498.157552,1300,Th
498.214606,150,Th
498.234105,300,Th
498.261591,40,Th
498.326616,32,Th
498.354026,30,Th
498.387750,1600,Th
498.569078,13,Th
498.605178,21,Th
498.651563,51,Th
498.676327,3700,Th
498.733972,280,Th
498.742472,53,Th
498.743590,15,Th
498.772510,34,Th
498.772800,34,Th
498.853863,560,Th
498.868733,13,Th
498.880520,11,Th
498.965709,7,Th
499.016336,18,Th
499.070049,1500,Th
499.113570,18,Th
499.142444,83,Th
499.186517,9,Th
499.212884,0.5,Ar
499.239756,130,Th
499.254527,8,Th
499.259465,62,Th
499.300292,7,Th
499.331537,39,Th
499.351836,200,Th
499.366583,26,Th
499.376702,54,Th
499.400900,10,Ar
499.403073,120,Th
499.450779,7,Th
499.484879,0.5,Ar
499.514188,560,Th
499.514830,2,Ar
499.533524,33,Th
499.549901,330,Th
499.596321,64,Th
499.628506,44,Th
499.637640,72,Th
499.647680,14,Th
499.669161,64,Th
499.719013,43,Th
499.737171,37,Th
499.737360,37,Th
499.762081,44,Th
499.792699,120,Th
499.818693,2,Ar
499.825720,65,Th
499.837330,39,Th
499.872044,40,Th
499.896088,29,Th
499.906213,110,Th
499.918850,61,Th
499.921316,150,Th
499.982356,7,Th
500.043948,37,Th
500.050001,49,Th
500.063350,97,Th
500.077971,64,Th
500.123287,15,Th
500.133461,350,Th
500.164124,330,Th
500.228230,14,Th
500.246378,19,Th
500.264901,61,Th
500.283886,51,Th
500.349241,7800,Th
500.362910,22,Th
500.386664,22,Th
500.396302,33,Th
500.428892,95,Th
500.465049,25,Th
500.478508,47,Th
500.489860,22,Th
500.499379,610,Th
500.516119,23,Th
500.525366,170,Th
500.539578,220,Th
500.552417,690,Th
500.607553,7,Th
500.662277,36,Th
500.673099,55,Th
500.685951,19,Th
500.713470,25,Th
500.737150,110,Th
500.753409,26,Th
500.780339,45,Th
500.821742,38,Th
500.836263,28,Th
500.848512,27,Th
500.877586,25,Th
500.958691,110,Th
500.978373,12,Th
501.047475,25,Th
501.063942,88,Th
501.073146,355,Ar
501.084565,45,Th
501.133417,210,Th
501.137366,70,Th
501.181522,190,Th
501.234383,200,Th
501.236898,74,Th
501.287527,270,Th
501.317034,12,Th
501.326342,13,Th
501.367333,45,Th
501.456357,65,Th
501.499531,29,Th
501.539110,12,Th
501.557975,70,Th
501.584683,94,Th
501.614980,71,Th
501.633100,1,Ar
501.667713,46,Th
501.728839,800,Th
501.738507,100,Th
501.793498,350,Th
501.835022,85,Th
501.856198,7413,Ar
501.865356,2200,Th
501.890788,610,Th
501.899692,52,Th
501.903330,14,Ar
501.915987,120,Th
501.927584,100,Th
501.945314,380,Th
501.961893,25,Th
502.028150,9,Th
502.072409,320,Th
502.078362,97,Th
502.100649,25,Th
502.114266,71,Th
502.120619,2000,Th
502.139814,63,Th
502.181044,64,Th
502.194666,170,Th
502.265344,170,Th
502.315615,44,Th
502.340557,850,Th
502.347531,37,Th
502.357474,470,Th
502.444851,74,Th
502.453110,55,Th
502.488257,180,Th
502.510948,440,Th
502.550650,35,Th
502.572863,7,Th
502.601395,80,Th
502.619520,1,Ar
502.726365,28,Th
502.748853,7,Th
502.755998,35,Th
502.763472,9,Th
502.835691,61,Th
502.842652,32,Th
502.872150,13,Th
502.907966,47,Th
503.000804,1300,Th
503.005798,6100,Th
503.041451,470,Th
503.103231,240,Th
503.129443,1300,Th
503.143650,21,Th
503.150420,18,Th
503.152517,13,Th
503.208500,1,Ar
503.254944,58,Th
503.321802,81,Th
503.351650,25,Th
503.378870,11,Th
503.419624,6,Th
503.441613,13,Th
503.471414,38,Th
503.521813,20,Th
503.530590,27,Th
503.569840,130,Th
503.580520,0.5,Ar
503.667430,15,Th
503.674282,120,Th
503.686984,30,Th
503.802431,25,Th
503.813310,240,Th
503.868589,36,Th
503.913320,25,Th
503.917518,0.5,Ar
503.970693,230,Th
504.063553,5300,Th
504.093161,420,Th
504.112551,6,Th
504.143855,13,Th
504.195090,100,Th
504.195930,140,Th
504.208581,250,Th
504.252813,800,Th
504.277807,17,Th
504.290978,13,Th
504.382590,1,Ar
504.450840,7,Th
504.492094,330,Th
504.574851,55,Th
504.612616,9700,Th
504.617350,630,Th
504.651145,0.5,Ar
504.665559,1500,Th
504.682010,20,Th
504.794257,19,Th
504.804430,320,Th
504.845077,2400,Th
504.853156,55,Th
504.883605,230,Th
504.899178,36,Th
504.992845,5,Th
505.034435,450,Th
505.099039,110,Th
505.120412,2400,Th
505.125418,550,Th
505.138382,68,Th
505.139113,100,Th
505.143875,120,Th
505.219248,2600,Th
505.249121,100,Th
505.259169,11,Th
505.275126,85,Th
505.329720,1300,Th
505.349550,50,Th
505.358570,24,Th
505.386095,29,Th
505.399415,130,Th
505.426778,27,Th
505.448273,20,Th
505.472756,50,Th
505.492540,11,Th
505.528165,63,Th
505.544280,40,Th
505.590850,20,Th
505.662878,370,Th
505.675685,960,Th
505.709326,61,Th
505.716803,66,Th
505.719980,27,Th
505.760941,60,Th
505.772690,15,Th
505.786510,17,Th
505.817985,49,Th
505.827182,120,Th
505.854883,24,Th
505.925536,24,Th
505.939668,620,Th
505.977131,740,Th
505.997042,460,Th
506.000270,230,Th
506.030802,44,Th
506.043200,17,Th
506.056290,44,Th
506.115972,43,Th
506.127166,2200,Th
506.178034,19,Th
506.240692,12,Th
506.250965,91,Th
506.263377,380,Th
506.306735,600,Th
506.344830,398,Ar
506.390669,73,Th
506.424631,19,Th
506.434405,640,Th
506.492730,590,Th
506.498327,29,Th
506.507515,26,Th
506.541056,590,Th
506.546183,240,Th
506.574615,230,Th
506.580218,61,Th
506.601398,3900,Th
506.635740,4700,Th
506.660463,2200,Th
506.754803,1300,Th
506.787586,25,Th
506.818978,730,Th
506.824813,33,Th
506.837168,98,Th
506.855061,510,Th
506.907450,27,Th
506.907865,31,Th
506.921740,110,Th
506.938666,15000,Th
507.024224,250,Th
507.036030,49,Th
507.050540,70,Th
507.075232,330,Th
507.103923,6,Th
507.127330,10,Th
507.186617,75,Th
507.219125,140,Th
507.316748,60,Th
507.327784,16,Th
507.389167,26,Th
507.404306,93,Th
507.429563,72,Th
507.450583,30,Th
507.539460,15,Th
507.606127,170,Th
507.621750,63,Th
507.688086,190,Th
507.736497,59,Th
507.755978,16,Th
507.800573,46,Th
507.800973,46,Th
507.891525,31,Th
508.025880,46,Th
508.055336,79,Th
508.132369,100,Th
508.156560,6,Th
508.189225,25,Th
508.250902,17,Th
508.255407,10,Th
508.273961,12,Th
508.286252,670,Th
508.318744,29,Th
508.342621,28,Th
508.350358,40,Th
508.403914,240,Th
508.447826,10,Th
508.493221,6,Th
508.545149,50,Th
508.584329,33,Th
508.611676,1200,Th
508.621316,200,Th
508.641095,680,Th
508.653934,40,Th
508.671302,700,Th
508.716595,24,Th
508.725687,78,Th
508.759579,120,Th
508.768828,16,Th
508.891875,24,Th
508.905423,0.5,Ar
508.915382,14,Th
508.970883,26,Th
509.013607,35,Th
509.063763,72,Th
509.093708,8,Th
509.146998,450,Th
509.191380,45,Ar
509.196408,970,Th
509.216963,640,Th
509.344502,5,Th
509.360640,1,Ar
509.450665,42,Th
509.471509,28,Th
509.552636,240,Th
509.554960,290,Th
509.575097,11,Th
509.596529,60,Th
509.610946,97,Th
509.648799,1800,Th
509.657671,45,Th
509.664534,36,Th
509.664605,36,Th
509.695787,17,Th
509.706363,23,Th
509.727830,2,Ar
509.790521,2700,Th
509.798944,25,Th
509.822330,33,Th
509.828000,1,Ar
509.844928,11,Th
509.906525,32,Th
509.946422,680,Th
510.007969,29,Th
510.035267,360,Th
510.045295,210,Th
510.082021,23,Th
510.186355,0.5,Ar
510.199082,350,Th
510.204265,3500,Th
510.215651,50,Th
510.255144,670,Th
510.276685,130,Th
510.322163,65,Th
510.365132,11,Th
510.382322,59,Th
510.393229,17,Th
510.512798,6,Th
510.518737,64,Th
510.530369,26,Th
510.534980,14,Th
510.598912,79,Th
510.603202,69,Th
510.655800,14,Th
510.666490,28,Th
510.774489,25,Th
510.809234,130,Th
510.865990,27,Th
510.876176,28,Th
510.921257,29,Th
510.927156,24,Th
510.968162,56,Th
511.002311,25,Th
511.115723,330,Th
511.147208,91,Th
511.164012,66,Th
511.197711,290,Th
511.214600,42,Th
511.228822,300,Th
511.237390,57,Th
511.248561,390,Th
511.270261,1200,Th
511.299859,65,Th
511.310597,60,Th
511.447326,40,Th
511.471946,160,Th
511.480687,220,Th
511.516296,11,Th
511.549098,48,Th
511.581880,24,Th
511.600588,45,Th
511.647003,6800,Th
511.695142,46,Th
511.772192,310,Th
511.807850,31,Th
511.871853,510,Th
511.960205,87,Th
511.972121,52,Th
512.109410,43,Th
512.129414,70,Th
512.188110,25,Th
512.201815,22,Th
512.209064,38,Th
512.275160,120,Th
512.290760,5,Ar
512.312710,26,Th
512.338177,22,Th
512.365354,24,Th
512.374342,27,Th
512.387584,31,Th
512.392694,510,Th
512.402421,0.5,Ar
512.403566,0.5,Ar
512.432502,26,Th
512.440840,2,Ar
512.442440,44,Th
512.455850,91,Th
512.458410,26,Th
512.467076,120,Th
512.491047,8,Th
512.586262,34,Th
512.611883,32,Th
512.635538,16,Th
512.672445,45,Th
512.691778,650,Th
512.719420,17,Ar
512.722049,79,Th
512.724901,100,Th
512.737857,1400,Th
512.807989,35,Th
512.991872,1200,Th
512.999424,46,Th
513.032075,10,Th
513.052090,2,Ar
513.063215,76,Th
513.088085,21,Th
513.098148,120,Th
513.108566,44,Th
513.127445,74,Th
513.141959,48,Th
513.166338,260,Th
513.220460,63,Th
513.224792,58,Th
513.250147,300,Th
513.252569,1,Ar
513.257493,30,Th
513.268943,27,Th
513.292327,46,Th
513.313700,33,Th
513.342235,120,Th
513.357524,2,Ar
513.366875,60,Th
513.417255,90,Th
513.453542,330,Th
513.518072,71,Th
513.536482,16,Th
513.576783,28,Th
513.600000,43,Th
513.617656,2100,Th
513.665470,120,Th
513.683549,29,Th
513.701605,60,Th
513.728666,24,Th
513.749662,15,Th
513.755257,160,Th
513.782767,80,Th
513.814694,9,Th
513.817304,19,Th
513.872920,16,Th
513.890465,580,Th
513.897117,33,Th
513.926611,26,Th
513.951904,44,Th
513.978040,5,Th
513.999930,25,Th
514.035733,33,Th
514.038983,64,Th
514.049287,54,Th
514.074300,16,Th
514.088072,76,Th
514.120100,6,Th
514.150060,10,Th
514.155841,39,Th
514.195650,41,Th
514.214029,570,Th
514.215022,290,Th
514.220580,670,Th
514.241555,17,Th
514.269681,99,Th
514.306099,31,Th
514.321509,224,Ar
514.470018,900,Th
514.497300,29,Th
514.524858,200,Th
514.534955,2900,Th
514.557680,15,Th
514.623640,31,Th
514.647166,530,Th
514.674158,162,Ar
514.708770,28,Th
514.748928,410,Th
514.852177,26,Th
514.856809,100,Th
514.888833,12,Th
514.925080,29,Th
514.939485,15,Th
514.964579,910,Th
515.033059,18,Th
515.064144,370,Th
515.124266,160,Th
515.213488,180,Th
515.216215,35,Th
515.280834,39,Th
515.282600,5,Ar
515.304697,6000,Th
515.312419,95,Th
515.329433,260,Th
515.340339,54,Th
515.374061,21,Th
515.414270,13,Th
515.429600,5,Ar
515.486650,23,Th
515.495280,71,Th
515.505607,7,Th
515.536680,41,Th
515.541329,21,Th
515.567882,7800,Th
515.588742,41,Th
515.633464,130,Th
515.651972,51,Th
515.734768,29,Th
515.886272,170,Th
515.891569,52,Th
515.911591,19,Th
515.978545,42,Th
516.004117,16000,Th
516.059370,16,Th
516.077613,36,Th
516.089057,160,Th
516.094961,1,Ar
516.096096,49,Th
516.105747,390,Th
516.171300,19,Th
516.180630,11,Th
516.213026,780,Th
516.213091,780,Th
516.216832,970,Th
516.245640,29,Th
516.297733,2200,Th
516.314275,24,Th
516.372250,15,Ar
516.379283,160,Th
516.399096,81,Th
516.411385,43,Th
516.418430,14,Ar
516.429282,42,Th
516.467398,65,Th
516.489668,3300,Th
516.554666,120,Th
516.564192,76,Th
516.583984,290,Th
516.623035,160,Th
516.641289,68,Th
516.649725,170,Th
516.704590,120,Th
516.721180,48,Ar
516.767991,60,Th
516.782901,21,Th
516.805085,33,Th
516.809463,240,Th
516.831814,42,Th
516.836130,40,Th
516.836410,40,Th
516.931760,39,Th
516.983031,150,Th
517.002624,440,Th
517.036215,410,Th
517.046553,21,Th
517.113130,21,Th
517.166279,220,Th
517.174042,48,Th
517.180850,29,Th
517.185277,29,Th
517.200958,5,Th
517.207319,5,Th
517.355391,15,Th
517.365286,30,Th
517.379452,15,Th
517.391959,100,Th
517.435835,68,Th
517.511247,630,Th
517.528211,140,Th
517.568399,270,Th
517.581127,370,Th
517.601811,20,Th
517.624028,410,Th
517.638310,12,Th
517.651421,21,Th
517.676610,900,Th
517.685621,2,Ar
517.735351,550,Th
517.758902,41,Th
517.767068,26,Ar
517.773716,26,Th
517.784538,610,Th
517.798991,41,Th
517.817312,26,Th
517.840298,5000,Th
517.845628,230,Th
517.852122,85,Th
517.891782,190,Th
517.906495,700,Th
517.977813,110,Th
517.992219,380,Th
518.013258,26,Th
518.029914,15,Th
518.058639,72,Th
518.143800,8,Th
518.163426,20,Th
518.185304,15,Th
518.216379,280,Th
518.275820,8,Th
518.299216,40,Th
518.343079,37,Th
518.348060,78,Th
518.358236,15,Th
518.384822,25,Th
518.397029,560,Th
518.452368,1,Ar
518.453322,180,Th
518.473308,26,Th
518.478421,160,Th
518.543333,570,Th
518.589724,670,Th
518.608283,53,Th
518.617525,170,Th
518.624941,31,Th
518.633718,26,Th
518.664838,170,Th
518.668501,60,Th
518.668606,60,Th
518.680921,280,Th
518.711085,16,Th
518.734140,44,Th
518.753790,8,Th
518.761740,18,Th
518.785747,440,Th
518.861230,260,Th
518.878206,1400,Th
518.891243,240,Th
518.919110,20,Ar
518.921893,33,Th
518.939645,87,Th
518.981053,190,Th
519.045533,89,Th
519.091179,15,Th
519.112246,130,Th
519.166631,25,Th
519.181316,40,Th
519.231763,740,Th
519.278497,76,Th
519.281134,10,Ar
519.292649,15,Th
519.297785,420,Th
519.315765,20,Th
519.336420,10,Th
519.343340,28,Th
519.362647,25,Th
519.385442,20,Th
519.419360,78,Th
519.485408,52,Th
519.498596,34,Th
519.504908,28,Th
519.508955,52,Th
519.527202,600,Th
519.539211,340,Th
519.558718,13,Th
519.568193,17,Th
519.590411,1900,Th
519.672129,18,Th
519.702616,33,Th
519.726052,5100,Th
519.749019,46,Th
519.789196,39,Th
519.797811,12,Th
519.802496,15,Th
519.857610,12,Th
519.868350,410,Th
519.902623,31,Th
519.913820,12,Th
519.948867,30,Th
519.961156,20,Th
520.024744,3000,Th
520.028933,360,Th
520.061159,9200,Th
520.077461,1500,Th
520.302129,39,Th
520.345721,290,Th
520.364140,5,Ar
520.385908,25,Th
520.467643,23,Th
520.509171,15,Th
520.529592,470,Th
520.589250,7,Ar
520.644003,59,Th
520.660159,710,Th
520.701343,68,Th
520.722835,320,Th
520.737795,42,Th
520.754420,77,Th
520.768970,26,Th
520.785904,25,Th
520.794524,650,Th
520.811240,330,Th
520.824938,240,Th
520.853427,49,Th
520.911817,71,Th
520.925140,310,Th
520.953895,40,Th
520.959660,14,Th
521.117497,1500,Th
521.163584,39,Th
521.170177,72,Th
521.170360,72,Th
521.202663,92,Th
521.227330,33,Th
521.268133,6900,Th
521.302792,37,Th
521.311963,20,Th
521.379834,59,Th
521.413367,46,Th
521.480082,2500,Th
521.493784,320,Th
521.521016,28,Th
521.538263,10,Th
521.561335,180,Th
521.586636,20,Th
521.641876,260,Th
521.654673,0.5,Ar
521.721562,62,Th
521.804905,850,Th
521.814059,30,Th
521.826649,28,Ar
521.855689,10,Th
521.872936,30,Th
521.973194,10,Th
521.997997,460,Th
522.056300,4400,Th
522.081273,100,Th
522.104835,1,Ar
522.141721,47,Th
522.158587,20,Th
522.176238,94,Th
522.216024,370,Th
522.237996,640,Th
522.272400,7,Ar
522.331610,6,Ar
522.371713,84,Th
522.422001,60,Th
522.557687,54,Th
522.615077,26,Th
522.646846,19,Th
522.653084,27,Th
522.697578,26,Th
522.703749,51,Th
522.721621,29,Th
522.732174,6,Th
522.754527,27,Th
522.798046,120,Th
522.801851,26,Th
522.853820,29,Th
522.891849,33,Th
522.910053,19,Th
522.949585,8,Th
522.968010,830,Th
522.980997,68,Th
523.045082,300,Th
523.125047,71,Th
523.146784,80,Th
523.195870,6,Ar
523.224600,0.5,Ar
523.261585,15000,Th
523.311495,16,Th
523.316267,25,Th
523.317659,26,Th
523.325846,49,Th
523.347024,140,Th
523.353076,25,Th
523.373397,38,Th
523.379807,100,Th
523.429884,24,Th
523.468229,990,Th
523.481864,21,Th
523.524047,26,Th
523.556401,360,Th
523.570307,140,Th
523.717841,27,Th
523.747714,1,Ar
523.768979,2,Ar
523.788544,43,Th
523.820160,37,Th
523.822712,43,Th
523.832120,1,Ar
523.837385,27,Th
523.849548,30,Th
523.869087,52,Th
523.908642,74,Th
523.936135,190,Th
523.944014,27,Th
523.944779,16,Th
524.027209,2100,Th
524.052459,31,Th
524.093317,140,Th
524.101061,1800,Th
524.143345,29,Th
524.165552,640,Th
524.179610,10,Th
524.224083,29,Th
524.260825,37,Th
524.268155,48,Th
524.324804,2,Ar
524.331019,270,Th
524.354846,160,Th
524.414216,48,Th
524.457335,15,Th
524.486143,17,Th
524.509620,35,Th
524.520023,150,Th
524.529634,81,Th
524.556716,28,Th
524.604888,40,Th
524.610598,45,Th
524.652760,1,Ar
524.683810,7,Ar
524.715690,29,Th
524.833227,37,Th
524.865745,540,Th
524.874733,110,Th
524.882204,130,Th
524.893200,1,Ar
524.911532,1900,Th
524.944740,3,Ar
524.965820,110,Th
524.993063,54,Th
525.004882,40,Th
525.012160,7,Th
525.031556,25,Th
525.100680,11,Ar
525.112827,25,Th
525.131920,16,Th
525.163067,25,Th
525.233439,190,Th
525.256740,12,Ar
525.264214,62,Th
525.282573,83,Th
525.286430,11,Ar
525.324223,25,Th
525.338208,33,Th
525.359759,1,Ar
525.362683,55,Th
525.374030,25,Th
525.402953,37,Th
525.421773,35,Th
525.471617,41,Th
525.489801,63,Th
525.491442,830,Th
525.499553,41,Th
525.513727,75,Th
525.539786,16,Th
525.557101,160,Th
525.572132,550,Th
525.576308,56,Th
525.685940,0.5,Ar
525.694460,11,Th
525.703666,140,Th
525.712813,1,Ar
525.714300,1,Ar
525.714400,1,Ar
525.738214,43,Th
525.743700,30,Th
525.802670,8,Ar
525.850859,32,Th
525.851111,32,Th
525.906883,20,Th
525.943838,19,Th
525.966898,190,Th
525.971200,1,Ar
525.982380,9200,Th
525.993690,65,Th
526.024269,14,Th
526.037396,20,Th
526.060127,40,Th
526.064400,1,Ar
526.104779,56,Th
526.123999,190,Th
526.156819,1500,Th
526.233002,15,Th
526.265737,33,Th
526.293635,550,Th
526.299795,60,Th
526.336260,7,Ar
526.348992,16,Th
526.408600,230,Th
526.458000,12,Th
526.494360,56,Th
526.535604,77,Th
526.576700,1,Ar
526.579445,34,Th
526.624770,17,Ar
526.642151,71,Th
526.654345,36,Th
526.753340,5,Th
526.817597,4600,Th
526.850698,31,Th
526.863090,14,Ar
526.882991,78,Th
526.942580,3,Ar
526.962503,10,Th
526.972460,3,Ar
527.000441,10,Th
527.019874,120,Th
527.039906,15,Th
527.085220,41,Th
527.085286,41,Th
527.100510,54,Th
527.111111,22,Th
527.122350,4,Ar
527.125920,320,Th
527.158450,15,Th
527.220230,16,Th
527.229773,60,Th
527.248930,38,Th
527.308010,15,Th
527.355750,25,Th
527.411109,150,Th
527.439424,710,Th
527.459943,460,Th
527.466461,70,Th
527.482444,64,Th
527.500131,27,Th
527.506500,1,Ar
527.506945,48,Th
527.515926,43,Th
527.533810,0.5,Ar
527.558644,1800,Th
527.577810,12,Th
527.585744,150,Th
527.605196,25,Th
527.641493,34,Th
527.691208,23,Th
527.723753,23,Th
527.775330,16,Th
527.787729,150,Th
527.861436,450,Th
527.868266,38,Th
527.880940,15,Th
527.887124,51,Th
527.896892,1300,Th
527.911520,47,Th
527.969526,15,Th
527.984716,10,Th
528.066612,86,Th
528.123675,10,Th
528.155430,41,Th
528.174786,47,Th
528.181355,190,Th
528.198468,38,Th
528.253832,1300,Th
528.309920,21,Ar
528.342076,44,Th
528.365120,39,Th
528.386460,240,Th
528.402192,37,Th
528.424222,45,Th
528.492723,1,Ar
528.516638,130,Th
528.577558,9,Th
528.601264,96,Th
528.622645,58,Th
528.666302,15,Th
528.690098,2,Ar
528.797221,40,Th
528.835803,18,Ar
528.863866,21,Th
528.872658,6,Th
528.912015,15,Th
528.943306,21,Th
529.010712,1,Ar
529.097593,35,Th
529.109442,140,Th
529.136948,270,Th
529.152730,9,Ar
529.195150,26,Th
529.213358,18,Th
529.247900,0.5,Ar
529.260691,21,Th
529.310675,15,Th
529.328896,810,Th
529.337067,35,Th
529.342220,0.5,Ar
529.354961,67,Th
529.413503,15,Th
529.439949,110,Th
529.454332,15,Th
529.460674,48,Th
529.461040,48,Th
529.490745,15,Th
529.528850,6,Ar
529.553997,76,Th
529.587023,1300,Th
529.616738,62,Th
529.622624,57,Th
529.630406,14,Th
529.656172,220,Th
529.709013,100,Th
529.709084,100,Th
529.714692,93,Th
529.738500,3,Ar
529.775229,1800,Th
529.786220,7,Ar
529.815170,68,Th
529.826870,3,Ar
529.831840,92,Th
529.888140,160,Th
529.921710,2000,Th
529.932183,630,Th
529.947405,2,Ar
529.975663,2000,Th
530.003422,320,Th
530.018777,27,Th
530.055681,5,Ar
530.084831,10,Th
530.092439,26,Th
530.126169,10,Th
530.179486,20,Th
530.199806,1100,Th
530.213610,45,Th
530.225000,8,Ar
530.244553,13,Th
530.287942,360,Th
530.312584,20,Th
530.352580,33,Th
530.388133,17,Th
530.402009,26,Th
530.425697,5,Th
530.452416,200,Th
530.463847,150,Th
530.480920,130,Th
530.495880,450,Th
530.503745,55,Th
530.609873,91,Th
530.615623,100,Th
530.677935,270,Th
530.696378,27,Th
530.705335,200,Th
530.715900,15,Ar
530.716410,15,Ar
530.721975,130,Th
530.750053,6,Th
530.764157,26,Th
530.846296,520,Th
530.894213,890,Th
530.918590,13,Th
530.954770,5,Ar
530.962953,28,Th
530.978741,120,Th
530.990875,88,Th
531.020199,28,Th
531.028282,31,Th
531.053189,10,Th
531.108646,270,Th
531.120823,38,Th
531.157328,27,Th
531.174398,670,Th
531.191180,26,Th
531.234364,130,Th
531.264912,36,Th
531.334448,240,Th
531.345950,5,Ar
531.347951,7300,Th
531.355580,5,Ar
531.400683,3400,Th
531.412149,340,Th
531.425931,260,Th
531.438248,2200,Th
531.509200,54,Th
531.565579,35,Th
531.568881,28,Th
531.573552,39,Th
531.573945,2,Ar
531.670140,4,Ar
531.670638,220,Th
531.723940,6,Th
531.731285,26,Th
531.826298,26,Th
531.897365,1500,Th
531.958986,220,Th
531.970336,29,Th
531.990623,280,Th
532.049329,10,Th
532.122359,43,Th
532.157836,120,Th
532.197250,13,Th
532.225002,290,Th
532.247316,54,Th
532.279580,36,Th
532.279830,36,Th
532.335275,10,Th
532.391276,27,Th
532.395266,20,Th
532.437947,380,Th
532.488140,110,Th
532.500613,27,Th
532.531972,810,Th
532.552060,20,Th
532.607053,67,Th
532.612596,140,Th
532.662520,840,Th
532.691301,630,Th
532.704401,20,Th
532.766949,180,Th
532.775898,1000,Th
532.845751,4400,Th
532.934231,50,Th
532.948879,40,Th
533.022296,1,Ar
533.085682,440,Th
533.095431,120,Th
533.095545,120,Th
533.108397,10,Th
533.118160,10,Ar
533.123828,190,Th
533.149089,65,Th
533.156295,740,Th
533.181783,270,Th
533.199861,42,Th
533.212816,3,Ar
533.234475,95,Th
533.252460,6,Ar
533.271121,13,Th
533.296259,42,Th
533.323085,130,Th
533.360305,10,Th
533.372365,27,Th
533.464318,100,Th
533.468276,42,Th
533.486819,150,Th
533.513550,54,Th
533.529850,36,Th
533.561987,69,Th
533.658609,0.5,Ar
533.685681,41,Th
533.739900,1,Ar
533.779816,220,Th
533.826793,88,Th
533.849998,390,Th
533.858100,26,Th
533.873110,1,Ar
533.898408,10,Th
533.958560,1,Ar
533.969836,110,Th
533.977148,94,Th
533.984991,39,Th
534.012542,86,Th
534.081400,1,Ar
534.138357,280,Th
534.145025,27,Th
534.198377,520,Th
534.213295,1100,Th
534.267892,79,Th
534.269996,70,Th
534.386040,13,Th
534.403337,25,Th
534.415670,17,Th
534.427262,19,Th
534.477714,100,Th
534.484459,43,Th
534.506745,11000,Th
534.572740,26,Th
534.579450,15,Th
534.600960,7,Ar
534.648432,100,Th
534.672544,25,Th
534.700802,17,Th
534.708340,1,Ar
534.786473,270,Th
534.825096,34,Th
534.849750,45,Th
534.853132,130,Th
534.891870,26,Th
534.904120,35,Th
534.945875,980,Th
534.975090,13,Ar
534.979675,130,Th
535.001725,15,Th
535.009007,2,Ar
535.049290,320,Th
535.088770,6,Th
535.091793,15,Th
535.119362,2,Ar
535.169295,60,Th
535.197323,13,Th
535.261481,1300,Th
535.280604,66,Th
535.286924,27,Th
535.292100,4,Ar
535.293760,53,Th
535.310112,26,Th
535.332492,380,Th
535.348453,69,Th
535.375788,25,Th
535.380303,15,Th
535.383358,20,Th
535.447569,200,Th
535.456123,120,Th
535.456236,120,Th
535.465067,33,Th
535.519855,52,Th
535.545546,25,Th
535.609075,220,Th
535.623190,13,Th
535.632350,1,Ar
535.712598,420,Th
535.762558,36,Th
535.768030,20,Th
535.777090,5,Th
535.795430,32,Th
535.816058,32,Th
535.881801,10,Th
535.893200,6,Th
535.923105,27,Th
535.926570,1,Ar
535.932040,33,Th
535.932700,1,Ar
535.933960,1,Ar
535.957115,25,Th
535.986920,14,Ar
535.990310,15,Th
536.003711,10,Th
536.011944,2,Ar
536.019634,380,Th
536.024941,32,Th
536.055750,6,Ar
536.071917,26,Th
536.092130,19,Th
536.131761,420,Th
536.164061,2200,Th
536.247950,27,Th
536.264658,560,Th
536.290144,78,Th
536.324666,13,Th
536.327666,6,Th
536.374128,140,Th
536.406648,790,Th
536.502317,44,Th
536.509831,90,Th
536.536860,24,Th
536.542553,24,Th
536.564603,1,Ar
536.566299,33,Th
536.585480,10,Th
536.593562,29,Th
536.611524,80,Th
536.617861,32,Th
536.635312,15,Th
536.647917,19,Th
536.696261,200,Th
536.698015,1,Ar
536.701645,84,Th
536.714720,18,Th
536.740882,10,Th
536.804484,9,Th
536.819918,79,Th
536.871818,250,Th
536.934001,15,Th
536.996212,46,Th
537.014581,22,Th
537.066224,78,Th
537.077484,900,Th
537.094016,720,Th
537.138350,46,Th
537.201254,25,Th
537.220284,570,Th
537.261788,61,Th
537.272330,18,Th
537.317180,14,Th
537.349047,97,Th
537.349900,2,Ar
537.361169,14,Th
537.371261,4,Th
537.388066,13,Th
537.394852,49,Th
537.394999,49,Th
537.419668,820,Th
537.443429,30,Th
537.463546,27,Th
537.471555,54,Th
537.488788,66,Th
537.613040,60,Th
537.631637,1800,Th
537.649409,150,Th
537.684723,680,Th
537.699148,54,Th
537.726367,610,Th
537.762538,4200,Th
537.785472,9,Th
537.809352,19,Th
537.812980,12,Ar
537.824200,140,Th
537.827601,820,Th
537.946480,50,Th
537.957446,7,Ar
537.966520,140,Th
538.033129,1800,Th
538.060615,3300,Th
538.066200,2,Ar
538.067080,73,Th
538.077810,41,Th
538.082706,28,Th
538.138122,27,Th
538.171050,54,Th
538.286735,140,Th
538.367174,89,Th
538.372810,46,Th
538.383420,2,Ar
538.403683,33,Th
538.411910,19,Th
538.442425,590,Th
538.455091,52,Th
538.523670,13,Th
538.553264,260,Th
538.579846,270,Th
538.587350,8,Ar
538.651032,16,Th
538.657182,37,Th
538.665884,12,Th
538.685388,5,Th
538.722717,55,Th
538.760910,33,Th
538.765169,10,Th
538.791928,28,Th
538.796811,55,Th
538.802222,2,Ar
538.810805,4700,Th
538.828747,96,Th
538.864995,120,Th
538.882055,29,Th
538.954894,750,Th
539.040437,67,Th
539.062660,110,Th
539.095633,47,Th
539.140733,14,Th
539.169566,70,Th
539.192429,2400,Th
539.196584,940,Th
539.208473,11,Th
539.216250,7,Th
539.225011,130,Th
539.257489,190,Th
539.343890,14,Th
539.385706,34,Th
539.407201,770,Th
539.426366,15,Th
539.439200,20,Th
539.461218,60,Th
539.467612,100,Th
539.476612,17,Th
539.509974,8,Ar
539.537248,180,Th
539.547142,850,Th
539.626057,4100,Th
539.635161,1,Ar
539.674879,27,Th
539.761420,140,Th
539.792279,24,Th
539.803850,14,Th
539.821425,21,Th
539.840620,13,Th
539.862785,130,Th
539.894307,28,Th
539.900683,11,Th
539.901831,35,Ar
539.922068,5,Th
539.938578,64,Th
539.970543,330,Th
540.001046,46,Th
540.020235,1300,Th
540.040176,210,Th
540.042314,940,Th
540.067550,1800,Th
540.092100,45,Th
540.112299,350,Th
540.164697,430,Th
540.214251,1,Ar
540.227750,36,Th
540.236579,6,Th
540.303716,57,Th
540.308754,32,Th
540.323150,15,Th
540.339258,4,Th
540.367290,1,Ar
540.377874,44,Th
540.410795,15,Ar
540.428130,7,Th
540.470168,760,Th
540.620746,23,Th
540.671221,49,Th
540.716294,22,Th
540.729054,48,Th
540.783682,27,Th
540.825832,220,Th
540.858010,14,Th
540.884824,24,Ar
540.906426,99,Th
540.915691,4900,Th
541.025214,88,Th
541.036800,53,Th
541.080835,23,Th
541.091632,1,Ar
541.110588,11,Th
541.143670,6,Th
541.176100,73,Th
541.181840,36,Th
541.227294,3700,Th
541.250710,14,Th
541.281655,26,Th
541.290498,17,Th
541.316065,3,Ar
541.372560,190,Th
541.395170,6,Ar
541.417650,38,Th
541.431467,27,Th
541.446375,4,Th
541.463152,5,Th
541.475494,28,Th
541.530243,150,Th
541.531422,80,Th
541.542336,77,Th
541.602805,93,Th
541.603217,93,Th
541.642500,28,Th
541.662874,13,Th
541.693833,780,Th
541.702806,1600,Th
541.706078,120,Th
541.721802,46,Th
541.727092,41,Th
541.823112,1,Ar
541.869666,27,Th
541.880103,48,Th
541.899174,12000,Th
541.931439,98,Th
541.958560,30,Th
541.972878,51,Th
542.020812,17,Th
542.063502,340,Th
542.096080,5,Th
542.115916,22,Th
542.173278,26,Th
542.173320,26,Th
542.189000,3,Th
542.194795,23,Th
542.271583,69,Th
542.285800,5,Ar
542.317009,240,Th
542.334324,370,Th
542.347381,29,Th
542.375616,11,Th
542.435463,46,Th
542.442168,42,Th
542.483134,18,Th
542.495401,99,Th
542.501121,110,Th
542.551555,2500,Th
542.564530,100,Th
542.564937,100,Th
542.587756,27,Th
542.623778,110,Th
542.630745,5,Th
542.718647,1200,Th
542.767891,90,Th
542.776991,40,Th
542.791579,370,Th
542.802816,7,Th
542.808075,57,Th
542.813072,33,Th
542.886262,11,Th
542.898469,31,Th
542.912950,120,Th
542.927667,35,Th
542.935208,7,Th
542.941742,28,Th
542.954783,60,Th
542.958076,57,Th
543.046463,74,Th
543.061395,210,Th
543.162985,17,Th
543.205843,16,Th
543.210758,60,Th
543.231333,26,Th
543.262144,3100,Th
543.292857,29,Th
543.311517,92,Th
543.327604,74,Th
543.363208,11,Th
543.408666,74,Th
543.424997,36,Th
543.427203,92,Th
543.445960,1,Ar
543.464000,34,Th
543.480229,160,Th
543.521091,200,Th
543.538732,76,Th
543.566187,1400,Th
543.645542,34,Th
543.645724,34,Th
543.663340,340,Th
543.723446,180,Th
543.740336,930,Th
543.765777,6,Th
543.774274,56,Th
543.783214,12,Th
543.801050,81,Th
543.831186,12,Th
543.874172,25,Th
543.889918,690,Th
543.946099,19,Th
543.964905,310,Th
543.976343,43,Th
544.100680,12,Th
544.118464,3,Ar
544.136382,280,Th
544.162949,24,Th
544.189081,20,Th
544.205650,1,Ar
544.211360,680,Th
544.231025,18,Th
544.246177,2,Ar
544.255664,120,Th
544.272681,320,Th
544.281560,36,Th
544.389781,51,Th
544.445510,7,Th
544.463159,600,Th
544.498953,6,Th
544.520387,7,Ar
544.533891,51,Th
544.540030,25,Th
544.551101,21,Th
544.588632,21,Th
544.592599,6,Th
544.599161,36,Th
544.610086,14,Th
544.630234,36,Th
544.668796,20,Th
544.753721,50,Th
544.783580,39,Th
544.792734,15,Th
544.832134,50,Th
544.840725,28,Th
544.858480,6,Th
544.866756,6500,Th
544.882928,370,Th
544.893356,12,Th
544.908355,2,Ar
544.978598,130,Th
545.099333,1100,Th
545.116658,39,Th
545.141168,83,Th
545.151990,14,Th
545.166077,28,Th
545.202537,66,Th
545.217863,49,Th
545.225980,21,Th
545.240400,29,Th
545.249220,6,Th
545.258030,0.5,Ar
545.260444,43,Th
545.316680,10,Ar
545.373391,3800,Th
545.385246,110,Th
545.404135,37,Th
545.411862,26,Th
545.461034,14,Th
545.481400,21,Th
545.487090,14,Th
545.509450,36,Th
545.510650,5,Ar
545.516420,5,Ar
545.520548,25,Th
545.526806,6,Th
545.581367,11,Ar
545.582490,11,Ar
545.629890,1,Ar
545.635210,12,Th
545.643312,25,Th
545.711974,69,Th
545.777011,75,Th
545.788890,5,Ar
545.816912,51,Th
545.880708,430,Th
545.962056,26,Th
545.992666,30,Th
546.000575,6,Th
546.033990,7,Th
546.048457,1700,Th
546.068757,39,Th
546.188218,8,Th
546.197303,14,Th
546.253759,32,Th
546.267469,36,Th
546.282635,19,Th
546.291880,11,Th
546.314865,26,Th
546.325346,430,Th
546.340807,150,Th
546.385520,230,Th
546.413090,510,Th
546.483985,150,Th
546.528830,120,Th
546.572369,1700,Th
546.630580,6,Th
546.660948,23,Th
546.678620,34,Th
546.685814,76,Th
546.754250,16,Th
546.778853,30,Th
546.795285,6,Ar
546.812066,34,Th
546.820444,15,Th
546.832239,42,Th
546.832619,42,Th
546.868982,120,Th
546.892413,34,Th
546.968609,13,Th
547.008038,6,Th
547.025869,21,Th
547.061858,4,Ar
547.071668,40,Th
547.122841,15,Th
547.166610,170,Th
547.176490,27,Th
547.184242,2,Ar
547.227932,1400,Th
547.245476,110,Th
547.290941,34,Th
547.290963,34,Th
547.405649,66,Th
547.416042,1,Ar
547.422193,28,Th
547.422378,28,Th
547.492939,100,Th
547.513744,22,Th
547.537088,24,Th
547.549952,10,Th
547.564240,6,Th
547.566742,13,Th
547.625561,430,Th
547.638606,500,Th
547.727969,23,Th
547.800762,63,Th
547.800913,63,Th
547.857579,55,Th
547.907298,120,Th
547.965620,14,Th
548.026701,120,Th
548.042390,20,Th
548.059706,480,Th
548.098475,57,Th
548.120800,26,Th
548.241375,140,Th
548.273647,36,Th
548.300419,70,Th
548.300463,70,Th
548.313924,14,Th
548.335392,25,Th
548.348595,57,Th
548.352284,1,Ar
548.392690,37,Th
548.392697,37,Th
548.402503,190,Th
548.443460,23,Th
548.466807,59,Th
548.486860,71,Th
548.514468,22,Th
548.523546,14,Th
548.541090,36,Th
548.564371,74,Th
548.567050,440,Th
548.578740,110,Th
548.582953,1,Ar
548.599610,35,Th
548.608370,130,Th
548.612934,22,Th
548.614984,14,Th
548.651663,73,Th
548.723819,29,Th
548.762784,1,Ar
548.770618,10,Th
548.802680,270,Th
548.844649,150,Th
548.865640,15,Th
548.895170,7,Th
548.903316,60,Th
548.936611,120,Th
548.949905,57,Th
548.973320,15,Th
549.003330,15,Th
549.015369,420,Th
549.023265,66,Th
549.032535,22,Th
549.045020,300,Th
549.046410,30,Th
549.061356,320,Th
549.098439,22,Th
549.114801,76,Th
549.220743,1,Ar
549.305860,23,Th
549.358925,40,Th
549.359240,40,Th
549.385790,290,Th
549.393700,320,Th
549.416941,2800,Th
549.443730,35,Th
549.468256,49,Th
549.473017,970,Th
549.512061,35,Th
549.545056,15,Th
549.550125,34,Th
549.585706,1300,Th
549.608788,130,Th
549.615044,21,Th
549.631481,15,Th
549.733512,87,Th
549.740000,25,Ar
549.766385,2200,Th
549.799712,15,Th
549.865598,3,Ar
549.893686,15,Th
549.928109,30,Th
549.952537,42,Th
549.971190,8,Ar
550.024356,32,Th
550.051245,2,Ar
550.078300,11000,Th
550.117547,670,Th
550.156079,75,Th
550.165910,92,Th
550.186080,10,Ar
550.280991,680,Th
550.302780,2,Ar
550.308036,190,Th
550.323073,36,Th
550.347199,300,Th
550.357305,15,Th
550.424832,30,Th
550.455298,38,Th
550.479600,3,Ar
550.479850,130,Th
550.489859,7,Th
550.500345,23,Th
550.522693,15,Th
550.583108,2800,Th
550.644980,3,Ar
550.649290,22,Th
550.707806,15,Th
550.746439,38,Th
550.760790,38,Th
550.764170,5,Ar
550.785885,22,Th
550.795399,23,Th
550.820427,7,Th
550.844951,400,Th
550.881778,7,Th
550.906857,700,Th
550.910983,72,Th
550.929420,6,Ar
550.948538,80,Th
550.958162,40,Th
551.008880,540,Th
551.064313,19,Th
551.152430,5400,Th
551.190520,56,Th
551.202821,110,Th
551.221414,200,Th
551.259174,120,Th
551.373313,60,Th
551.423156,50,Th
551.461661,15,Th
551.483660,1,Ar
551.490474,15,Th
551.540254,60,Th
551.596620,30,Th
551.626540,75,Th
551.640495,3500,Th
551.737890,31,Th
551.811770,25,Th
551.821633,2,Ar
551.899003,31,Th
551.915134,18,Th
551.932795,43,Th
551.969844,12,Th
552.025731,42,Th
552.052249,640,Th
552.076849,310,Th
552.087580,4,Ar
552.187583,34,Th
552.228390,50,Th
552.229510,75,Th
552.248944,14,Th
552.298788,32,Th
552.328684,500,Th
552.329503,1,Ar
552.364082,30,Th
552.395277,24,Th
552.414636,28,Th
552.470175,85,Th
552.480600,27,Th
552.496087,150,Th
552.498518,40,Th
552.507492,30,Th
552.524056,2,Ar
552.548685,30,Th
552.575308,230,Th
552.611719,1100,Th
552.616484,180,Th
552.669250,110,Th
552.733702,16,Th
552.741880,2,Ar
552.763690,25,Th
552.777540,26,Th
552.784807,32,Th
552.797143,39,Th
552.806681,130,Th
552.850970,8,Th
552.860613,16,Th
552.883064,530,Th
552.901866,67,Th
552.901897,67,Th
552.953929,56,Th
552.953980,56,Th
552.976287,560,Th
552.984246,66,Th
553.026390,33,Th
553.063302,250,Th
553.100892,23,Th
553.118450,37,Th
553.131517,14,Th
553.161226,130,Th
553.223391,220,Th
553.237892,16,Th
553.301812,8,Th
553.310890,39,Th
553.371744,110,Th
553.401600,8,Th
553.422783,13,Th
553.432050,140,Th
553.468342,150,Th
553.475395,170,Th
553.478940,160,Th
553.500385,40,Th
553.514746,25,Th
553.550125,32,Th
553.597688,40,Th
553.612426,28,Th
553.707158,1,Ar
553.723299,12,Th
553.750862,230,Th
553.787004,54,Th
553.797645,18,Th
553.851824,110,Th
553.866772,300,Th
553.883152,5,Ar
553.909442,440,Th
553.920460,7,Th
553.928751,8,Th
553.938014,16,Th
554.003208,190,Th
554.006073,64,Th
554.014689,770,Th
554.080028,14000,Th
554.144928,1700,Th
554.163977,60,Th
554.191266,8,Th
554.268545,470,Th
554.282359,22,Th
554.312075,340,Th
554.347501,220,Th
554.357031,24,Th
554.401115,27,Th
554.401620,37,Th
554.429955,27,Th
554.442960,2400,Th
554.491266,14,Th
554.501208,47,Th
554.520320,15,Th
554.544402,1,Ar
554.578920,32,Th
554.593260,24,Th
554.594522,30,Th
554.608562,16,Th
554.641125,8,Th
554.659094,7,Ar
554.685450,30,Th
554.734600,100,Th
554.766073,260,Th
554.803340,14,Th
554.816884,30,Th
554.867454,210,Th
554.919626,40,Th
554.936091,22,Th
554.971683,5100,Th
554.991928,140,Th
555.005621,150,Th
555.157050,10,Th
555.252722,16,Th
555.273342,190,Th
555.291376,660,Th
555.305830,22,Th
555.328265,40,Th
555.416491,530,Th
555.487633,6,Th
555.495791,44,Th
555.556450,29,Ar
555.568730,9,Ar
555.608943,37,Th
555.623661,33,Th
555.665949,8,Th
555.707436,520,Th
555.737992,48,Th
555.769206,230,Th
555.858887,4800,Th
555.885229,250,Th
555.946350,130,Th
555.988598,6600,Th
555.997855,280,Th
556.000893,73,Th
556.024550,25,Ar
556.038661,210,Th
556.038903,210,Th
556.068864,69,Th
556.106648,24,Th
556.143527,2200,Th
556.155047,24,Th
556.160442,110,Th
556.188760,36,Th
556.209755,12,Th
556.216625,75,Th
556.274829,19,Th
556.438838,41,Th
556.476800,2,Ar
556.491779,59,Th
556.512786,20,Th
556.518110,6,Th
556.574656,700,Th
556.591495,93,Th
556.623264,16,Th
556.634518,200,Th
556.655353,81,Th
556.665208,19,Th
556.770463,20,Th
556.827334,22,Th
556.893789,13,Th
556.947929,43,Th
556.954355,720,Th
556.955940,370,Th
557.008641,130,Th
557.038629,130,Th
557.081700,11,Th
557.103189,17,Th
557.180242,8,Th
557.230690,37,Th
557.247386,370,Th
557.273850,4900,Th
557.281315,410,Th
557.316618,35,Th
557.364349,110,Th
557.401238,3300,Th
557.408860,10,Ar
557.490122,10000,Th
557.515140,17,Th
557.532080,8,Th
557.541898,79,Th
557.557298,17,Th
557.642207,36,Th
557.646336,110,Th
557.671309,9,Th
557.681150,14,Th
557.699385,35,Th
557.707304,17,Th
557.754208,380,Th
557.775306,2200,Th
557.785372,150,Th
557.806150,14,Th
557.865825,19,Th
557.903838,150,Th
557.915040,89,Th
557.923410,9,Ar
557.944790,190,Th
557.963716,17,Th
558.007560,4,Ar
558.090761,4900,Th
558.153322,35,Th
558.162659,530,Th
558.175940,24,Th
558.194174,180,Th
558.230444,470,Th
558.283353,26,Th
558.291273,9,Th
558.391721,420,Th
558.416160,1,Ar
558.422977,160,Th
558.441687,330,Th
558.462560,14,Th
558.531272,620,Th
558.571573,92,Th
558.598205,23,Th
558.653178,17,Th
558.666904,29,Th
558.739873,120,Th
558.744450,44,Th
558.753423,32,Th
558.780832,17,Th
558.800421,300,Th
558.820542,59,Th
558.857770,20000,Th
558.928678,150,Th
558.940573,20,Th
558.965370,0.5,Ar
559.021676,29,Th
559.042086,250,Th
559.087954,24,Th
559.096430,18,Th
559.110684,15,Th
559.122012,13,Th
559.147370,34,Th
559.176673,100,Th
559.214385,48,Th
559.267051,7,Th
559.281342,22,Th
559.346118,140,Th
559.367169,22,Th
559.376320,1,Ar
559.414931,18,Th
559.435400,37,Th
559.482187,140,Th
559.502828,120,Th
559.507800,1,Ar
559.516423,820,Th
559.571450,51,Th
559.613254,160,Th
559.661707,4900,Th
559.716386,170,Th
559.731706,48,Th
559.733020,46,Th
559.740002,330,Th
559.750975,310,Th
559.771214,81,Th
559.839151,76,Th
559.999805,37,Th
560.082064,93,Th
560.085592,120,Th
560.111319,19,Th
560.120940,590,Th
560.141731,29,Th
560.202290,580,Th
560.268651,24,Th
560.274589,39,Th
560.304728,78,Th
560.315827,5000,Th
560.348220,19,Th
560.418147,140,Th
560.420702,0.5,Ar
560.461982,78,Th
560.531866,200,Th
560.549199,3,Ar
560.607168,1100,Th
560.622639,120,Th
560.636399,19,Th
560.679436,120,Th
560.685208,320,Th
560.794273,930,Th
560.809320,66,Th
560.828950,35,Ar
560.835980,190,Th
560.864016,98,Th
560.874924,81,Th
560.965390,66,Th
561.085323,170,Th
561.113102,400,Th
561.113783,5,Ar
561.141143,47,Th
561.166192,1400,Th
561.178831,2100,Th
561.188631,430,Th
561.223871,2300,Th
561.270100,8,Th
561.322800,2,Ar
561.332908,24,Th
561.362601,2400,Th
561.399600,64,Th
561.417534,330,Th
561.417548,330,Th
561.417680,330,Th
561.574630,24,Th
561.589665,24,Th
561.607155,50,Th
561.644653,62,Th
561.655830,82,Th
561.656584,84,Th
561.687836,7100,Th
561.718780,120,Th
561.728796,270,Th
561.743912,99,Th
561.788499,42,Th
561.799214,19,Th
561.806001,46,Th
561.825024,180,Th
561.850178,29,Th
561.877520,18,Th
561.884878,110,Th
561.920139,180,Th
562.012558,35,Th
562.018250,25,Th
562.029720,21,Th
562.048471,41,Th
562.056780,230,Th
562.098314,15,Th
562.103250,9,Th
562.108451,9,Th
562.123629,39,Th
562.128063,130,Th
562.153549,550,Th
562.157992,170,Th
562.247684,120,Th
562.284881,77,Th
562.334925,81,Th
562.462469,8,Th
562.470441,6,Th
562.497236,19,Th
562.503374,9,Th
562.558220,1,Ar
562.570930,79,Th
562.603034,12,Th
562.612311,81,Th
562.622730,18,Th
562.633522,74,Th
562.647448,270,Th
562.705906,7,Th
562.723990,10,Ar
562.762185,110,Th
562.764080,23,Th
562.772867,9,Th
562.829935,91,Th
562.857166,29,Th
562.916905,29,Th
562.992580,22,Th
563.013030,7,Th
563.018518,23,Th
563.052380,7,Th
563.073579,23,Th
563.087305,160,Th
563.129207,16,Th
563.142800,16,Th
563.178459,41,Th
563.185981,740,Th
563.197300,82,Th
563.215014,24,Th
563.267270,24,Th
563.272003,8,Ar
563.296150,1,Ar
563.359923,120,Th
563.368280,110,Th
563.373699,18,Th
563.405630,82,Th
563.433645,200,Th
563.443596,190,Th
563.485867,800,Th
563.515793,35,Th
563.521320,38,Th
563.566469,22,Th
563.578478,120,Th
563.586249,20,Th
563.618143,99,Th
563.622084,2,Ar
563.673743,49,Th
563.697260,16,Th
563.703914,20,Th
563.744407,230,Th
563.744559,13,Ar
563.818455,10,Th
564.033614,9,Th
564.086725,44,Th
564.102208,100,Th
564.131166,2800,Th
564.164093,430,Th
564.280578,120,Th
564.312337,480,Th
564.330019,560,Th
564.399438,2,Ar
564.467468,110,Th
564.490995,28,Th
564.515990,8,Th
564.535120,8,Th
564.550167,44,Th
564.566440,13,Th
564.579673,8,Th
564.664920,17,Th
564.709167,830,Th
564.723577,940,Th
564.741690,110,Th
564.746192,550,Th
564.777312,9,Th
564.783390,9,Th
564.792734,69,Th
564.801878,520,Th
564.868718,17,Th
564.927367,180,Th
564.944513,8,Th
565.042409,71,Th
565.048653,120,Th
565.055883,1500,Th
565.078470,17,Th
565.086017,93,Th
565.130733,10,Th
565.189597,110,Th
565.192620,370,Th
565.227230,20,Ar
565.246943,10,Th
565.289264,50,Th
565.301276,17,Th
565.373293,44,Th
565.400250,17,Th
565.412790,9,Th
565.423100,35,Th
565.447140,140,Th
565.477811,17,Th
565.499535,19,Th
565.539697,19,Th
565.547660,8,Th
565.559250,2,Ar
565.559287,340,Th
565.602651,8,Ar
565.608750,230,Th
565.617734,9,Th
565.669565,14,Th
565.678215,19,Th
565.682570,2,Ar
565.705891,120,Th
565.787011,35,Th
565.829867,110,Th
565.875100,120,Th
565.886280,18,Th
565.920671,80,Th
565.949551,1900,Th
566.015490,16,Th
566.026816,76,Th
566.078396,50,Th
566.144754,20,Th
566.158653,62,Th
566.192524,10,Th
566.223069,160,Th
566.298080,9,Th
566.461342,390,Th
566.502028,72,Th
566.554970,52,Th
566.579719,61,Th
566.619305,580,Th
566.657156,73,Th
566.675196,4300,Th
566.708047,32,Th
566.720051,580,Th
566.735081,18,Th
566.799166,85,Th
566.870062,1100,Th
566.908046,20,Th
566.958585,10,Th
566.991197,30,Th
566.997801,22,Th
567.037010,9,Th
567.046520,28,Th
567.080919,9,Th
567.141722,190,Th
567.176781,10,Th
567.224338,11,Th
567.239872,14,Th
567.264459,90,Th
567.282395,100,Th
567.307084,52,Th
567.429730,27,Th
567.443323,150,Th
567.455147,6,Ar
567.478750,17,Th
567.541041,390,Th
567.553028,18,Th
567.569610,19,Th
567.574342,20,Th
567.603888,45,Th
567.617349,4,Th
567.656109,910,Th
567.660250,210,Th
567.707650,67,Th
567.716812,20,Th
567.728030,20,Th
567.855333,110,Th
567.862812,1900,Th
567.900070,9,Th
567.929910,20,Th
568.009929,19,Th
568.058049,320,Th
568.100090,9,Th
568.111014,31,Th
568.195280,9,Th
568.206870,20,Th
568.226179,8,Th
568.282475,81,Th
568.301465,10,Th
568.303161,2,Ar
568.307930,2,Ar
568.381291,41,Th
568.401830,50,Th
568.442305,37,Th
568.506178,61,Th
568.575111,20,Th
568.644272,41,Th
568.676960,1100,Th
568.740483,31,Th
568.845399,76,Th
568.892679,150,Th
568.926230,100,Th
568.957287,20,Th
569.010161,10,Th
569.049640,210,Th
569.105408,10,Th
569.122536,100,Th
569.168791,100,Th
569.227209,160,Th
569.267654,210,Th
569.321813,150,Th
569.324080,11,Ar
569.326434,51,Th
569.338641,20,Th
569.348222,31,Th
569.373860,70,Th
569.443302,16,Th
569.451854,8,Th
569.515051,55,Th
569.533233,10,Th
569.601295,68,Th
569.766781,21,Th
569.777728,14,Th
569.797077,300,Th
569.987459,560,Th
570.012473,140,Th
570.020058,100,Th
570.079500,53,Th
570.095383,15,Th
570.165319,32,Th
570.203992,600,Th
570.227811,550,Th
570.236228,420,Th
570.249928,2200,Th
570.361180,33,Th
570.411739,10,Th
570.423324,300,Th
570.485380,81,Th
570.552471,98,Th
570.570551,27,Th
570.595950,5,Ar
570.706474,40,Th
570.722030,240,Th
570.744578,82,Th
570.772942,53,Th
570.868669,2900,Th
570.881106,1,Ar
570.962250,6,Th
571.021060,1,Ar
571.026324,250,Th
571.068930,33,Th
571.143720,10,Th
571.185353,15,Th
571.260232,10,Th
571.302984,10,Th
571.304650,1,Ar
571.358065,190,Th
571.417411,98,Th
571.457583,18,Th
571.475806,33,Th
571.510114,33,Th
571.531300,20,Th
571.541430,11,Th
571.647747,13,Th
571.711083,610,Th
571.730968,160,Th
571.753227,64,Th
571.761997,1,Ar
571.875707,330,Th
571.891430,56,Th
571.911076,100,Th
571.970448,82,Th
571.998855,9,Th
572.044460,47,Th
572.068350,78,Th
572.120917,6300,Th
572.176951,31000,Th
572.254040,21,Th
572.301128,270,Th
572.319980,22,Th
572.325570,11,Th
572.329640,13,Th
572.358659,20,Th
572.511887,61,Th
572.582520,510,Th
572.591321,5,Ar
572.597165,65,Th
572.605173,890,Th
572.644381,20,Th
572.659978,180,Th
572.697664,5300,Th
572.717120,170,Th
572.748388,160,Th
572.837914,10,Th
572.849820,13,Th
572.860184,160,Th
572.929928,340,Th
572.958238,81,Th
573.070686,51,Th
573.082067,20,Th
573.157205,400,Th
573.189320,20,Th
573.245920,16,Th
573.305570,13,Th
573.319231,120,Th
573.380164,1,Ar
573.429400,1,Ar
573.456542,710,Th
573.468881,220,Th
573.475744,71,Th
573.523788,40,Th
573.547627,100,Th
573.575566,98,Th
573.611738,11,Th
573.616900,81,Th
573.673800,10,Th
573.689327,23,Th
573.762065,640,Th
573.773459,45,Th
573.789936,41,Th
573.923226,20,Th
573.988988,290,Th
573.989994,94,Th
574.010150,11,Th
574.040897,34,Th
574.055802,160,Th
574.111150,10,Ar
574.141728,31,Th
574.178829,20,Th
574.255125,310,Th
574.276277,460,Th
574.297630,170,Th
574.330246,52,Th
574.342146,1700,Th
574.367644,580,Th
574.424787,64,Th
574.465625,51,Th
574.473710,1,Ar
574.486956,4,Ar
574.517527,23,Th
574.540929,23,Th
574.627601,13,Th
574.682671,51,Th
574.726882,110,Th
574.806190,22,Th
574.865218,20,Th
574.878710,240,Th
574.897913,280,Th
574.911570,17,Th
574.912224,170,Th
574.991570,270,Th
575.033545,2900,Th
575.061029,170,Th
575.075343,34,Th
575.082214,97,Th
575.098296,830,Th
575.117999,460,Th
575.132988,130,Th
575.138078,870,Th
575.171310,23,Th
575.215418,290,Th
575.277140,23,Th
575.302835,85,Th
575.318799,44,Th
575.322489,40,Th
575.390232,57,Th
575.417739,130,Th
575.443239,93,Th
575.462199,4400,Th
575.514700,1,Ar
575.558172,30,Th
575.614787,92,Th
575.633075,87,Th
575.644419,39,Th
575.731666,50,Th
575.819520,3,Ar
575.849994,32,Th
575.869982,100,Th
575.916099,12,Th
575.925116,43,Th
576.006464,19,Th
576.051457,71,Th
576.078462,25,Th
576.214823,53000,Th
576.262253,46,Th
576.312489,96,Th
576.336970,74,Th
576.367883,30,Th
576.369727,34,Th
576.383816,34,Th
576.439228,490,Th
576.456209,80,Th
576.512728,3700,Th
576.524917,120,Th
576.582087,74,Th
576.592990,9,Th
576.637200,11,Th
576.729570,7,Th
576.754886,120,Th
576.807050,34,Th
576.809690,2,Ar
576.815384,2,Ar
576.826020,51,Th
576.905887,46,Th
576.937803,790,Th
576.978079,2100,Th
577.023213,94,Th
577.158970,18,Th
577.170055,120,Th
577.175260,38,Th
577.206252,100,Th
577.215707,40,Th
577.239427,35,Th
577.246704,43,Th
577.274455,230,Th
577.336058,380,Th
577.356250,120,Th
577.392200,9,Ar
577.412990,46,Th
577.534800,100,Th
577.554745,1500,Th
577.567773,81,Th
577.630280,1,Ar
577.632839,100,Th
577.658330,33,Th
577.664139,23,Th
577.691126,30,Th
577.721693,80,Th
577.739850,11,Th
577.776900,280,Th
577.798359,2,Ar
577.815025,20,Th
577.862061,20,Th
577.869948,69,Th
577.900253,510,Th
577.945081,31,Th
577.968194,180,Th
577.996696,10,Th
578.019661,100,Th
578.074920,8,Th
578.100999,99,Th
578.133288,81,Th
578.134634,35,Th
578.143788,230,Th
578.204034,20,Th
578.287500,2,Ar
578.307760,83,Th
578.318063,95,Th
578.326219,340,Th
578.364895,13,Th
578.384578,260,Th
578.391721,420,Th
578.395070,0.5,Ar
578.410635,11,Th
578.480784,58,Th
578.536716,11,Th
578.543578,25,Th
578.582040,13,Th
578.598122,10,Th
578.646684,130,Th
578.652517,35,Th
578.672770,40,Th
578.711420,35,Th
578.746994,18,Th
578.781850,29,Th
578.816050,4,Ar
578.827947,38,Th
578.839162,24,Th
578.915182,120,Th
578.950113,30,Th
578.964526,40,Th
578.979997,120,Th
579.097868,36,Th
579.125041,3400,Th
579.174661,35,Th
579.263705,50,Th
579.331069,240,Th
579.403644,2700,Th
579.428712,40,Th
579.598635,240,Th
579.700922,10,Th
579.755989,34,Th
579.767537,1600,Th
579.802493,280,Th
579.813051,87,Th
579.892676,570,Th
579.968623,51,Th
579.986642,40,Th
580.008566,450,Th
580.037005,58,Th
580.051245,23,Th
580.134797,3,Ar
580.177665,10,Th
580.207670,1,Ar
580.243793,6000,Th
580.263474,410,Th
580.342010,20,Th
580.370073,30,Th
580.384250,300,Th
580.399404,120,Th
580.445782,140,Th
580.533911,82,Th
580.540550,51,Th
580.575039,18000,Th
580.619490,12,Th
580.685021,20,Th
580.710109,260,Th
580.721597,10,Th
580.731127,270,Th
580.780670,160,Th
580.789030,210,Th
580.819596,49,Th
580.922290,1,Ar
580.929172,380,Th
580.953977,10,Th
580.968640,34,Th
581.026646,99,Th
581.058292,48,Th
581.103018,32,Th
581.160310,18,Th
581.205834,51,Th
581.258210,97,Th
581.345344,110,Th
581.370597,12,Th
581.431053,82,Th
581.437104,9,Ar
581.446868,41,Th
581.458421,1200,Th
581.478835,55,Th
581.514120,10,Th
581.521730,0.5,Ar
581.570624,14,Th
581.597258,35,Th
581.633712,89,Th
581.703419,1200,Th
581.779459,21,Th
581.790381,2,Ar
581.861970,97,Th
581.883856,15,Th
581.892658,64,Th
581.934729,130,Th
581.982304,21,Th
582.006247,330,Th
582.024760,12,Th
582.041348,11,Th
582.062150,12,Th
582.074016,94,Th
582.091195,38,Th
582.098188,19,Th
582.121621,300,Th
582.151295,130,Th
582.169019,190,Th
582.178273,120,Th
582.190770,8,Th
582.199310,150,Th
582.242625,29,Th
582.329380,31,Th
582.366441,53,Th
582.374317,5,Ar
582.413615,93,Th
582.440774,440,Th
582.487275,21,Th
582.516697,31,Th
582.650282,210,Th
582.661755,130,Th
582.767037,3,Ar
582.770960,260,Th
582.788773,250,Th
582.796326,110,Th
582.838450,9,Th
582.950563,21,Th
582.969020,3,Ar
583.048620,36,Th
583.072567,200,Th
583.142904,28,Th
583.147820,230,Th
583.165491,11,Th
583.176631,10,Th
583.211990,120,Th
583.244368,500,Th
583.261903,31,Th
583.328972,29,Th
583.337118,17,Th
583.354593,25,Th
583.398734,1600,Th
583.457050,12,Th
583.474430,21,Th
583.546710,84,Th
583.588100,5,Ar
583.644940,9,Th
583.678841,28,Th
583.750217,62,Th
583.829550,10,Th
583.915060,19,Th
583.967991,12,Th
583.993090,10,Th
584.056870,470,Th
584.059390,1,Ar
584.088537,84,Th
584.110176,140,Th
584.111527,170,Th
584.120910,220,Th
584.147021,250,Th
584.168810,1,Ar
584.214180,84,Th
584.225953,700,Th
584.281996,26,Th
584.337816,31,Th
584.354627,160,Th
584.366993,150,Th
584.398833,17,Th
584.463475,18,Th
584.476440,200,Th
584.476652,200,Th
584.488698,110,Th
584.539758,7,Ar
584.542685,590,Th
584.631802,31,Th
584.641070,150,Th
584.650417,14,Th
584.692510,11,Th
584.703540,9,Th
584.753939,550,Th
584.769900,0.5,Ar
584.975550,42,Th
584.989350,10,Th
585.017764,270,Th
585.113555,160,Th
585.138883,30,Th
585.161884,12,Th
585.188030,15,Th
585.199838,25,Th
585.218879,52,Th
585.236420,26,Th
585.243280,10,Th
585.283849,41,Th
585.379660,32,Th
585.410707,320,Th
585.430321,2600,Th
585.446961,160,Th
585.468710,62,Th
585.473128,2,Ar
585.509712,1300,Th
585.539079,25,Th
585.574322,2000,Th
585.588942,4,Ar
585.648265,31,Th
585.665220,15,Th
585.712212,220,Th
585.740588,10,Th
585.753752,14,Th
585.773560,60,Th
585.785206,58,Th
585.800363,27,Th
585.829760,7,Th
585.934218,21,Th
586.026155,180,Th
586.037792,310,Th
586.097215,160,Th
586.114991,330,Th
586.129307,490,Th
586.188320,160,Th
586.193460,10,Ar
586.210485,160,Th
586.251370,12,Th
586.281643,200,Th
586.291372,85,Th
586.351210,21,Th
586.375096,21,Th
586.477250,32,Th
586.518151,17,Th
586.534356,1400,Th
586.575244,43,Th
586.824300,2,Ar
586.843811,330,Th
586.917219,10,Th
586.923694,25,Th
586.946880,220,Th
587.000117,430,Th
587.078838,86,Th
587.082748,21,Th
587.147759,700,Th
587.167899,150,Th
587.207990,4,Ar
587.209653,100,Th
587.217997,580,Th
587.281001,680,Th
587.302803,160,Th
587.307825,25,Th
587.423024,360,Th
587.451445,220,Th
587.495648,110,Th
587.508692,86,Th
587.554197,42,Th
587.566624,210,Th
587.597914,170,Th
587.661454,340,Th
587.691024,12,Th
587.712020,16,Th
587.719778,9,Th
587.879400,10,Th
587.881445,21,Th
587.918986,11,Th
587.930684,11,Th
587.941200,73,Th
587.990508,140,Th
587.990791,140,Th
588.056282,100,Th
588.067670,25,Th
588.075535,180,Th
588.111089,63,Th
588.269913,43,Th
588.304919,25,Th
588.361319,21,Th
588.392899,69,Th
588.408940,110,Th
588.425500,15,Ar
588.525554,1200,Th
588.566349,150,Th
588.581210,25,Th
588.616697,0.5,Ar
588.713031,250,Th
588.733272,5200,Th
588.772880,3,Ar
588.797873,100,Th
588.816267,690,Th
588.846762,11,Th
588.944850,12,Th
588.955033,87,Th
588.989363,160,Th
589.021550,25,Ar
589.164967,94,Th
589.219930,22,Th
589.308366,3400,Th
589.330212,54,Th
589.341115,54,Th
589.406580,190,Th
589.441314,87,Th
589.465101,10,Th
589.482511,130,Th
589.510822,130,Th
589.633031,400,Th
589.668598,110,Th
589.691558,540,Th
589.725456,89,Th
589.774557,21,Th
589.799698,350,Th
589.824520,46,Th
589.842152,95,Th
589.875456,7,Th
589.887641,10,Th
590.069070,9,Th
590.093842,26,Th
590.104011,210,Th
590.109819,85,Th
590.115779,270,Th
590.147892,930,Th
590.155106,88,Th
590.198972,12,Th
590.208129,21,Th
590.356386,29,Th
590.363214,25,Th
590.400290,20,Th
590.423771,480,Th
590.497335,91,Th
590.512954,120,Th
590.526815,16,Th
590.557052,48,Th
590.579584,310,Th
590.594400,2,Ar
590.594717,45,Th
590.681270,200,Th
590.720709,2100,Th
590.739739,150,Th
590.779866,32,Th
590.795540,34,Th
590.847859,13,Th
590.898709,13,Th
590.987576,63,Th
591.003911,320,Th
591.031331,0.5,Ar
591.056283,1800,Th
591.059482,830,Th
591.152170,10,Th
591.166730,64,Th
591.172930,18,Th
591.187539,44,Th
591.214467,64,Th
591.228033,42,Th
591.273423,85,Th
591.286768,450,Th
591.299760,64,Th
591.372320,50,Ar
591.374309,51,Th
591.492158,34,Th
591.500193,200,Th
591.602461,930,Th
591.630973,5600,Th
591.635260,1300,Th
591.681117,16,Th
591.799178,12,Th
591.836765,590,Th
591.891882,31,Th
591.982957,61,Th
592.043685,190,Th
592.044634,39,Th
592.058469,1100,Th
592.086500,170,Th
592.261662,70,Th
592.274327,45,Th
592.360840,120,Th
592.444405,290,Th
592.450554,170,Th
592.555995,67,Th
592.603040,170,Th
592.616013,170,Th
592.660480,7,Th
592.704527,1600,Th
592.735716,170,Th
592.750588,610,Th
592.750657,610,Th
592.753395,620,Th
592.764515,350,Th
592.787399,3100,Th
592.838806,0.5,Ar
592.841796,38,Th
592.858239,58,Th
592.959463,12,Th
592.976192,45,Th
593.039329,34,Th
593.045520,15,Ar
593.050403,130,Th
593.078710,12,Th
593.097100,59,Th
593.112319,200,Th
593.122757,25,Th
593.157728,1100,Th
593.195491,94,Th
593.260074,25,Th
593.269793,33,Th
593.369580,45,Th
593.376894,58,Th
593.407097,240,Th
593.455334,170,Th
593.531920,6,Th
593.548888,37,Th
593.575867,11,Th
593.605356,400,Th
593.610708,320,Th
593.635731,12,Th
593.691445,8,Th
593.744260,2,Ar
593.782097,37,Th
593.794500,1,Ar
593.803087,530,Th
593.825046,12,Th
593.828502,1,Ar
593.851885,230,Th
593.880695,500,Th
593.893429,64,Th
593.906115,20,Th
593.930851,1200,Th
593.957025,290,Th
593.968122,11,Th
593.992705,47,Th
594.010216,2700,Th
594.022121,220,Th
594.047049,6200,Th
594.069080,170,Th
594.221183,250,Th
594.261402,78,Th
594.277338,20,Th
594.321225,23,Th
594.346760,4,Ar
594.377104,44,Th
594.390060,31,Th
594.400491,310,Th
594.431470,5,Ar
594.444200,320,Th
594.511163,230,Th
594.514364,120,Th
594.539665,51,Th
594.557812,11,Th
594.570435,25,Th
594.576211,12,Th
594.616266,25,Th
594.629428,2700,Th
594.645348,170,Th
594.665430,11,Th
594.683316,12,Th
594.696841,14,Th
594.712458,64,Th
594.726477,12,Th
594.767036,88,Th
594.788306,230,Th
594.857496,12,Th
594.914713,44,Th
595.003539,35,Th
595.020494,21,Th
595.044724,480,Th
595.060862,57,Th
595.086209,170,Th
595.101846,330,Th
595.133910,18,Th
595.179006,48,Th
595.187772,48,Th
595.193310,21,Th
595.207489,110,Th
595.228656,85,Th
595.242096,190,Th
595.254730,25,Th
595.255191,6,Ar
595.378750,13,Th
595.395510,5,Th
595.398530,64,Th
595.410119,22,Th
595.445356,22,Th
595.489924,120,Th
595.523168,180,Th
595.548040,5,Ar
595.623404,190,Th
595.640969,62,Th
595.721160,500,Th
595.759695,19,Th
595.790944,360,Th
595.844950,15,Th
595.874052,26,Th
595.911815,100,Th
595.923908,270,Th
595.939580,65,Th
595.971960,39,Th
596.038824,83,Th
596.132456,350,Th
596.138069,190,Th
596.202070,52,Th
596.217507,57,Th
596.243176,280,Th
596.289613,46,Th
596.361623,220,Th
596.370801,270,Th
596.382453,100,Th
596.393320,14,Th
596.440936,0.5,Ar
596.442264,46,Th
596.461896,34,Th
596.495600,120,Th
596.530949,120,Th
596.557836,70,Th
596.566135,82,Th
596.572177,6,Th
596.634988,13,Th
596.669280,3,Ar
596.739285,150,Th
596.748188,170,Th
596.792114,58,Th
596.916437,140,Th
597.139099,620,Th
597.202064,29,Th
597.210407,99,Th
597.272878,46,Th
597.301341,35,Th
597.353085,35,Th
597.408843,110,Th
597.443481,52,Th
597.497270,2,Ar
597.531941,17000,Th
597.651620,97,Th
597.671990,7400,Th
597.760830,5,Ar
597.778207,13,Th
597.785661,120,Th
597.808386,39,Th
597.874205,120,Th
597.919550,51,Th
597.965720,4,Ar
597.973120,65,Th
598.006952,20,Th
598.098158,15,Th
598.287839,23,Th
598.303821,13,Th
598.354164,220,Th
598.375308,340,Th
598.389195,59,Th
598.430956,43,Th
598.482241,59,Th
598.564838,47,Th
598.611100,3,Ar
598.664800,47,Th
598.686666,49,Th
598.733682,57,Th
598.757180,1,Ar
598.792464,470,Th
598.895970,7,Ar
598.965730,15,Th
598.996610,3,Ar
598.997400,3,Ar
599.070362,3700,Th
599.099660,8,Ar
599.110438,130,Th
599.110670,130,Th
599.140167,230,Th
599.155300,13,Th
599.165118,13,Th
599.192578,36,Th
599.266639,4400,Th
599.310862,0.5,Ar
599.311703,190,Th
599.336878,26,Th
599.493310,39,Th
599.515307,250,Th
599.561602,590,Th
599.578887,12000,Th
599.635066,320,Th
599.688049,160,Th
599.734346,58,Th
599.829057,570,Th
599.866953,150,Th
599.944294,22,Th
600.031987,39,Th
600.066000,5,Ar
600.125020,21,Th
600.207746,23,Th
600.219140,35,Th
600.221423,58,Th
600.242410,620,Th
600.252800,120,Th
600.260015,160,Th
600.286534,1900,Th
600.339526,190,Th
600.385730,59,Th
600.402169,50,Th
600.415732,25,Th
600.452552,51,Th
600.484840,1,Ar
600.682811,1800,Th
600.687476,120,Th
600.725789,120,Th
600.747069,46,Th
600.758525,11,Th
600.774123,20,Th
600.795253,46,Th
600.873581,4500,Th
600.925300,52,Th
600.971275,58,Th
601.010026,45,Th
601.077462,65,Th
601.168424,83,Th
601.182490,3200,Th
601.191867,160,Th
601.226407,100,Th
601.286760,180,Th
601.300875,200,Th
601.301551,330,Th
601.319850,480,Th
601.366560,18,Th
601.399933,27,Th
601.510328,94,Th
601.572217,85,Th
601.596702,590,Th
601.624650,12,Th
601.708780,610,Th
601.743290,13,Th
601.802510,210,Th
601.891050,16,Th
601.952710,120,Th
602.066090,220,Th
602.088146,13,Th
602.107362,11,Th
602.116350,4,Ar
602.130562,110,Th
602.148566,67,Th
602.193870,120,Th
602.216488,79,Th
602.270305,5500,Th
602.307917,250,Th
602.380950,53,Th
602.388820,110,Th
602.431990,9,Th
602.436596,48,Th
602.489240,440,Th
602.575561,11,Th
602.649921,23,Th
602.660110,110,Th
602.670883,11,Th
602.681800,5,Ar
602.728282,53,Th
602.744677,240,Th
602.771330,220,Th
602.791630,19,Th
602.892080,7,Ar
602.915148,66,Th
602.962144,26,Th
602.990209,1,Ar
602.994020,150,Th
603.029300,35,Th
603.053416,130,Th
603.089558,450,Th
603.131979,250,Th
603.185614,58,Th
603.211483,1500,Th
603.248250,13,Th
603.249790,1,Ar
603.357882,130,Th
603.379740,70,Ar
603.398788,230,Th
603.404268,290,Th
603.422580,23,Th
603.454316,500,Th
603.485310,23,Th
603.508374,430,Th
603.518723,110,Th
603.580660,13,Th
603.588278,14,Th
603.600392,16,Th
603.621109,160,Th
603.651385,20,Th
603.686348,830,Th
603.703441,11,Th
603.754356,23,Th
603.843379,200,Th
603.936928,7500,Th
603.962254,35,Th
603.998103,40,Th
604.035254,1600,Th
604.089702,51,Th
604.133574,9,Th
604.179270,40,Th
604.254451,27,Th
604.276301,36,Th
604.309650,12,Th
604.329872,67,Th
604.407107,16,Th
604.426280,460,Th
604.463348,170,Th
604.472039,210,Th
604.489660,35,Ar
604.534784,23,Th
604.610643,840,Th
604.615210,7,Ar
604.622744,93,Th
604.691294,11,Th
604.714811,26,Th
604.831776,120,Th
604.857110,10,Ar
604.882880,11,Th
604.894529,25,Th
604.947295,62,Th
604.963270,17,Th
604.983890,40,Th
605.072586,5600,Th
605.074980,7,Ar
605.144796,140,Th
605.160350,110,Th
605.164907,0.5,Ar
605.168298,0.5,Ar
605.213070,34,Th
605.221363,11,Th
605.265710,640,Th
605.412000,120,Th
605.439860,10,Ar
605.505688,2100,Th
605.602578,11,Th
605.621440,27,Th
605.671234,92,Th
605.683660,40,Th
605.727005,380,Th
605.855966,32,Th
605.884902,17,Th
605.985877,190,Th
605.995020,40,Th
606.011719,30,Th
606.029045,100,Th
606.081467,120,Th
606.105000,20,Ar
606.121628,27,Th
606.191176,40,Th
606.263525,26,Th
606.316808,40,Th
606.321387,290,Th
606.330299,51,Th
606.390325,11,Th
606.411148,40,Th
606.429430,200,Th
606.474800,110,Th
606.503740,27,Th
606.595172,11,Th
606.702639,33,Th
606.745968,600,Th
606.790351,11,Th
606.799930,54,Th
606.817640,190,Th
606.876030,200,Th
606.972783,27,Th
606.982720,11,Th
607.070088,920,Th
607.134670,15,Th
607.152401,48,Th
607.171587,54,Th
607.202168,180,Th
607.213430,11,Th
607.258150,40,Th
607.310147,27,Th
607.323413,52,Th
607.348608,11,Th
607.366536,170,Th
607.374460,34,Th
607.448046,100,Th
607.457842,63,Th
607.478504,750,Th
607.498299,6,Th
607.524307,16,Th
607.539610,40,Th
607.568566,22,Th
607.590180,5,Th
607.787880,13,Th
607.832493,40,Th
607.865798,18,Th
607.878818,1300,Th
607.904689,120,Th
607.911287,6,Ar
607.955547,2200,Th
608.010410,1300,Th
608.027550,68,Th
608.065466,110,Th
608.090570,2100,Th
608.115548,290,Th
608.258283,58,Th
608.296654,11,Th
608.424617,120,Th
608.435280,46,Th
608.459372,23,Th
608.492640,40,Th
608.522743,23,Th
608.556130,2,Ar
608.580380,34,Th
608.617152,23,Th
608.619970,2,Ar
608.694028,450,Th
608.705941,2200,Th
608.711980,27,Th
608.763681,50,Th
608.769298,54,Th
608.813959,50,Th
608.838666,91,Th
608.894745,1000,Th
608.908778,41,Th
608.971578,4700,Th
608.988884,110,Th
609.013855,45,Th
609.051109,87,Th
609.179975,90,Th
609.192241,11,Th
609.213384,140,Th
609.229065,22,Th
609.249723,110,Th
609.492142,91,Th
609.524089,11,Th
609.549156,57,Th
609.577030,110,Th
609.673359,95,Th
609.691135,30,Th
609.706491,11,Th
609.712057,26,Th
609.888122,130,Th
609.897768,20,Th
609.927945,47,Th
609.950580,74,Th
609.981140,980,Th
610.000985,43,Th
610.049140,7,Ar
610.077158,830,Th
610.114478,23,Th
610.149630,41,Th
610.167783,140,Th
610.209754,34,Th
610.227357,13,Th
610.323605,24,Th
610.341406,2300,Th
610.360790,4,Ar
610.428384,4800,Th
610.443908,1,Ar
610.522870,26,Ar
610.533095,270,Th
610.571111,36,Th
610.585561,18,Th
610.624882,1100,Th
610.627221,1000,Th
610.664796,17,Th
610.699367,45,Th
610.732490,10,Ar
610.830244,26,Th
610.853367,180,Th
610.860800,34,Th
610.922430,1600,Th
610.997076,210,Th
611.009880,140,Th
611.016803,16,Th
611.060956,41,Th
611.084590,2,Ar
611.090598,77,Th
611.140028,28,Th
611.200770,580,Th
611.216718,22,Th
611.236056,10,Th
611.338050,22,Th
611.343500,2,Ar
611.452957,1300,Th
611.565566,54,Th
611.623156,820,Th
611.661580,537,Ar
611.661923,110,Th
611.785895,730,Th
611.974461,33,Th
612.041576,4,Ar
612.115968,540,Th
612.133271,290,Th
612.139329,620,Th
612.178784,6,Ar
612.204699,71,Th
612.225060,610,Th
612.248902,160,Th
612.310191,1500,Th
612.344722,23,Th
612.439422,34,Th
612.444825,42,Th
612.505650,20,Ar
612.552805,650,Th
612.576329,240,Th
612.617566,1800,Th
612.627830,3,Ar
612.636340,14,Th
612.730062,14,Th
612.743455,250,Th
612.911613,82,Th
612.929819,120,Th
612.958861,34,Th
612.984839,110,Th
613.003378,210,Th
613.013997,150,Th
613.101357,30,Th
613.118752,180,Th
613.124251,340,Th
613.215034,300,Th
613.245272,59,Th
613.336424,69,Th
613.344500,13,Th
613.366169,94,Th
613.391654,22,Th
613.411543,29,Th
613.456012,270,Th
613.475448,370,Th
613.496740,19,Th
613.535958,23,Th
613.551217,190,Th
613.625142,45,Th
613.649606,29,Th
613.670006,23,Th
613.683330,14,Th
613.732685,57,Th
613.768423,57,Th
613.871204,57,Th
613.962465,460,Th
614.034540,340,Th
614.035442,28,Ar
614.105274,23,Th
614.133830,39,Th
614.213660,11,Th
614.230617,20,Th
614.239810,38,Th
614.246727,170,Th
614.258270,70,Th
614.269356,11,Th
614.332878,14,Th
614.361406,11,Th
614.431101,2,Ar
614.610542,11,Th
614.626260,22,Th
614.645879,290,Th
614.669570,23,Th
614.682520,23,Th
614.698356,280,Th
614.714190,10,Ar
614.797121,14,Th
614.916815,43,Th
614.965823,50,Th
615.005855,56,Th
615.017560,18,Th
615.048030,23,Th
615.172452,11,Th
615.182230,23,Th
615.202333,46,Th
615.238523,500,Th
615.284488,11,Th
615.321700,88,Th
615.369538,10000,Th
615.467012,23,Th
615.577135,2000,Th
615.611820,60,Th
615.621940,810,Th
615.632115,46,Th
615.699566,92,Th
615.728443,2000,Th
615.780095,67,Th
615.831470,39,Th
615.879167,1100,Th
616.010206,3,Th
616.052729,11,Th
616.075440,30,Th
616.305840,1700,Th
616.333847,16,Th
616.347005,100,Th
616.387740,5200,Th
616.396749,23,Th
616.416025,46,Th
616.456104,42,Th
616.467484,200,Th
616.490960,27,Th
616.495766,14,Th
616.543099,200,Th
616.560276,28,Th
616.618534,5700,Th
616.654886,92,Th
616.724726,46,Th
616.754116,150,Th
616.766940,7,Th
616.823803,51,Th
616.841821,45,Th
616.848860,4,Ar
616.933350,4,Ar
617.018840,22,Th
617.029830,29,Th
617.054857,19,Th
617.109671,11,Th
617.152931,18000,Th
617.188120,7,Ar
617.236295,100,Th
617.244426,110,Th
617.257170,16,Th
617.376064,15,Th
617.398550,407,Ar
617.471643,23,Th
617.480500,10,Ar
617.559300,46,Th
617.611250,3,Ar
617.650470,46,Th
617.766767,150,Th
617.786830,20,Th
617.820222,34,Th
617.851965,14,Th
617.878580,19,Th
617.880350,11,Th
617.919598,11,Th
618.014104,2800,Th
618.059700,45,Th
618.064183,110,Th
618.087726,69,Th
618.125992,37,Th
618.148333,55,Th
618.155905,160,Th
618.176719,7,Th
618.199037,11,Th
618.241515,2400,Th
618.324940,120,Th
618.433236,38000,Th
618.454953,580,Th
618.473450,2,Ar
618.564559,57,Th
618.609933,120,Th
618.617928,30,Th
618.644772,350,Th
618.650114,830,Th
618.669968,100,Th
618.736883,8,Th
618.748362,93,Th
618.786311,22,Th
618.809040,81,Th
618.846490,22,Th
618.884680,9,Ar
618.976360,140,Th
618.983728,6000,Th
619.055937,11,Th
619.085751,320,Th
619.164013,9,Th
619.242205,140,Th
619.248270,53,Th
619.297252,22,Th
619.361848,5900,Th
619.400920,2,Ar
619.489539,58,Th
619.500240,22,Th
619.528858,22,Th
619.557038,570,Th
619.650230,13,Th
619.663940,10,Th
619.703534,230,Th
619.788443,44,Th
619.802218,17,Th
619.811106,200,Th
619.929950,11,Th
619.993755,9300,Th
620.077455,47,Th
620.214821,370,Th
620.281510,9,Ar
620.488460,34,Th
620.520876,16000,Th
620.584426,140,Th
620.648568,23,Th
620.673520,150,Th
620.697349,120,Th
620.757709,630,Th
620.817541,1,Ar
620.893737,9300,Th
620.920111,30,Th
620.946744,360,Th
621.040456,650,Th
621.056465,22,Th
621.064940,2,Ar
621.070448,99,Th
621.137750,22,Th
621.166801,93,Th
621.213660,1,Ar
621.338275,45,Th
621.422200,10,Ar
621.443785,850,Th
621.504484,33,Th
621.537449,50,Th
621.582460,20,Th
621.625961,82,Th
621.765840,5,Ar
621.799063,33,Th
621.816008,86,Th
621.858428,39,Th
621.915969,9,Th
621.929720,200,Th
621.990199,12,Th
622.058968,22,Th
622.139018,11,Th
622.149975,130,Th
622.173205,1500,Th
622.278055,180,Th
622.304032,730,Th
622.315421,110,Th
622.329980,95,Th
622.430882,36,Th
622.502869,54,Th
622.524130,130,Th
622.576178,54,Th
622.624913,7800,Th
622.640558,87,Th
622.682963,23,Th
622.809216,2300,Th
622.835075,90,Th
622.865764,32,Th
622.890370,44,Th
622.996320,8,Th
623.194280,10,Th
623.227962,10,Th
623.265831,32,Th
623.284691,130,Th
623.310522,190,Th
623.379171,150,Th
623.385691,270,Th
623.391740,87,Th
623.460890,45,Th
623.461300,2,Ar
623.469885,400,Th
623.472850,87,Th
623.558501,32,Th
623.592045,220,Th
623.602342,25,Th
623.624760,1,Ar
623.658004,3100,Th
623.690335,10,Th
623.707816,33,Th
623.752522,15,Th
623.883029,50,Th
623.971085,63,Th
623.980782,150,Th
623.993737,53,Th
624.070261,15,Th
624.080897,39,Th
624.103273,53,Th
624.127060,30,Th
624.143807,8,Ar
624.146385,21,Th
624.203255,97,Th
624.267989,1100,Th
624.314563,130,Th
624.341882,30,Th
624.360179,94,Th
624.466771,1500,Th
624.484683,89,Ar
624.508835,310,Th
624.610010,53,Th
624.660216,21,Th
624.676828,200,Th
624.687870,14,Th
624.731837,540,Th
624.734624,200,Th
624.757742,29,Th
624.790157,350,Th
624.812990,18,Th
624.838621,11,Th
624.865757,120,Th
624.984844,120,Th
625.087762,44,Th
625.099972,30,Th
625.171470,1,Ar
625.221485,320,Th
625.316840,15,Th
625.350760,10,Th
625.369164,34,Th
625.404477,56,Th
625.431959,7,Th
625.461748,23,Th
625.650272,65,Th
625.693310,10,Th
625.707280,33,Th
625.726109,38,Th
625.757360,11,Th
625.784028,7,Th
625.807270,26,Th
625.839730,24,Th
625.848150,16,Th
625.865878,120,Th
625.915446,3000,Th
625.982253,21,Th
626.033788,550,Th
626.195015,100,Th
626.279596,1100,Th
626.315068,8500,Th
626.453352,4,Th
626.461158,14,Th
626.475094,11,Th
626.605500,23,Th
626.644643,110,Th
626.733722,160,Th
626.768519,32,Th
626.790679,390,Th
626.822060,49,Th
626.834699,160,Th
626.892112,21,Th
626.953180,21,Th
626.993388,190,Th
627.066395,21,Th
627.203996,110,Th
627.206540,87,Th
627.327890,1000,Th
627.347141,70,Th
627.440850,32,Th
627.585200,2000,Th
627.624257,16,Th
627.682190,57,Th
627.694810,12,Th
627.740430,21,Th
627.757744,32,Th
627.790114,820,Th
627.897468,580,Th
627.916279,2,Ar
627.924759,21,Th
627.986059,43,Th
628.090350,790,Th
628.171472,190,Th
628.209457,21,Th
628.261278,24,Th
628.290743,33,Th
628.325780,39,Th
628.328160,54,Th
628.340810,10,Th
628.418641,21,Th
628.456280,1,Ar
628.488290,28,Th
628.495130,5,Th
628.688341,14,Th
628.701637,630,Th
628.719927,10,Th
628.771680,22,Th
628.778362,200,Th
628.844919,15,Th
628.899411,520,Th
628.930949,90,Th
628.981012,21,Th
629.089278,21,Th
629.101750,50,Th
629.122740,300,Th
629.133920,19,Th
629.142040,27,Th
629.214106,66,Th
629.293133,1700,Th
629.336849,170,Th
629.379993,300,Th
629.392571,43,Th
629.463148,680,Th
629.477594,32,Th
629.498280,1400,Th
629.588929,36,Th
629.602022,21,Th
629.608188,21,Th
629.623720,0.5,Ar
629.679700,44,Th
629.690445,28,Th
629.717230,2,Ar
629.784578,110,Th
629.815440,10,Th
629.861400,7,Ar
629.916857,32,Th
629.932323,10,Th
629.950962,110,Th
630.064425,250,Th
630.118278,37,Th
630.125930,21,Th
630.265884,1100,Th
630.315568,490,Th
630.377550,4,Th
630.421247,100,Th
630.482150,12,Th
630.499383,1000,Th
630.598598,320,Th
630.702030,230,Th
630.710001,140,Th
630.918661,46,Th
630.940120,15,Ar
630.961043,77,Th
631.150147,43,Th
631.255542,1200,Th
631.284201,54,Th
631.319723,110,Th
631.369031,85,Th
631.436830,340,Th
631.601533,110,Th
631.617239,21,Th
631.715340,1,Ar
631.752118,890,Th
631.780868,53,Th
631.892953,460,Th
631.935270,29,Th
632.004686,42,Th
632.014599,10,Th
632.044200,92,Th
632.091071,240,Th
632.100971,110,Th
632.150346,21,Th
632.290758,64,Th
632.304848,190,Th
632.337640,12,Th
632.346380,32,Th
632.356749,270,Th
632.371547,21,Th
632.395857,24,Th
632.427930,10,Th
632.461617,59,Th
632.480495,21,Th
632.546610,3,Ar
632.559059,190,Th
632.585447,31,Th
632.591190,1,Ar
632.593750,1,Ar
632.614619,240,Th
632.616640,12,Ar
632.641092,21,Th
632.675423,120,Th
632.733933,860,Th
632.786600,2,Ar
632.786600,2,Ar
632.792692,84,Th
632.811616,2400,Th
632.902723,6900,Th
633.001401,21,Th
633.021610,1,Ar
633.050901,100,Th
633.055807,130,Th
633.104784,150,Th
633.204202,7,Th
633.212520,65,Th
633.316449,990,Th
633.424760,5,Ar
633.426305,210,Th
633.443560,84,Th
633.460060,1,Ar
633.475310,10,Th
633.489800,6,Ar
633.668380,13,Th
633.676460,100,Th
633.715783,1600,Th
633.745347,140,Th
633.783144,110,Th
633.816797,210,Th
633.927348,21,Th
633.937253,1600,Th
634.066570,23,Th
634.105814,250,Th
634.132342,64,Th
634.142131,940,Th
634.165110,3,Ar
634.205211,14,Th
634.213970,44,Th
634.353600,6,Th
634.363035,21,Th
634.461323,15000,Th
634.549067,10,Th
634.608435,40,Th
634.699320,8,Th
634.756660,12,Th
634.787548,710,Th
634.988170,100,Th
634.996865,20,Th
634.998330,7,Ar
635.030712,60,Th
635.038010,2,Ar
635.049277,2600,Th
635.264931,32,Th
635.446420,73,Th
635.703625,100,Th
635.738712,930,Th
635.766803,2200,Th
635.789536,20,Th
635.797831,77,Th
635.836069,20,Th
635.878050,7,Ar
635.910976,20,Th
635.943600,8,Ar
636.037944,480,Th
636.089365,230,Th
636.143251,490,Th
636.222325,51,Th
636.355371,30,Th
636.401063,440,Th
636.401173,440,Th
636.433838,20,Th
636.455425,20,Th
636.503122,220,Th
636.601982,21,Th
636.618682,94,Th
636.640646,120,Th
636.656830,54,Th
636.721440,1,Ar
636.773898,20,Th
636.818846,3,Th
636.882507,30,Th
636.942500,10,Th
637.082726,140,Th
637.088420,2,Ar
637.090005,800,Th
637.133580,7,Ar
637.163454,20,Th
637.255802,120,Th
637.370512,3000,Th
637.388665,330,Th
637.422208,170,Th
637.603062,21,Th
637.658854,350,Th
637.771690,3,Ar
637.779130,8,Th
637.847170,200,Th
637.869341,6700,Th
637.925886,31,Th
637.985701,10,Th
638.052347,170,Th
638.072463,10,Th
638.076695,20,Th
638.086795,30,Th
638.093572,84,Th
638.143695,440,Th
638.156008,25,Th
638.220347,30,Th
638.224087,41,Th
638.312474,330,Th
638.337387,8,Th
638.352387,150,Th
638.373204,23,Th
638.445760,3,Ar
638.456781,23,Th
638.486400,5,Ar
638.498969,63,Th
638.510736,350,Th
638.567740,20,Th
638.648170,20,Ar
638.682462,200,Th
638.722784,25,Th
638.751900,4,Th
638.854381,14,Th
638.885235,55,Th
638.916126,2300,Th
638.937186,19,Th
638.963060,33,Th
639.010770,5,Ar
639.018410,360,Th
639.057966,780,Th
639.114385,100,Th
639.115827,590,Th
639.124582,47,Th
639.189565,240,Th
639.215759,10,Th
639.289400,2,Ar
639.294399,160,Th
639.413572,140,Th
639.497082,16,Th
639.556810,7,Ar
639.581727,510,Th
639.635924,29,Th
639.646490,63,Th
639.649750,7,Ar
639.681523,120,Th
639.705551,29,Th
639.828965,29,Th
639.837940,11,Ar
639.849021,76,Th
639.871731,590,Th
639.896350,2,Ar
639.922056,140,Th
639.939410,15,Th
640.022112,150,Th
640.037800,9,Th
640.097524,18,Ar
640.171714,160,Th
640.246485,490,Th
640.470946,73,Th
640.478360,11,Ar
640.563287,95,Th
640.640153,28,Th
640.685678,99,Th
640.821688,2700,Th
641.019099,19,Th
641.036980,320,Th
641.040418,200,Th
641.067630,7,Ar
641.132732,29,Th
641.319100,19,Th
641.367134,11000,Th
641.391101,19,Th
641.476051,9,Th
641.538722,2700,Th
641.591307,140,Th
641.647823,96,Th
641.673660,20,Th
641.731059,280,Th
641.787522,530,Th
641.808030,70,Ar
641.921740,1,Ar
641.961420,9,Th
641.968304,53,Th
642.014660,10,Ar
642.047317,38,Th
642.093229,19,Th
642.161396,48,Th
642.185509,29,Th
642.200478,19,Th
642.275538,29,Th
642.296940,19,Th
642.388253,470,Th
642.445836,19,Th
642.467360,7,Ar
642.471997,38,Th
642.594048,1,Ar
642.658856,460,Th
642.792812,47,Th
642.830815,19,Th
642.849920,9,Th
642.928124,110,Th
643.055046,210,Th
643.227460,47,Th
643.247054,18,Th
643.329492,18,Th
643.333662,6,Ar
643.348040,47,Th
643.473117,34,Th
643.547854,1,Ar
643.642949,14,Th
643.657918,15,Th
643.666566,8,Th
643.688656,9,Th
643.825640,12,Th
643.844880,120,Th
643.937966,11,Ar
643.954052,1600,Th
643.954774,1900,Th
644.008865,100,Th
644.016247,84,Th
644.044267,120,Th
644.069528,660,Th
644.080894,170,Th
644.085292,8600,Th
644.119440,37,Th
644.202489,9,Th
644.213267,44,Th
644.306152,110,Th
644.368060,12,Ar
644.560054,88,Th
644.564390,12,Ar
644.591708,9,Th
644.742119,120,Th
644.791616,83,Th
644.855266,1100,Th
644.897324,15,Th
644.932880,6,Th
645.051066,80,Th
645.061751,11,Th
645.094249,18,Th
645.130146,36,Th
645.178851,920,Th
645.206601,51,Th
645.237753,46,Th
645.248498,44,Th
645.273824,540,Th
645.303867,32,Th
645.336657,18,Th
645.384193,170,Th
645.464114,6,Th
645.473382,100,Th
645.512948,29,Th
645.533570,14,Th
645.641520,15,Th
645.704921,230,Th
645.727385,12,Th
645.817124,22,Th
645.828730,3,Ar
645.906690,44000,Th
645.989601,18,Th
646.020560,2,Ar
646.024870,33,Th
646.090489,22,Th
646.108205,73,Th
646.226035,250,Th
646.247748,16,Th
646.272010,32,Th
646.284507,460,Th
646.324211,18,Th
646.439895,4200,Th
646.443447,1200,Th
646.737636,91,Th
646.748313,24,Th
646.814449,220,Th
646.850408,400,Th
646.893545,83,Th
646.946209,310,Th
646.959411,27,Th
646.970785,170,Th
646.983690,8,Ar
647.287780,13,Th
647.300142,430,Th
647.372846,52,Th
647.421900,6,Ar
647.653174,230,Th
647.658642,420,Th
647.711270,4,Ar
648.040610,18,Th
648.052618,10,Th
648.073194,15,Th
648.187920,2,Ar
648.223360,27,Th
648.240060,39,Th
648.309283,340,Th
648.487399,120,Ar
648.540993,120,Th
648.553280,27,Th
648.572190,18,Th
648.586232,150,Th
648.596090,8,Th
648.694457,12,Th
648.716874,140,Th
648.863960,36,Th
648.888609,9,Th
648.921920,1,Ar
648.926390,1,Ar
648.927391,380,Th
648.969470,27,Th
649.057128,17,Th
649.067644,370,Th
649.116053,17,Th
649.139200,89,Th
649.237374,81,Th
649.253055,5200,Th
649.301450,17,Th
649.320580,42,Th
649.499144,1700,Th
649.549450,35,Th
649.677277,12,Th
649.680319,8,Th
649.705035,290,Th
649.739007,26,Th
649.772603,54,Th
649.782461,170,Th
649.875973,73,Th
649.884540,7,Th
649.928617,240,Th
649.958232,17,Th
650.055448,36,Th
650.144028,670,Th
650.201121,5,Ar
650.245418,250,Th
650.315500,6,Ar
650.378833,860,Th
650.398180,3,Ar
650.530791,430,Th
650.569453,23,Th
650.625400,44,Th
650.663202,17,Th
650.700939,8,Th
650.794210,3,Ar
650.878486,1100,Th
650.918920,8,Th
650.935606,170,Th
650.974394,30,Th
650.997000,6,Ar
651.008256,17,Th
651.015945,280,Th
651.084864,1100,Th
651.089858,6,Ar
651.110640,26,Th
651.128180,16,Th
651.143760,17,Th
651.165080,15,Th
651.177390,8,Th
651.206527,43,Th
651.279582,190,Th
651.285172,26,Th
651.305194,200,Th
651.315630,210,Th
651.338007,64,Th
651.416308,3900,Th
651.460042,35,Th
651.484702,75,Th
651.499340,17,Th
651.626460,21,Th
651.767507,43,Th
651.907483,26,Th
652.024352,95,Th
652.077140,17,Th
652.101734,8,Th
652.274820,71,Th
652.280681,34,Th
652.384512,1000,Th
652.430131,250,Th
652.630304,88,Th
652.728815,26,Th
652.751731,17,Th
652.838426,60,Th
652.870877,140,Th
652.965390,8,Th
653.039123,34,Th
653.057766,11,Th
653.090840,9,Th
653.100051,8,Th
653.140117,170,Th
653.179703,220,Th
653.192610,220,Th
653.196858,170,Th
653.314611,17000,Th
653.402715,130,Th
653.474890,2,Ar
653.640975,130,Th
653.745948,17,Th
653.810241,17,Th
653.853979,10,Th
653.898263,150,Th
653.941991,350,Th
653.985140,20,Ar
653.991790,15,Ar
654.010823,150,Th
654.195920,74,Th
654.223760,2,Ar
654.234115,57,Th
654.385682,220,Th
654.432070,150,Th
654.568782,8,Th
654.640389,18,Th
654.713771,8,Th
654.752704,600,Th
654.769200,17,Th
654.858096,15,Th
654.884370,11,Th
654.916240,3,Ar
654.933797,14,Th
654.943244,8,Th
654.953220,17,Th
655.163003,34,Th
655.199623,230,Th
655.214090,43,Th
655.235775,100,Th
655.307003,34,Th
655.330940,3,Ar
655.351538,660,Th
655.373174,34,Th
655.597079,6500,Th
655.637284,8,Th
655.776990,28,Th
655.954620,2,Ar
656.038461,18,Th
656.068702,1100,Th
656.089910,170,Th
656.093896,42,Th
656.102197,270,Th
656.125160,18,Th
656.128560,8,Th
656.187012,260,Th
656.202820,35,Th
656.266553,160,Th
656.336600,18,Th
656.366693,25,Th
656.391726,160,Th
656.446218,34,Th
656.600610,3,Ar
656.625772,610,Th
656.651490,16,Th
656.677520,21,Th
656.688359,300,Th
656.770763,30,Th
656.800650,13,Th
656.812850,12,Th
656.903520,16,Th
657.024020,25,Th
657.088890,94,Th
657.144703,450,Th
657.192980,18,Th
657.374891,32,Th
657.384228,83,Th
657.469698,120,Th
657.529188,37,Th
657.579747,120,Th
657.635944,33,Th
657.696579,20,Th
657.758114,16,Th
657.793861,520,Th
657.903116,5800,Th
657.947317,650,Th
658.073370,37,Th
658.079919,25,Th
658.129806,110,Th
658.204721,310,Th
658.235798,24,Th
658.295662,8,Th
658.311143,33,Th
658.424740,8,Th
658.512790,160,Th
658.531527,65,Th
658.539760,97,Th
658.572430,32000,Th
658.609775,160,Th
658.619122,490,Th
658.643165,800,Th
658.709019,30,Th
658.715751,160,Th
658.751367,420,Th
658.781776,100,Th
658.796180,13,Th
658.819690,5,Th
658.844381,59,Th
658.890670,7,Th
658.988251,15,Th
659.004783,7,Th
659.015699,330,Th
659.035927,26000,Th
659.300020,1100,Th
659.330490,21000,Th
659.436630,18,Th
659.528396,1100,Th
659.542641,57,Th
659.576028,12000,Th
659.626390,33,Th
659.661772,15,Th
659.672047,27,Th
659.728915,91,Th
659.739120,5,Th
659.751610,9,Th
659.763617,7,Th
659.857069,79,Th
659.878342,180,Th
659.920095,93,Th
659.936796,15,Th
659.985160,7,Th
660.130522,5900,Th
660.255394,180,Th
660.295359,160,Th
660.327170,23,Th
660.337196,100,Th
660.458602,320,Th
660.484982,67,Th
660.529040,7,Th
660.544423,260,Th
660.561179,21,Th
660.592860,16,Th
660.634675,7,Th
660.667740,15,Ar
660.724073,840,Th
660.842540,92,Th
660.861640,200,Th
661.009770,1,Ar
661.026848,120,Th
661.085868,39,Th
661.149115,39,Th
661.213245,20,Th
661.302240,2,Ar
661.302385,60,Th
661.509360,31,Th
661.519963,650,Th
661.522327,460,Th
661.595100,15,Th
661.617370,6,Ar
661.689784,71,Th
661.717080,60,Th
661.730610,20,Th
661.866798,12,Th
661.888534,510,Th
661.934280,340,Th
661.945193,38,Th
661.999477,870,Th
662.022647,37,Th
662.145012,60,Th
662.177405,1200,Th
662.207911,15,Th
662.223658,170,Th
662.279570,8,Ar
662.315519,7,Th
662.395237,20,Th
662.546413,11,Th
662.795182,47,Th
662.836645,15,Th
662.999840,25,Th
663.086660,7,Th
663.127020,7,Th
663.339822,54,Th
663.363970,20,Th
663.394400,37,Th
663.528959,160,Th
663.561845,110,Th
663.691929,6,Th
663.796908,15,Th
663.886068,20,Th
663.903641,140,Th
664.005342,151,Ar
664.060379,78,Th
664.074526,1800,Th
664.155917,60,Th
664.157380,93,Ar
664.283977,30,Th
664.327274,30,Th
664.349997,30,Th
664.416377,140,Th
664.495201,60,Th
664.521251,20,Th
664.533337,22,Th
664.553197,269,Ar
664.586283,110,Th
664.637509,30,Th
664.648557,670,Th
664.650490,1600,Th
664.667710,15,Th
664.815514,36,Th
664.837641,640,Th
664.893740,11,Th
664.952788,40,Th
665.018023,27,Th
665.033148,450,Th
665.049664,8,Th
665.079430,500,Th
665.095170,34,Th
665.111030,19,Th
665.131650,7,Th
665.239702,150,Th
665.283530,20,Th
665.320602,14,Th
665.406575,14,Th
665.543880,1,Ar
665.594211,17,Th
665.606731,54,Th
665.620503,400,Th
665.690362,34,Th
665.732697,160,Th
665.776505,150,Th
665.832544,7,Th
665.853640,30,Th
665.933850,2,Ar
665.971171,22,Th
665.989951,15,Th
666.002610,21,Th
666.051605,2400,Th
666.068980,15,Th
666.094954,70,Th
666.109746,15,Th
666.116270,22,Th
666.132225,20,Th
666.251600,5,Ar
666.314101,22,Th
666.410812,16000,Th
666.447030,110,Th
666.553661,400,Th
666.589070,5,Ar
666.680473,82,Th
666.819951,117,Ar
666.881818,29,Th
667.025560,59,Th
667.049944,33,Th
667.065778,540,Th
667.078151,100,Th
667.129174,96,Th
667.136170,21,Th
667.147730,7,Th
667.256684,22,Th
667.351270,21,Th
667.422038,7,Th
667.525339,52,Th
667.542252,500,Th
667.653978,3000,Th
667.685693,58,Th
667.717769,29,Th
667.912470,100,Ar
667.980160,30,Th
668.055050,1500,Th
668.148000,8,Th
668.192566,180,Th
668.250784,14,Th
668.278513,14,Th
668.468279,82,Th
668.521239,1300,Th
668.583109,58,Th
668.589400,320,Th
668.613808,204,Ar
668.653198,58,Th
668.754582,29,Th
668.806123,32,Th
668.897180,37,Th
668.936618,230,Th
669.163506,20,Th
669.211613,29,Th
669.275190,370,Th
669.322750,17,Th
669.398360,9,Th
669.457411,330,Th
669.505529,78,Th
669.585468,320,Th
669.634486,350,Th
669.653256,15,Th
669.702732,29,Th
669.755800,0.5,Ar
669.798849,700,Th
669.814190,4,Ar
669.873332,7,Th
669.882780,7,Th
669.899244,36,Th
669.956110,970,Th
669.986489,180,Th
669.990715,270,Th
670.034920,14,Th
670.045836,71,Th
670.234235,42,Th
670.237450,20,Th
670.260014,150,Th
670.260050,150,Th
670.265913,24,Th
670.286822,14,Th
670.373451,10,Th
670.442640,7,Th
670.494813,14,Th
670.520520,36,Th
670.574776,140,Th
670.589810,250,Th
670.590576,250,Th
670.700767,72,Th
670.728304,57,Th
670.794060,20,Th
670.830601,14,Th
670.959013,21,Th
670.992290,11,Th
671.013814,26,Th
671.024792,12,Th
671.069237,82,Th
671.111066,14,Th
671.129330,14,Th
671.217970,11,Th
671.272178,82,Th
671.293444,24,Th
671.310470,840,Th
671.335220,360,Th
671.370340,29,Th
671.372000,2,Th
671.386156,22,Th
671.404530,34,Th
671.468070,14,Th
671.545124,100,Th
671.582341,1500,Th
671.634323,11,Th
671.653694,43,Th
671.704238,160,Th
671.736841,150,Th
671.807050,21,Th
671.923915,800,Th
671.943422,7,Th
672.086209,21,Th
672.105435,1400,Th
672.255061,6,Th
672.293331,42,Th
672.347085,10,Th
672.381242,18,Th
672.471320,6,Th
672.496222,13,Th
672.723050,130,Th
672.723710,130,Th
672.734382,13,Th
672.816605,180,Th
672.880434,140,Th
672.931538,4400,Th
672.945410,90,Th
672.950938,250,Th
672.997564,700,Th
673.061632,370,Th
673.179042,94,Th
673.290466,170,Th
673.345140,4,Th
673.352989,150,Th
673.410102,64,Th
673.450763,280,Th
673.517304,89,Th
673.560765,830,Th
673.586680,27,Th
673.652548,140,Th
673.671891,15,Th
673.684890,11,Th
673.698515,220,Th
673.723159,100,Th
673.755095,13,Th
673.950099,340,Th
674.004000,640,Th
674.181740,150,Th
674.223000,3,Th
674.378333,140,Th
674.436144,76,Th
674.474560,480,Th
674.506044,45,Th
674.799869,97,Th
674.903579,18,Th
674.926005,13,Th
674.982960,5,Th
675.117835,110,Th
675.329043,210,Th
675.469750,150,Ar
675.552339,360,Th
675.613081,160,Th
675.648616,59,Th
675.716990,13,Th
675.734139,130,Th
675.753349,26,Th
675.802790,5,Ar
675.817090,98,Th
675.831764,9700,Th
675.840335,410,Th
675.841740,32,Ar
675.897408,610,Th
675.921761,43,Th
676.006905,460,Th
676.038660,32,Th
676.058370,13,Th
676.216620,13,Th
676.226730,13,Th
676.253166,100,Th
676.275899,170,Th
676.436520,52,Th
676.519670,56,Th
676.539787,52,Th
676.623076,10,Th
676.753657,240,Th
676.758579,230,Th
676.821370,180,Th
676.847900,15,Ar
676.980934,17,Th
677.003419,21,Th
677.037968,19,Th
677.100326,31,Th
677.124919,39,Th
677.197557,370,Th
677.204938,32,Th
677.319622,65,Th
677.349060,32,Th
677.404355,520,Th
677.411707,110,Th
677.496755,260,Th
677.564108,49,Th
677.595150,12,Th
677.612217,6,Th
677.625692,21,Th
677.697140,23,Th
677.737867,12,Th
677.810082,650,Th
677.947484,11,Th
678.018305,3800,Th
678.096116,37,Th
678.119569,82,Th
678.185522,340,Th
678.199641,3300,Th
678.228439,4300,Th
678.310595,19,Th
678.355222,19,Th
678.435534,6,Th
678.603210,22,Th
678.650020,22,Th
678.666743,90,Th
678.680740,29,Th
678.823807,22,Th
678.960983,1100,Th
679.005672,310,Th
679.022098,120,Th
679.058793,42,Th
679.071388,1900,Th
679.087818,99,Th
679.156737,22,Th
679.310936,1800,Th
679.433800,22,Th
679.455224,15,Th
679.477388,92,Th
679.558887,33,Th
679.667339,15,Th
679.684230,45,Th
679.692516,120,Th
679.767392,110,Th
679.865851,160,Th
679.970030,6,Th
680.036371,390,Th
680.062235,82,Th
680.116750,3,Ar
680.234097,130,Th
680.313382,270,Th
680.429090,18,Th
680.466323,140,Th
680.486620,150,Th
680.505330,9,Th
680.517246,30,Th
680.661511,160,Th
680.734612,140,Th
680.762795,160,Th
680.899340,22,Th
680.919721,150,Th
680.969790,14,Th
681.041027,15,Ar
681.097969,500,Th
681.119619,460,Th
681.138912,200,Th
681.155712,160,Th
681.242941,330,Th
681.337830,12,Th
681.360760,24,Th
681.384258,68,Th
681.437178,370,Th
681.465534,290,Th
681.484670,56,Th
681.549329,60,Th
681.607446,12,Th
681.749300,170,Th
681.812689,300,Th
681.871143,45,Th
681.913620,11,Th
681.926615,19,Th
682.026580,8,Ar
682.040590,31,Th
682.088880,59,Th
682.144036,34,Th
682.168289,26,Th
682.539143,580,Th
682.570674,21,Th
682.580418,53,Th
682.598934,43,Th
682.626602,5,Th
682.656071,2300,Th
682.791770,15,Th
682.818614,2900,Th
683.009848,38,Th
683.091982,4400,Th
683.110589,46,Th
683.123187,290,Th
683.314009,56,Th
683.351640,11,Th
683.406036,17,Th
683.477762,150,Th
683.526566,45,Th
683.558551,17,Th
683.647725,5,Th
683.665082,28,Th
683.681054,9800,Th
683.694519,210,Th
683.779999,72,Th
683.808444,14,Th
683.854130,17,Th
683.876319,28,Th
683.938405,130,Th
684.079696,46,Th
684.087908,11,Th
684.118181,110,Th
684.147560,4,Ar
684.279418,10,Th
684.358460,54,Th
684.385855,43,Th
684.462260,190,Th
684.545428,16,Th
684.701750,24,Th
684.727020,25,Th
684.775663,40,Th
684.836809,370,Th
684.843920,1,Ar
684.850193,85,Th
684.942093,11,Th
684.950675,16,Th
684.988782,8,Th
685.018187,10,Th
685.059779,16,Th
685.200095,43,Th
685.242939,46,Th
685.258220,69,Th
685.310588,24,Th
685.399465,5,Th
685.424543,160,Th
685.541480,420,Th
685.600011,870,Th
685.614137,75,Th
685.640236,120,Th
685.676230,20,Th
685.720703,450,Th
685.758145,200,Th
685.796650,0.5,Ar
685.932868,8,Th
686.021718,5,Th
686.083130,17,Th
686.179840,5,Th
686.316197,112,Ar
686.464250,14,Th
686.476231,150,Th
686.498458,21,Th
686.542846,35,Ar
686.729120,15,Th
686.805196,300,Th
686.826090,860,Th
686.865804,980,Th
687.034596,1100,Th
687.053667,100,Th
687.113070,0.5,Ar
687.115478,49,Th
687.178140,530,Th
687.204675,37,Th
687.213853,36,Th
687.262194,500,Th
687.271428,9,Th
687.280465,9,Th
687.288430,290,Th
687.318480,150,Ar
687.413128,37,Th
687.495146,130,Th
687.598882,260,Th
687.609997,68,Th
687.664963,2900,Th
687.687690,170,Th
687.732850,9,Th
687.746440,0.5,Ar
687.818727,47,Th
687.936034,9,Th
687.977270,23,Th
687.994215,110,Th
688.030380,32,Th
688.127910,4,Th
688.148060,5,Ar
688.246365,270,Th
688.267110,100,Th
688.283816,4,Th
688.315004,23,Th
688.357249,23,Th
688.383196,9,Th
688.470984,490,Th
688.503651,130,Th
688.521375,410,Th
688.574074,77,Th
688.763183,4,Th
688.786967,9,Th
688.830812,1400,Th
688.851207,26,Ar
689.006003,100,Th
689.007470,10,Ar
689.062950,250,Th
689.073566,160,Th
689.095248,59,Th
689.120409,730,Th
689.297870,24,Th
689.415243,410,Th
689.452450,16,Th
689.468000,4,Th
689.551737,31,Th
689.613247,120,Th
689.701565,38,Th
689.713248,47,Th
689.891510,49,Th
689.918050,95,Th
690.189955,100,Th
690.234623,110,Th
690.251700,110,Th
690.266670,290,Th
690.278680,2,Ar
690.292130,120,Th
690.306000,50,Th
690.411434,230,Th
690.467366,9,Th
690.486208,47,Th
690.498628,49,Th
690.522423,38,Th
690.600219,6,Th
690.636900,98,Th
690.638100,0.5,Ar
690.648200,240,Th
690.685380,110,Th
690.776063,99,Th
690.849640,63,Th
690.928114,15,Th
691.051640,71,Th
691.089548,180,Th
691.112636,87,Th
691.175573,730,Th
691.258069,25,Th
691.313282,25000,Th
691.459845,9,Th
691.507510,9,Th
691.662094,150,Th
691.691198,96,Th
691.803672,1400,Th
691.894711,76,Th
692.130737,4,Th
692.194846,230,Th
692.229782,23,Th
692.274639,4,Th
692.334698,51,Th
692.657103,74,Th
692.695190,18,Th
692.747894,37,Th
692.824095,9,Th
692.962880,9,Th
693.086951,13,Th
693.159798,51,Th
693.369668,13,Th
693.413781,69,Th
693.437186,51,Th
693.574703,9,Th
693.614249,460,Th
693.619730,260,Th
693.640555,69,Th
693.675326,18,Th
693.813837,46,Th
693.856647,310,Th
693.894183,37,Th
693.953334,46,Th
693.957800,50,Ar
694.224524,90,Th
694.348414,74,Th
694.445304,710,Th
694.552579,14000,Th
694.652927,71,Th
694.669032,36,Th
694.684400,9,Th
694.740601,1300,Th
694.812905,160,Th
694.851571,230,Th
694.868480,25,Th
694.969822,9,Th
694.983353,130,Th
695.000729,340,Th
695.012177,600,Th
695.031123,240,Th
695.167257,45,Th
695.317612,22,Th
695.339480,7,Ar
695.358146,92,Th
695.488441,280,Th
695.630247,9,Th
695.657455,570,Th
695.723386,160,Th
695.803504,4,Th
695.824172,25,Th
696.216960,7,Ar
696.423219,250,Th
696.478389,90,Th
696.585093,230,Th
696.619291,230,Th
696.735130,10000,Ar
696.785924,300,Th
696.798325,13,Th
696.883313,13,Th
697.122017,180,Th
697.170012,9,Th
697.630260,4,Th
697.636783,45,Th
697.739160,25,Th
697.875380,9,Th
697.897979,13,Th
697.938449,110,Th
698.016436,82,Th
698.066517,9,Th
698.186526,4,Th
698.246980,18,Th
698.300822,240,Th
698.453437,230,Th
698.467744,13,Th
698.588710,22,Th
698.651008,18,Th
698.668482,22,Th
698.687928,13,Th
698.739841,160,Th
698.763260,1,Ar
698.770800,45,Th
698.795584,220,Th
698.808560,9,Th
698.848487,13,Th
698.936788,13,Th
698.971758,90,Th
699.080192,90,Th
699.158294,31000,Th
699.204033,5,Ar
699.462482,230,Th
699.496563,860,Th
699.591664,110,Th
699.666552,450,Th
699.706998,340,Th
699.785357,52,Th
699.813228,36,Th
699.868811,80,Th
699.934191,130,Th
700.017594,450,Th
700.120079,330,Th
700.155382,140,Th
700.273435,7800,Th
700.339450,0.5,Ar
700.481409,990,Th
700.776276,36,Th
700.804616,230,Th
700.859035,18,Th
700.902860,170,Th
700.997835,54,Th
701.509991,4,Th
701.555470,36,Th
701.681025,230,Th
701.690346,360,Th
701.725199,390,Th
702.050294,9800,Th
702.073490,13,Th
702.191317,18,Th
702.242082,100,Th
702.321982,430,Th
702.361325,13,Th
702.384323,180,Th
702.508391,150,Th
702.546448,360,Th
702.558027,120,Th
702.571986,37,Th
702.683420,110,Th
702.713231,18,Th
702.731901,4,Th
702.839951,170,Th
702.996139,190,Th
703.218930,150,Ar
703.324625,130,Th
703.341410,69,Th
703.412518,69,Th
703.429559,13,Th
703.487102,410,Th
703.529714,230,Th
703.529863,230,Th
703.559171,130,Th
703.815304,110,Th
703.815351,110,Th
703.822334,1500,Th
703.935102,18,Th
703.972447,36,Th
703.979889,46,Th
704.009758,180,Th
704.066247,85,Th
704.181845,22,Th
704.247136,9,Th
704.397067,13,Th
704.516942,36,Th
704.565304,68,Th
704.690991,94,Th
704.773998,1100,Th
704.806175,45,Th
704.925268,9,Th
704.969611,9,Th
705.178492,91,Th
705.262010,0.5,Ar
705.344687,36,Th
705.556468,620,Th
705.636284,420,Th
705.693210,3,Ar
705.760134,4,Th
705.784656,110,Th
705.852434,46,Th
705.882595,18,Th
706.043566,670,Th
706.147136,300,Th
706.198804,1600,Th
706.260061,3800,Th
706.334040,440,Th
706.334116,440,Th
706.355818,4,Th
706.435970,190,Th
706.526025,37,Th
706.553572,46,Th
706.578331,37,Th
706.639940,1500,Th
706.823437,200,Th
706.916610,10000,Ar
706.919097,46,Th
706.946028,150,Th
707.026902,9,Th
707.068440,100,Ar
707.221750,9,Th
707.274580,4,Th
707.304353,350,Th
707.342942,250,Th
707.434396,1200,Th
707.620777,110,Th
707.695131,120,Th
707.728442,850,Th
707.897471,5,Ar
707.913590,18,Th
707.932009,120,Th
707.937600,240,Th
707.969187,18,Th
708.023049,140,Th
708.408408,94,Th
708.612215,12000,Th
708.693960,55,Th
708.944840,14,Th
709.028210,37,Th
709.061117,4,Th
709.077802,240,Th
709.100639,37,Th
709.129401,670,Th
709.144570,37,Th
709.166192,110,Th
709.252330,1,Ar
709.508551,14,Th
709.675560,14,Th
709.757477,19,Th
709.795190,14,Th
709.861594,23,Th
709.898926,47,Th
709.959772,23,Th
710.105025,19,Th
710.234750,9,Th
710.247197,430,Th
710.315500,1,Ar
710.361803,19,Th
710.414360,47,Th
710.454850,160,Th
710.499008,38,Th
710.510000,0.5,Ar
710.761448,48,Th
710.942793,47,Th
710.943660,25,Ar
711.050934,9,Th
711.104540,150,Th
711.114066,300,Th
711.127917,47,Th
711.151060,110,Th
711.182002,330,Th
711.224406,9,Th
711.300501,360,Th
711.488064,220,Th
711.496481,23,Th
711.594888,170,Th
711.635935,510,Th
711.851533,37,Th
711.895731,93,Th
711.977380,91,Th
712.113958,9,Th
712.228960,29,Th
712.369989,6,Ar
712.400756,610,Th
712.406755,14,Th
712.485240,14,Th
712.652450,8300,Th
712.656100,180,Th
712.727895,150,Th
712.748587,130,Th
712.778450,25,Ar
712.797766,23,Th
712.829611,38,Th
712.878404,120,Th
712.960894,47,Th
713.042164,38,Th
713.214970,420,Th
713.225300,280,Th
713.268929,630,Th
713.332288,610,Th
713.446411,120,Th
713.457598,600,Th
713.645668,38,Th
713.881180,19,Th
713.892560,38,Th
713.910402,24,Th
713.960812,14,Th
714.011150,97,Th
714.182922,150,Th
714.205234,19,Th
714.243072,250,Th
714.429994,760,Th
714.613865,38,Th
714.776677,90,Th
714.834306,38,Th
714.901110,1000,Ar
714.939331,71,Th
714.988422,14,Th
715.036785,110,Th
715.052933,1800,Th
715.089131,38,Th
715.098848,130,Th
715.119340,24,Th
715.225534,4100,Th
715.266373,84,Th
715.317840,90,Th
715.349714,96,Th
715.555954,710,Th
715.673427,660,Th
715.692580,1200,Th
715.731780,38,Th
715.889588,620,Th
715.891687,670,Th
716.081200,15,Ar
716.185491,370,Th
716.192072,1000,Th
716.274571,30,Th
716.366244,9,Th
716.422120,38,Th
716.515100,23,Th
716.535633,9,Th
716.629429,38,Th
716.648663,9,Th
716.714967,120,Th
716.879464,86,Th
716.917800,500,Th
717.087098,30000,Th
717.159869,18,Th
717.233645,260,Th
717.255501,9,Th
717.483867,37,Th
717.495510,30,Th
717.509212,37,Th
717.534957,1700,Th
717.611060,300,Th
717.816364,140,Th
717.869953,370,Th
717.926189,240,Th
718.023026,37,Th
718.102680,30,Th
718.116630,4,Th
718.169392,160,Th
718.293592,39,Th
718.386526,30,Th
718.408330,2,Ar
718.520260,9,Th
718.640459,19,Th
718.650122,14,Th
718.670223,19,Th
718.701106,14,Th
718.940381,61,Th
719.039045,91,Th
719.051343,330,Th
719.129620,4,Th
719.138769,49,Th
719.209882,24,Th
719.231449,9,Th
719.311461,1200,Th
719.356757,14,Th
719.400209,200,Th
719.533211,4,Th
719.690942,91,Th
719.722018,14,Th
719.777945,19,Th
719.794160,84,Th
719.855074,39,Th
720.007694,98,Th
720.020230,19,Th
720.097030,24,Th
720.202963,2200,Th
720.216242,250,Th
720.279977,9,Th
720.302902,250,Th
720.379385,350,Th
720.432526,24,Th
720.557596,19,Th
720.674826,14,Th
720.742390,9,Th
720.846902,1400,Th
720.896680,70,Ar
720.901065,120,Th
720.937843,24,Th
720.973160,250,Th
720.999275,14000,Th
721.026889,490,Th
721.116690,24,Th
721.197182,24,Th
721.202935,24,Th
721.255355,9,Th
721.375980,9,Th
721.467738,2900,Th
721.764856,49,Th
721.791749,39,Th
721.814343,120,Th
721.889584,39,Th
721.974557,500,Th
721.991301,560,Th
722.004340,6500,Th
722.114077,2300,Th
722.176884,120,Th
722.297052,220,Th
722.710083,130,Th
722.822069,74,Th
723.285511,640,Th
723.492378,49,Th
723.538474,190,Th
723.552930,23,Ar
723.755103,160,Th
723.788180,250,Th
724.039710,39,Th
724.125698,79,Th
724.218026,270,Th
724.298616,160,Th
724.328038,9,Th
724.408747,1700,Th
724.427950,85,Th
724.428210,85,Th
724.435114,280,Th
724.463113,320,Th
724.669294,2200,Th
724.728540,9,Th
724.749696,39,Th
724.812435,650,Th
724.831632,24,Th
724.837201,14,Th
724.959908,200,Th
724.983444,9,Th
725.054723,9,Th
725.096632,140,Th
725.147480,0.5,Ar
725.184163,72,Th
725.258873,130,Th
725.394580,9,Th
725.567343,190,Th
725.735330,870,Th
725.880709,100,Th
725.898582,530,Th
725.919629,120,Th
725.933700,9,Th
726.017698,770,Th
726.066490,77,Th
726.225599,39,Th
726.321505,25,Th
726.418882,50,Th
726.611693,250,Th
726.674369,10,Th
726.717000,15,Ar
726.909095,250,Th
727.049020,25,Th
727.083200,500,Th
727.256055,310,Th
727.267000,7,Ar
727.297969,40,Th
727.453438,140,Th
727.493950,2000,Ar
727.573536,130,Th
727.629842,78,Th
727.783414,110,Th
727.797765,10,Th
727.845553,52,Th
728.002960,20,Th
728.010805,15,Th
728.026056,5,Th
728.076602,5,Th
728.114415,41,Th
728.245920,2,Ar
728.248019,100,Th
728.472172,86,Th
728.616936,42,Th
728.623967,7,Ar
728.691039,4500,Th
728.811099,16,Th
729.099880,55,Th
729.144913,95,Th
729.181340,22,Th
729.327786,44,Th
729.449337,16,Th
729.487427,11,Th
729.537661,84,Th
729.621781,28,Th
729.632554,84,Th
729.827602,440,Th
730.014900,0.5,Ar
730.015423,410,Th
730.418406,89,Th
730.444362,74,Th
730.451399,16,Th
730.720840,110,Th
730.741714,560,Th
730.766301,72,Th
730.924300,22,Th
730.993137,22,Th
731.052070,160,Th
731.065520,320,Th
731.127070,160,Th
731.133315,11,Th
731.301668,55,Th
731.352980,430,Th
731.373060,35,Ar
731.427039,63,Th
731.675270,11,Th
731.708135,480,Th
731.762719,200,Th
731.802080,25,Ar
731.869210,10,Th
731.913838,16,Th
732.027940,10,Th
732.061255,43,Th
732.522792,210,Th
732.575060,10,Th
732.586429,130,Th
732.600548,54,Th
732.682525,1100,Th
732.723684,43,Th
732.807668,16,Th
732.881885,27,Th
733.030389,3500,Th
733.151099,480,Th
733.392370,10,Th
733.403736,95,Th
733.608802,21,Th
733.759701,200,Th
733.782164,27,Th
733.815338,11,Th
733.881652,22,Th
733.980316,130,Th
734.061254,160,Th
734.102689,44,Th
734.135348,11,Th
734.143200,100,Th
734.162548,340,Th
734.175676,16,Th
734.317394,3000,Th
734.345565,44,Th
734.358301,58,Th
734.378552,82,Th
734.405361,100,Th
734.432224,220,Th
734.459970,720,Th
734.541966,27,Th
734.836639,140,Th
734.868401,11,Th
734.906763,120,Th
735.007730,16,Ar
735.133522,95,Th
735.247938,290,Th
735.283900,5,Ar
735.295572,28,Th
735.340242,5,Th
735.458910,160,Th
735.495849,46,Th
735.504296,180,Th
735.532000,70,Ar
735.662933,63,Th
735.721140,2,Ar
736.037130,2,Ar
736.037219,140,Th
736.058731,46,Th
736.075983,11,Th
736.109229,63,Th
736.245127,17,Th
736.259046,11,Th
736.274315,11,Th
736.337517,310,Th
736.422338,120,Th
736.582045,58,Th
736.719830,17,Th
736.745486,130,Th
737.243529,23,Th
737.285508,270,Th
737.413521,110,Th
737.414800,200,Ar
737.650750,29,Th
737.716456,5,Th
737.820636,150,Th
737.890925,1600,Th
737.965539,11,Th
737.992036,110,Th
738.018436,11,Th
738.218437,260,Th
738.245600,44,Ar
738.562010,300,Th
738.574518,1200,Th
738.601410,10000,Ar
738.620892,1400,Th
738.718488,120,Th
738.753486,12000,Th
738.809126,47,Th
738.837916,250,Th
738.895719,120,Th
738.921093,93,Th
739.043185,29,Th
739.129635,640,Th
739.213786,300,Th
739.501630,20,Ar
739.547440,1100,Th
739.700404,6,Th
739.805015,65,Th
739.893207,120,Th
739.911346,24,Th
740.057656,48,Th
740.063228,300,Th
740.142566,48,Th
740.176470,70,Th
740.235381,12,Th
740.389794,74,Th
740.429097,2000,Th
740.530696,18,Th
740.573668,12,Th
740.602883,190,Th
740.629851,120,Th
740.674160,83,Th
741.125358,120,Th
741.187598,17,Th
741.300884,150,Th
741.335742,59,Th
741.377979,330,Th
741.404218,130,Th
741.437820,15,Ar
741.545102,11,Th
741.552407,17,Th
741.563642,130,Th
741.608853,160,Th
741.617612,17,Th
741.640355,59,Th
741.772293,17,Th
741.785420,29,Th
741.795599,59,Th
741.854980,17,Th
741.983401,480,Th
742.059306,1200,Th
742.138350,1,Ar
742.143360,50,Th
742.163802,59,Th
742.350718,29,Th
742.387159,77,Th
742.405631,180,Th
742.584886,170,Th
742.728656,230,Th
742.733950,10,Ar
742.894630,24,Th
742.927128,12,Th
743.062503,2,Ar
743.098640,7900,Th
743.125519,17,Th
743.229959,3900,Th
743.342554,160,Th
743.373430,130,Th
743.505003,29,Th
743.542187,48,Th
743.741580,25,Ar
743.834460,10,Ar
743.937107,6,Th
743.975380,64,Th
744.053444,64,Th
744.113483,260,Th
744.254230,4,Ar
744.408967,110,Th
744.561920,6,Th
744.592468,93,Th
744.642404,100,Th
744.679931,1500,Th
744.989983,1200,Th
745.165656,260,Th
745.186077,240,Th
745.203394,18,Th
745.224730,120,Th
745.236530,48,Th
745.447960,12,Th
745.456863,120,Th
745.524040,30,Th
745.578849,120,Th
745.614420,64,Th
745.726114,620,Th
745.805650,2,Ar
745.887350,170,Th
745.970583,120,Th
746.080842,160,Th
746.236516,62,Th
746.334921,49,Th
746.344138,18,Th
746.355901,31,Th
746.392967,3200,Th
746.504627,90,Th
746.548326,6,Th
746.708264,93,Th
746.729100,78,Th
746.749577,190,Th
746.887433,31,Th
747.111377,90,Th
747.176143,25,Th
747.548179,130,Th
747.610190,12,Th
747.661635,62,Th
748.186630,100,Th
748.270525,84,Th
748.286430,12,Th
748.316880,78,Th
748.341458,4600,Th
748.542090,66,Th
748.568630,2000,Th
748.605390,33,Th
748.755907,30,Th
748.977770,100,Th
748.991642,18,Th
749.003571,750,Th
749.023200,66,Th
749.142290,6,Th
749.167673,260,Th
749.177426,270,Th
749.217012,100,Th
749.243971,30,Th
749.549063,200,Th
749.629624,12,Th
749.631745,170,Th
749.762830,170,Th
749.905567,110,Th
749.935689,18,Th
749.961506,77,Th
749.994890,130,Th
750.106794,300,Th
750.163983,73,Th
750.170894,51,Th
750.184308,6,Th
750.324453,49,Th
750.569358,12,Th
750.589595,63,Th
750.593430,20000,Ar
750.712019,6,Th
750.722180,1,Ar
750.735970,350,Th
750.980579,180,Th
750.999140,440,Th
751.054635,630,Th
751.086264,66,Th
751.159703,33,Th
751.166395,12,Th
751.221354,6,Th
751.341836,390,Th
751.385871,830,Th
751.429341,19,Th
751.491450,90,Th
751.667163,33,Th
751.672050,15000,Ar
751.674870,12,Th
751.696648,75,Th
751.696834,75,Th
751.758773,6,Th
751.881011,130,Th
752.002123,180,Th
752.085284,360,Th
752.135181,6,Th
752.219690,50,Th
752.264174,12,Th
752.276580,95,Th
752.472498,67,Th
752.520634,740,Th
752.540713,50,Th
752.740017,130,Th
752.757982,1800,Th
752.890475,12,Th
752.942173,95,Th
753.056037,200,Th
753.057967,260,Th
753.099540,32,Th
753.138675,19,Th
753.145860,12,Th
753.321737,430,Th
753.388917,190,Th
753.630809,100,Th
753.793038,32,Th
753.832285,6,Th
753.851390,220,Th
753.950352,400,Th
754.266743,61,Th
754.665299,13,Th
754.773046,32,Th
754.936892,34,Th
754.981620,19,Th
755.139217,3500,Th
755.152678,6,Th
755.198210,13,Th
755.290673,6,Th
755.583326,13,Th
755.740585,170,Th
755.830363,87,Th
755.838583,13,Th
755.870716,6,Th
755.896713,34,Th
755.951020,13,Th
755.983029,170,Th
756.579371,33,Th
756.793488,420,Th
756.861282,480,Th
756.881372,20,Th
756.968174,660,Th
756.982509,8700,Th
757.116340,65,Th
757.159534,730,Th
757.174260,330,Th
757.264327,77,Th
757.272052,13,Th
757.311688,79,Th
757.505544,27,Th
757.523626,20,Th
757.542874,290,Th
757.618399,20,Th
757.655282,34,Th
757.935458,140,Th
757.964017,170,Th
758.154367,20,Th
758.243231,130,Th
758.277676,160,Th
758.315703,13,Th
758.551381,62,Th
758.778294,4300,Th
758.788020,7900,Th
758.830252,130,Th
758.908319,120,Th
759.140430,72,Ar
759.409240,69,Th
760.029868,1200,Th
760.173164,34,Th
760.191250,13,Th
760.272850,13,Th
760.397401,35,Th
760.433830,14,Th
760.488490,280,Th
760.534118,87,Th
760.571746,170,Th
760.717210,35,Th
760.839818,36,Th
760.960868,120,Th
760.991716,1400,Th
761.075609,68,Th
761.144080,21,Th
761.163548,14,Th
761.218994,36,Th
761.246795,14,Th
761.338022,57,Th
761.420923,28,Th
761.688395,100,Th
761.865612,34,Th
761.878018,130,Th
761.934507,14,Th
762.013900,1,Ar
762.217481,630,Th
762.253610,21,Th
762.268638,59,Th
762.290961,36,Th
762.553368,34,Th
762.566712,75,Th
762.641094,140,Th
762.721797,230,Th
762.780436,1800,Th
762.927420,3200,Th
762.950630,21,Th
763.241083,1900,Th
763.263705,400,Th
763.423184,380,Th
763.586689,200,Th
763.600438,69,Th
763.701985,21,Th
763.720710,25000,Ar
763.827628,1400,Th
763.948779,540,Th
763.986234,34,Th
764.088314,620,Th
764.316471,7,Th
764.370281,14,Th
764.413873,88,Th
764.453718,14,Th
764.498597,110,Th
764.551270,7,Th
764.684531,160,Th
764.706907,120,Th
764.845154,14,Th
764.948431,15000,Th
765.200475,14,Th
765.310755,210,Th
765.326394,7,Th
765.385269,380,Th
765.442642,1100,Th
765.544506,7,Th
765.593497,1700,Th
765.613833,2,Ar
765.636140,87,Th
765.680664,710,Th
765.742606,14,Th
765.781535,59,Th
766.043234,1500,Th
766.213269,230,Th
766.299880,930,Th
766.328981,15,Th
766.373341,60,Th
766.745392,15,Th
766.784396,60,Th
766.867808,500,Th
766.913339,15,Th
767.107105,100,Th
767.186886,60,Th
767.423116,7,Th
767.436655,160,Th
767.487265,15,Th
767.802680,15,Th
767.833258,370,Th
767.900930,15,Th
768.023976,2000,Th
768.306119,2,Ar
768.344139,22,Th
768.361950,1,Ar
768.416335,96,Th
768.456170,22,Th
768.513315,220,Th
768.527460,22,Th
768.558230,1,Ar
768.742260,740,Th
768.826939,180,Th
769.107693,22,Th
769.213310,7,Th
769.277629,38,Th
769.388789,370,Th
769.591913,300,Th
769.921933,15,Th
770.004227,450,Th
770.017324,160,Th
770.152208,310,Th
770.176181,60,Th
770.189821,400,Th
770.322739,220,Th
770.580512,480,Th
770.740904,15,Th
770.858376,22,Th
770.903066,7,Th
771.029464,15,Th
771.167376,260,Th
771.167420,260,Th
771.172379,140,Th
771.201286,170,Th
771.239102,1600,Th
771.324733,190,Th
771.452806,200,Th
771.606072,600,Th
772.095985,22,Th
772.332686,490,Th
772.392313,15,Th
772.577800,22,Th
772.588570,15000,Ar
772.633240,10000,Ar
772.852623,15,Th
772.968045,15,Th
773.107801,1300,Th
773.165013,72,Th
773.224520,38,Th
773.259955,59,Th
773.386609,550,Th
773.675940,58,Th
773.760723,15,Th
773.850622,15,Th
773.992705,31,Th
774.050102,58,Th
774.185942,15,Th
774.454998,1,Ar
774.469363,710,Th
774.608635,130,Th
774.956130,180,Th
775.050951,72,Th
775.102592,23,Th
775.145121,62,Th
775.172552,38,Th
775.357957,38,Th
775.458995,23,Th
775.540670,1,Ar
775.641161,15,Th
775.658486,7,Th
775.690100,7,Th
775.914770,1,Ar
776.063192,23,Th
776.127358,15,Th
776.384976,140,Th
776.486791,140,Th
776.679090,92,Th
776.907855,30,Th
777.011805,23,Th
777.060354,15,Th
777.118575,15,Th
777.408464,750,Th
777.460553,15,Th
777.556017,73,Th
777.731596,68,Th
777.783044,15,Th
777.881298,260,Th
777.896103,30,Th
778.063255,350,Th
778.188038,61,Th
778.347518,15,Th
778.396848,170,Th
778.445800,1100,Th
778.489649,30,Th
778.555404,38,Th
778.639776,76,Th
778.674671,73,Th
778.692378,23,Th
778.789508,15,Th
778.857320,73,Th
778.979719,250,Th
778.994325,660,Th
779.107743,7000,Th
779.527599,130,Th
779.756370,2,Ar
780.050357,3300,Th
780.177739,66,Th
780.177831,66,Th
780.217436,23,Th
780.441070,1,Ar
780.496715,57,Th
780.593523,23,Th
780.628904,170,Th
780.667785,210,Th
780.819293,150,Th
780.918520,180,Th
781.002428,180,Th
781.047912,440,Th
781.138746,84,Th
781.158085,160,Th
781.210186,15,Th
781.277360,270,Th
781.329889,73,Th
781.562590,330,Th
781.612919,240,Th
781.799860,36,Th
781.829933,130,Th
781.830504,130,Th
781.925625,31,Th
781.992100,13000,Th
782.049860,150,Th
782.085343,15,Th
782.151107,23,Th
782.205353,15,Th
782.454061,230,Th
782.594616,15,Th
782.619549,74,Th
782.647067,7,Th
782.739570,15,Th
783.023326,24,Th
783.593010,71,Th
783.661344,620,Th
783.697696,74,Th
783.741804,74,Th
783.777720,350,Th
783.821334,37,Th
783.861590,510,Th
784.022667,16,Th
784.245515,820,Th
784.261499,610,Th
784.315435,62,Th
784.375426,41,Th
784.394860,2100,Th
784.442302,610,Th
784.570940,33,Th
784.872481,2,Ar
784.965651,240,Th
784.969847,15000,Th
784.996140,740,Th
785.061399,1100,Th
785.156480,9,Ar
785.178523,280,Th
785.317158,24,Th
785.438044,8,Th
785.726428,24,Th
786.075655,16,Th
786.450909,75,Th
786.556331,180,Th
786.562473,120,Th
786.618528,490,Th
786.724143,65,Th
786.742418,86,Th
786.813409,3500,Th
786.985355,110,Th
787.056882,270,Th
787.109936,130,Th
787.194637,120,Th
787.347200,150,Th
787.479750,900,Th
787.762994,170,Th
787.924274,150,Th
788.065039,40,Th
788.087505,66,Th
788.275206,40,Th
788.294221,150,Th
788.383784,16,Th
788.426440,93,Th
788.577369,32,Th
788.614640,37,Th
788.845261,2700,Th
789.324590,10,Ar
789.393446,110,Th
789.492323,53,Th
789.504780,110,Th
789.579111,250,Th
789.684600,0.5,Ar
789.696143,60,Th
789.859790,160,Th
789.873329,40,Th
789.941446,72,Th
790.119860,65,Th
790.179620,1200,Th
790.249347,1700,Th
790.550732,65,Th
790.660806,200,Th
790.695930,2,Ar
791.004257,32,Th
791.032036,110,Th
791.068469,65,Th
791.668502,65,Th
791.799020,1,Ar
791.898220,65,Th
792.023840,55,Th
792.303633,430,Th
792.442408,95,Th
792.474410,260,Th
792.474566,260,Th
792.474805,260,Th
792.510696,42,Th
792.510840,42,Th
792.717162,230,Th
792.792871,150,Th
792.953200,2,Ar
792.984820,71,Th
793.087423,24,Th
793.113536,55,Th
793.200140,96,Th
793.213335,40,Th
793.500090,49,Th
793.543648,74,Th
793.866200,74,Th
793.894570,32,Th
793.991699,1500,Th
794.266920,1,Ar
794.334289,16,Th
794.391055,1800,Th
794.523357,170,Th
794.558760,16,Th
794.571240,0.5,Ar
794.725510,200,Th
794.780225,25,Th
794.827706,99,Th
794.836943,65,Th
794.908255,77,Th
795.013612,33,Th
795.036210,20000,Ar
795.121213,25,Th
795.187660,160,Th
795.433829,25,Th
795.678046,1100,Th
795.726162,630,Th
795.769850,16,Th
795.790677,33,Th
796.266640,8,Th
796.334971,270,Th
796.355179,180,Th
796.417334,300,Th
796.789669,67,Th
796.846857,16,Th
797.097560,16,Th
797.198307,76,Th
797.244593,160,Th
797.478877,2200,Th
797.506960,160,Th
797.571170,200,Th
797.635255,700,Th
797.666224,33,Th
797.693880,25,Th
797.807073,16,Th
797.836663,93,Th
797.906964,25,Th
798.116773,27000,Th
798.307400,16,Th
798.342163,280,Th
798.387286,140,Th
798.470363,60,Th
798.580750,1,Ar
798.591110,39,Th
798.623890,8,Th
798.656450,72,Th
799.017016,1600,Th
799.136386,62,Th
799.356339,430,Th
799.435760,200,Th
799.508680,1,Ar
799.545371,77,Th
799.587939,820,Th
799.635050,75,Th
799.691976,25,Th
799.916930,120,Th
800.071252,120,Th
800.216330,65,Th
800.224549,450,Th
800.438897,94,Th
800.479805,33,Th
800.565606,310,Th
800.739790,130,Th
800.835820,20000,Ar
800.865746,120,Th
800.865960,120,Th
801.047197,16,Th
801.061306,41,Th
801.085548,16,Th
801.290370,82,Th
801.571142,110,Th
801.670678,160,Th
801.698960,25000,Ar
801.784622,96,Th
801.785149,96,Th
801.790092,200,Th
801.973291,19,Ar
802.294810,79,Th
802.440800,1300,Th
802.453741,480,Th
802.496378,24,Th
802.611056,16,Th
802.646008,480,Th
802.793407,550,Th
802.842078,360,Th
802.865388,140,Th
802.929962,67,Th
803.240879,900,Th
803.377301,8,Th
803.464052,6200,Th
803.511622,280,Th
803.682890,1,Ar
803.780851,100,Th
803.784776,230,Th
803.903925,95,Th
803.906600,8,Ar
803.991778,24,Th
804.088530,16,Th
804.542261,8,Th
804.595870,0.5,Ar
804.651430,2,Ar
804.721740,33,Th
804.741022,67,Th
804.855166,84,Th
804.905110,100,Th
805.084934,16,Th
805.493429,41,Th
805.522868,39,Th
805.552300,7,Ar
805.579310,39,Th
805.675061,150,Th
806.019027,420,Th
806.413771,25,Th
806.454667,61,Th
806.484811,1400,Th
806.661559,17,Th
806.904502,800,Th
807.095830,54,Th
807.095975,54,Th
807.303161,17,Th
807.669560,25,Th
807.787296,1200,Th
807.920765,42,Th
808.490557,81,Th
808.491330,81,Th
808.598630,1,Ar
808.667445,8,Th
808.744252,1700,Th
808.879740,53,Th
808.950143,17,Th
809.092810,34,Th
809.171011,370,Th
809.213176,34,Th
809.358082,17,Th
809.446279,330,Th
809.584950,4400,Th
809.848626,150,Th
809.970759,34,Th
810.306650,8,Th
810.410190,17,Th
810.591440,12023,Ar
810.592040,20000,Ar
810.678733,17,Th
810.762360,1600,Th
810.904520,17,Th
810.973889,25,Th
811.288900,1,Ar
811.426800,40,Th
811.677981,240,Th
811.754230,35000,Ar
811.978670,42,Th
812.329557,50,Th
812.458138,340,Th
812.495729,1100,Th
812.590337,80,Th
812.777524,40,Th
812.987259,80,Th
813.164057,1800,Th
813.193079,210,Th
813.243390,61,Th
813.517881,420,Th
813.610542,8,Th
813.687237,42,Th
813.803892,16,Th
813.950248,16,Th
813.963131,33,Th
814.017415,380,Th
814.063689,490,Th
814.071321,3200,Th
814.214046,150,Th
814.490635,170,Th
814.537714,12000,Th
814.772940,80,Th
814.847026,59,Th
814.847440,59,Th
814.899565,42,Th
815.194331,160,Th
815.257510,110,Th
815.289060,1,Ar
815.314330,8,Th
815.422416,16,Th
815.462304,200,Th
815.643339,86,Th
815.819460,42,Th
815.978645,540,Th
816.125160,17,Th
816.197130,6800,Th
816.378876,17,Th
816.430259,180,Th
816.536558,460,Th
816.562663,8,Th
816.738951,79,Th
816.763880,3,Ar
816.869321,240,Th
817.011244,25,Th
817.101776,42,Th
817.203292,3000,Th
817.437042,440,Th
817.634331,33,Th
817.658210,16,Th
817.694720,16,Th
817.942792,62,Th
818.044338,79,Th
818.107895,16,Th
818.128399,75,Th
818.358040,81,Th
818.451950,200,Th
818.597539,16,Th
818.609941,71,Th
818.664260,40,Th
818.916234,12000,Th
819.219921,33,Th
819.250840,1,Ar
819.272730,16,Th
819.313764,220,Th
819.332560,84,Th
819.439443,25,Th
819.548707,57,Th
819.664732,420,Th
819.693865,25,Th
819.821147,110,Th
820.030629,41,Th
820.069522,110,Th
820.358110,8,Th
820.440189,460,Th
820.545593,630,Th
820.736680,130,Th
820.814225,67,Th
820.917960,56,Th
820.973522,520,Th
821.086987,16,Th
821.170272,230,Th
821.200719,47,Th
821.231096,33,Th
821.277650,16,Th
821.448007,83,Th
821.503962,74,Th
821.570970,76,Th
821.640556,600,Th
821.948541,540,Th
822.007920,1,Ar
822.012610,130,Th
822.237030,51,Th
822.277119,160,Th
822.301089,76,Th
822.314371,25,Th
822.390740,8,Th
822.567203,68,Th
822.632760,54,Th
822.722433,85,Th
822.722730,85,Th
822.933143,25,Th
822.973394,420,Th
822.994530,120,Th
823.099300,8,Th
823.367000,880,Th
823.474035,25,Th
823.494120,8,Th
823.564241,17,Th
823.661250,130,Th
823.720222,180,Th
823.774936,8,Th
823.809102,34,Th
823.860910,210,Th
823.900674,33,Th
824.000575,57,Th
824.362750,82,Th
824.597858,16,Th
824.803706,16,Th
824.827890,50,Th
824.843236,16,Th
825.466215,4200,Th
825.588454,540,Th
825.701157,1400,Th
826.063727,67,Th
826.125620,160,Th
826.178256,630,Th
826.178300,2,Ar
826.328527,1000,Th
826.425729,56,Th
826.619580,1000,Th
826.679320,10000,Ar
826.969523,16,Th
827.322130,25,Th
827.589747,67,Th
827.623076,63,Th
827.790141,5900,Th
827.852020,100,Th
828.322990,41,Th
828.452639,91,Th
828.675747,25,Th
828.783163,46,Th
828.929517,100,Th
828.941279,160,Th
829.069288,350,Th
829.171655,16,Th
829.315187,16,Th
829.379832,16,Th
829.415869,8,Th
829.432238,33,Th
829.480646,650,Th
829.731327,70,Th
829.783005,640,Th
829.900140,1,Ar
829.945713,620,Th
829.967459,95,Th
830.064549,85,Th
830.486940,82,Th
830.670758,230,Th
830.714235,42,Th
830.870370,8,Th
830.953992,8,Th
831.155035,94,Th
831.236910,41,Th
831.331239,17,Th
831.391550,680,Th
831.556360,17,Th
831.636378,65,Th
831.656910,34,Th
831.888857,70,Th
831.940711,17,Th
832.314248,9600,Th
832.518441,42,Th
832.835990,42,Th
832.950781,120,Th
833.018950,2,Ar
833.063462,78,Th
833.128608,110,Th
833.160431,16,Th
833.273903,26000,Th
833.572110,120,Th
833.799797,280,Th
833.922810,170,Th
833.963418,16,Th
834.067680,1,Ar
834.376981,310,Th
834.492040,1,Ar
834.496660,82,Th
834.647467,64,Th
834.746550,2,Ar
834.816350,140,Th
834.870060,1,Ar
834.883703,200,Th
835.318942,16,Th
835.336620,82,Th
835.367053,120,Th
835.744393,51,Th
835.836623,280,Th
835.982280,53,Th
836.013243,150,Th
836.102257,1700,Th
836.279097,190,Th
836.536361,2,Ar
836.837352,1000,Th
836.969336,1000,Th
837.000998,43,Th
837.070171,89,Th
837.151897,49,Th
837.164204,1400,Th
837.360851,8,Th
837.398005,16,Th
837.651210,88,Th
837.651266,88,Th
837.707349,85,Th
837.762877,8,Th
837.837980,2,Ar
837.919880,25,Th
838.152893,430,Th
838.207055,160,Th
838.539224,100,Th
838.694526,8,Th
838.723830,67,Th
838.803267,400,Th
838.941016,400,Th
839.084150,840,Th
839.458000,20,Ar
839.470341,340,Th
839.485391,61,Th
839.516257,96,Th
839.803110,8,Ar
839.937895,82,Th
840.048579,230,Th
840.156601,440,Th
840.197240,210,Th
840.429903,740,Th
840.586746,180,Th
840.610585,730,Th
840.809785,120,Th
840.862623,90,Th
840.898829,380,Th
840.932860,180,Th
841.051910,15000,Ar
841.285488,110,Th
841.419390,1,Ar
841.422877,690,Th
841.529426,100,Th
841.631590,17,Th
841.659774,34,Th
841.726494,75,Th
841.769856,170,Th
841.803710,7,Ar
841.903977,21000,Th
841.940701,290,Th
841.991497,180,Th
842.031133,3900,Th
842.353942,11000,Th
842.481160,8,Th
842.525784,17,Th
842.634252,660,Th
842.696240,20000,Ar
842.869599,290,Th
843.290489,56,Th
843.481073,110,Th
843.709283,17,Th
843.806030,140,Th
844.289584,110,Th
844.298907,82,Th
844.308142,96,Th
844.752825,310,Th
844.780772,6300,Th
844.883245,16000,Th
845.223053,18,Th
845.299716,150,Th
845.316713,120,Th
845.416937,18,Th
845.472480,170,Th
845.534730,82,Th
845.572736,46,Th
845.725243,140,Th
845.754332,18,Th
845.867092,130,Th
846.434034,37,Th
846.656238,2300,Th
846.708725,120,Th
846.799672,520,Th
846.949924,48,Th
847.129103,63,Th
847.130080,63,Th
847.179025,28,Th
847.268950,48,Th
847.415380,1100,Th
847.492766,160,Th
847.599282,9,Th
848.021838,72,Th
848.068735,15000,Th
848.086091,2600,Th
848.407990,82,Th
848.481410,9,Th
848.563277,140,Th
848.793305,30,Th
848.844476,20,Th
848.889446,130,Th
848.981638,120,Th
849.092126,10,Th
849.196260,51,Th
849.370290,20,Th
849.415078,64,Th
849.837996,120,Th
849.851182,140,Th
849.867010,390,Th
849.879489,500,Th
849.903900,330,Th
849.907698,98,Th
850.235323,74,Th
850.301498,350,Th
850.332700,2,Ar
850.377618,280,Th
850.410269,49,Th
851.051039,52,Th
851.161216,20,Th
851.296217,1600,Th
851.424812,210,Th
851.493574,65,Th
851.574482,110,Th
851.598828,20,Th
851.724610,80,Th
851.724836,80,Th
851.795636,20,Th
851.889435,1200,Th
852.167221,690,Th
852.374188,47,Th
852.378230,15000,Ar
852.384200,67,Th
852.398314,42,Th
852.542472,50,Th
852.619180,82,Th
852.711165,21,Th
852.799266,43,Th
853.110820,32,Th
853.250450,21,Th
853.325436,130,Th
853.379451,160,Th
853.420760,46,Th
853.443617,54,Th
853.463848,51,Th
853.525865,100,Th
853.702485,150,Th
853.973410,32,Th
854.213910,1500,Th
854.259430,43,Th
854.497765,32,Th
854.578033,68,Th
854.606963,1100,Th
854.694293,690,Th
854.937010,4,Ar
855.381344,21,Th
855.411443,75,Th
855.729412,2800,Th
855.867546,1300,Th
855.894934,230,Th
856.079759,230,Th
856.278632,160,Th
856.467072,54,Th
856.490092,2,Ar
856.551520,91,Th
856.649526,130,Th
856.690988,54,Th
856.709946,68,Th
856.719326,130,Th
856.771350,1,Ar
857.056230,280,Th
857.442934,43,Th
857.547559,7500,Th
857.642924,65,Th
857.660897,60,Th
857.768655,260,Th
857.963317,1400,Th
858.169216,32,Th
858.437790,43,Th
858.488080,82,Th
858.634314,21,Th
858.761615,3,Ar
858.999250,98,Th
859.057893,47,Th
859.080383,140,Th
859.206114,32,Th
859.311530,82,Th
859.419899,440,Th
859.498520,3,Ar
859.546919,610,Th
859.730413,10,Th
859.802141,11,Th
859.882814,64,Th
859.906263,58,Th
860.211839,95,Th
860.238163,33,Th
860.327933,130,Th
860.421459,11,Th
860.638036,7,Ar
860.729449,44,Th
860.752646,22,Th
860.784626,60,Th
860.814040,7,Ar
860.851891,67,Th
860.997680,2,Ar
861.009682,62,Th
861.172776,44,Th
861.704841,56,Th
861.858853,700,Th
861.948860,45,Th
862.096816,56,Th
862.256081,77,Th
862.369107,330,Th
862.447018,58,Th
862.617010,7,Ar
862.864950,11,Th
863.040471,42,Th
863.151241,110,Th
863.270461,56,Th
863.312295,79,Th
863.346710,1,Ar
863.372739,160,Th
863.416754,22,Th
863.579000,34,Th
863.634635,34,Th
863.811368,220,Th
863.930342,22,Th
863.964588,57,Th
864.073505,660,Th
864.181478,1500,Th
864.206167,91,Th
864.334789,52,Th
864.522352,13,Th
864.768343,910,Th
865.065319,71,Th
865.077016,120,Th
865.152472,320,Th
865.282914,28,Th
865.364240,42,Th
865.825357,750,Th
865.976270,1,Ar
866.213240,32,Th
866.465599,32,Th
866.573121,65,Th
866.786546,6700,Th
866.982640,150,Th
867.032380,4500,Ar
867.049699,760,Th
867.454056,48,Th
867.466790,19,Th
867.714610,1,Ar
867.778064,99,Th
867.903673,38,Th
868.088677,190,Th
868.183059,300,Th
868.277560,200,Th
868.368320,40,Th
868.460268,120,Th
868.484240,65,Th
868.811837,76,Th
868.847847,170,Th
868.900479,110,Th
869.023412,590,Th
869.081878,41,Th
869.156244,89,Th
869.372106,160,Th
869.547640,2,Ar
869.748731,85,Th
870.098540,260,Th
870.351080,260,Th
870.572280,65,Th
870.609291,170,Th
870.725059,320,Th
870.975039,310,Th
871.162596,3000,Th
871.280679,170,Th
871.524343,110,Th
871.604725,110,Th
871.666117,73,Th
871.730687,24,Th
871.745870,24,Th
871.934990,1,Ar
872.015088,240,Th
872.177370,3,Ar
872.202451,220,Th
872.405519,230,Th
872.485353,220,Th
872.611391,150,Th
872.677171,260,Th
872.984490,100,Th
873.321870,140,Th
873.482341,1000,Th
873.539937,50,Th
873.642157,390,Th
873.688598,130,Th
873.813626,51,Th
873.876266,43,Th
874.164943,25,Th
874.218183,370,Th
874.565391,83,Th
874.700185,130,Th
874.788340,86,Th
874.965105,51,Th
874.989707,51,Th
875.043316,10000,Th
875.157238,1100,Th
875.216253,43,Th
875.360935,140,Th
875.613830,53,Th
875.641420,2,Ar
875.740305,80,Th
876.064838,7400,Th
876.285527,1200,Th
876.915247,1600,Th
877.060660,96,Th
877.062050,1,Ar
877.387754,26,Th
877.426917,158,Ar
877.479339,120,Th
877.521423,1700,Th
877.594116,120,Th
877.798283,3300,Th
877.975400,43,Th
878.067233,72,Th
878.231758,27,Th
878.275029,27,Th
878.311020,8,Ar
878.512735,260,Th
878.655291,150,Th
878.697463,370,Th
878.844315,54,Th
879.279043,190,Th
879.297295,1,Ar
879.447113,1200,Th
879.855650,13,Ar
880.058759,310,Th
880.058790,310,Th
880.087040,42,Th
880.176072,28,Th
880.627320,1,Ar
880.700682,820,Th
880.831692,140,Th
880.864913,88,Th
881.267319,250,Th
881.493028,170,Th
881.859361,370,Th
882.016392,340,Th
882.265253,650,Th
882.284313,1200,Th
882.418023,130,Th
883.188861,59,Th
883.211816,220,Th
883.589445,58,Th
883.856297,88,Th
884.043070,1,Ar
884.361064,2400,Th
884.427532,130,Th
884.450216,440,Th
884.479669,29,Th
884.495550,1,Ar
884.598741,58,Th
884.995694,58,Th
885.041781,100,Th
885.073387,180,Th
885.174483,350,Th
885.234000,180,Ar
885.274170,130,Th
885.274540,130,Th
885.298541,58,Th
885.313260,1,Ar
885.497902,29,Th
885.522156,270,Th
885.657295,29,Th
885.733930,360,Th
885.930154,54,Th
885.930500,54,Th
886.030678,75,Th
886.145027,430,Th
886.184349,84,Th
886.340875,71,Th
886.472358,74,Th
886.694250,85,Th
886.800994,580,Th
886.914880,140,Th
886.961581,2,Ar
887.017238,30,Th
887.126814,4900,Th
887.264926,1,Ar
887.441840,87,Th
887.442240,87,Th
887.466170,75,Th
887.484633,30,Th
887.766860,650,Th
888.019070,30,Th
888.332044,42,Th
888.433956,160,Th
888.495029,55,Th
889.018990,42,Th
889.163437,550,Th
889.242062,61,Th
889.259070,22,Ar
889.272066,160,Th
889.520796,61,Th
889.542768,1400,Th
889.598084,430,Th
889.759470,1,Ar
890.174260,11,Ar
890.335531,67,Th
890.465809,42,Th
890.527335,68,Th
890.627790,62,Th
890.695130,1,Ar
890.810110,68,Ar
890.939525,120,Th
890.947786,220,Th
890.947966,220,Th
891.330265,420,Th
891.522079,120,Th
891.534462,73,Th
891.729070,73,Th
891.796520,1,Ar
891.995804,230,Th
892.102431,38,Th
892.117900,38,Th
892.222185,73,Th
892.265160,10,Ar
892.669609,84,Th
892.852630,3,Ar
892.927780,1,Ar
893.018050,190,Th
893.054378,400,Th
893.084921,78,Th
893.105460,130,Th
893.246767,85,Th
893.378262,32,Ar
893.582049,42,Th
893.769686,42,Th
893.789490,1,Ar
893.828090,42,Th
893.999270,1,Ar
894.411479,220,Th
894.496822,86,Th
895.087780,170,Th
895.157900,1100,Th
895.460510,88,Th
895.725581,42,Th
895.830487,1200,Th
895.897098,53,Th
896.044488,410,Th
896.174510,62,Th
896.466692,140,Th
896.535399,130,Th
896.651458,88,Th
896.745139,51,Th
896.755624,51,Th
896.946298,290,Th
897.010184,19000,Th
897.140840,14,Ar
897.232868,950,Th
897.382684,59,Ar
897.735302,42,Th
898.135311,67,Th
898.216850,160,Th
898.307461,76,Th
898.320407,240,Th
898.460497,91,Th
898.620919,92,Th
898.774694,210,Th
898.908340,60,Ar
898.987479,530,Th
899.294583,110,Th
899.336114,300,Th
899.352454,46,Th
899.692993,92,Th
899.765780,410,Th
899.833269,62,Ar
899.924377,50,Th
900.027930,31,Ar
900.034615,770,Th
900.199474,76,Th
901.034720,0.5,Ar
901.092947,87,Ar
901.235595,440,Th
901.398886,83,Th
901.499986,740,Th
901.606031,46,Th
901.644941,97,Th
901.644965,97,Th
901.683520,49,Th
901.741000,1,Ar
901.906503,2400,Th
902.006688,102,Ar
902.067510,0.5,Ar
902.849085,93,Th
902.864010,93,Th
902.911040,51,Th
903.384108,1,Ar
903.429825,990,Th
903.495081,140,Th
903.697771,93,Th
903.839960,19,Ar
904.037428,790,Th
904.117166,200,Th
904.142585,93,Th
904.176554,93,Th
904.260418,670,Th
904.420241,93,Th
904.783572,1200,Th
904.919553,100,Th
904.945761,140,Th
905.073335,24000,Th
905.100836,400,Th
905.371550,7,Ar
905.574046,1100,Th
905.597022,620,Th
905.680520,93,Th
905.856488,150,Th
906.074510,110,Th
906.176324,140,Th
906.323390,50,Ar
906.416962,59,Th
906.505033,450,Th
906.539593,94,Th
906.644740,2600,Th
906.859986,260,Th
906.973698,120,Th
907.016083,94,Th
907.036942,47,Th
907.051200,44,Ar
907.207108,200,Th
907.476834,260,Th
907.546106,47,Th
907.749192,220,Th
907.788600,20,Ar
907.868689,110,Th
908.220040,15,Ar
908.481482,67,Th
908.701896,140,Th
909.294154,140,Th
909.331354,890,Th
909.732469,4500,Th
909.737653,160,Th
909.759900,68,Ar
909.822795,56,Th
909.930685,42,Th
910.043550,55,Th
910.107130,40,Ar
910.187724,100,Th
910.358002,210,Th
910.566817,100,Th
910.584019,36,Th
910.647480,42,Th
910.796740,65,Th
910.906204,102,Ar
910.972628,670,Th
910.987634,240,Th
911.015378,47,Th
911.030070,100,Th
911.181385,84,Th
911.229393,38,Th
911.348020,100,Th
911.403158,140,Th
911.517101,85,Th
911.573039,50,Th
911.595543,68,Th
911.685380,6,Ar
912.064040,180,Th
912.093570,32,Th
912.213876,1300,Th
912.215610,8400,Th
912.547060,35000,Ar
912.591215,50,Th
912.702347,84,Th
912.883345,160,Th
913.168755,150,Th
913.218572,130,Th
913.347438,50,Th
913.478001,360,Th
913.719858,1100,Th
913.844453,590,Th
914.023880,81,Th
914.306424,1500,Th
914.376760,50,Th
914.387734,100,Th
914.427358,68,Th
914.432434,40,Th
915.332200,1,Ar
915.528720,38,Th
915.529256,38,Th
915.587807,83,Th
915.780939,120,Th
915.845753,51,Th
915.856200,27,Ar
915.870026,120,Th
915.943776,46,Th
915.993490,55,Th
916.154630,17,Ar
916.678890,210,Th
916.752799,36,Th
916.841031,2000,Th
916.999491,53,Th
917.031081,210,Th
917.034372,63,Th
917.142790,1,Ar
917.333848,360,Th
917.379100,110,Th
917.759190,110,Th
917.948532,110,Th
918.129803,1000,Th
918.234512,40,Th
918.441658,44,Th
918.888175,53,Th
919.008655,290,Th
919.103866,110,Th
919.370060,7,Ar
919.421717,110,Th
919.511550,31,Ar
919.611538,520,Th
919.716100,550,Ar
919.977881,58,Th
920.220829,400,Th
920.425590,610,Th
920.648703,37000,Th
920.935590,38,Th
921.055150,160,Th
921.110777,400,Th
921.289470,1,Ar
921.619593,31,Th
921.619840,31,Th
921.844841,650,Th
922.137200,110,Th
922.151590,38,Ar
922.396276,390,Th
922.479480,10,Ar
922.486963,180,Th
922.702940,15000,Ar
922.956530,110,Th
923.004375,2600,Th
923.041840,57,Th
923.175030,57,Th
923.313889,57,Th
923.502901,500,Th
923.580716,130,Th
923.639099,590,Th
923.693217,55,Th
924.010012,120,Th
924.186118,270,Th
924.213533,62,Th
924.275172,48,Th
924.629662,150,Th
924.776460,430,Th
924.779212,150,Th
925.065598,60,Th
925.240750,220,Th
925.244411,94,Th
925.311648,150,Th
925.517190,10,Ar
925.540040,46,Th
925.577480,43,Th
926.131240,10,Ar
926.286607,370,Th
926.622456,130,Th
926.874913,10000,Th
926.946209,1900,Th
926.961068,180,Th
926.962993,290,Th
927.023232,230,Th
927.269350,770,Th
927.372339,110,Th
927.536890,47,Th
927.726280,38,Th
927.881808,4800,Th
927.903789,460,Th
927.970890,54,Th
928.225550,26,Ar
928.892856,56,Th
929.012682,170,Th
929.211095,6800,Th
929.408100,400,Ar
929.480780,87,Th
929.687153,31,Th
929.752413,330,Th
930.256444,220,Th
930.842320,1,Ar
931.044922,1600,Th
931.299832,520,Th
931.358860,87,Th
931.606770,1,Ar
932.028557,800,Th
932.248025,84,Th
932.262859,130,Th
932.531818,35,Th
932.559768,81,Th
932.886093,57,Th
932.980488,95,Th
933.361550,1,Ar
933.872350,210,Th
933.900780,38,Th
934.132959,46,Th
934.326755,2400,Th
934.665723,160,Th
934.677120,150,Th
934.736930,7,Ar
934.919840,43,Th
935.181721,52,Th
935.678450,1600,Ar
935.855744,120,Th
935.981338,78,Th
936.303230,1,Ar
936.355570,180,Th
936.489480,35,Th
936.515200,32,Th
936.521259,90,Th
936.936669,71,Th
937.322283,43,Th
937.662270,41,Th
937.674070,3,Ar
937.723474,31,Th
937.935670,32,Th
938.110715,770,Th
938.185020,93,Th
938.230202,82,Th
938.321696,46,Th
938.568599,52,Th
938.584606,3900,Th
938.667456,51,Th
939.150630,1300,Th
939.316105,660,Th
939.329180,37,Th
939.459728,31,Th
939.484081,86,Th
939.635189,34,Th
939.749040,0.5,Ar
939.924388,44,Th
940.071730,33,Th
940.166725,43000,Th
940.499810,54,Th
940.777779,35,Th
940.785596,68,Th
940.947297,63,Th
941.192991,1800,Th
941.327454,36,Th
941.625849,120,Th
941.667085,360,Th
942.004032,110,Th
942.116880,1,Ar
942.306020,59,Ar
942.308224,48,Th
942.320450,150,Th
942.489836,49,Th
942.551811,40,Th
942.642856,41,Th
943.350299,48,Th
943.418646,3400,Th
943.486985,270,Th
943.517090,46,Th
943.771118,49,Th
943.881780,13,Ar
943.940094,340,Th
944.421837,41,Th
944.455814,59,Th
944.958030,81,Th
945.305291,110,Th
945.575200,0.5,Ar
945.779570,320,Th
945.861540,69,Th
946.122000,120,Th
946.346480,550,Th
946.362275,9700,Th
946.380211,1000,Th
946.449030,43,Th
946.979209,4800,Th
947.089610,0.5,Ar
947.327945,6800,Th
947.389322,37,Th
947.747801,18000,Th
947.751902,180,Th
947.784860,35,Ar
947.986390,32,Th
948.348050,7,Ar
948.484949,150,Th
948.489268,230,Th
948.505740,30,Th
948.952759,640,Th
949.346389,31,Th
949.356100,0.5,Ar
949.646878,41,Th
949.664799,46,Th
949.810223,15000,Th
949.871680,31,Th
949.979368,23000,Th
950.266040,77,Th
950.290546,520,Th
950.404380,79,Th
950.675300,0.5,Ar
950.678300,0.5,Ar
950.682255,490,Th
950.799984,3300,Th
951.026011,330,Th
951.106000,3,Ar
951.355478,100,Th
951.740811,430,Th
952.666510,0.5,Ar
952.900610,1,Ar
953.826950,34,Ar
953.902244,150,Th
954.328260,38,Ar
955.064882,290,Th
955.625090,36,Ar
955.660507,270,Th
956.095540,44,Th
956.222896,43,Th
956.254480,37,Th
956.285152,43,Th
956.316160,44,Th
956.386725,4500,Th
956.818228,150,Th
956.990412,170,Th
957.045278,250,Th
957.302661,91,Th
957.412676,82,Th
957.997389,210,Th
958.544123,1100,Th
958.570771,200,Th
958.961620,10,Ar
958.965661,200,Th
959.143661,57,Th
959.297313,160,Th
959.802190,530,Th
960.196480,2,Ar
960.455880,110,Ar
960.844050,59,Th
961.016990,71,Th
961.112181,450,Th
961.157025,130,Th
961.300860,0.5,Ar
961.398147,40,Th
961.514400,2,Ar
961.514400,2,Ar
961.629170,200,Th
961.632761,870,Th
962.185536,120,Th
962.221440,56,Ar
962.221660,56,Ar
962.363376,440,Th
962.470640,68,Ar
962.587590,19,Ar
962.604687,69,Th
962.783783,500,Th
962.837337,41,Th
963.031069,110,Th
963.186620,50,Th
963.220982,4600,Th
963.338486,110,Th
963.528521,7900,Th
963.954436,56,Th
964.383550,15,Ar
964.512166,270,Th
964.578757,46,Th
964.595750,14,Ar
964.628929,54,Th
965.416320,180,Th
965.464779,52,Th
965.861980,85,Ar
965.908934,160,Th
966.043460,25000,Ar
966.273192,35,Th
966.571544,33,Th
966.629325,180,Th
966.734834,8300,Th
966.879421,34,Th
966.903102,75,Th
967.340682,35,Th
967.344888,92,Th
967.744430,370,Th
967.785530,0.5,Ar
967.875661,270,Th
967.894050,45,Ar
967.948983,470,Th
967.959748,44,Th
968.088453,74,Th
968.146200,50,Ar
968.487400,6,Ar
968.505861,74,Th
968.638832,39,Th
968.745546,51,Th
968.833294,1200,Th
969.022872,40,Th
969.768947,270,Th
970.322287,15000,Th
970.327088,320,Th
970.418620,1,Ar
970.423651,110,Th
970.462510,10,Ar
970.493230,660,Th
971.123240,0.5,Ar
971.442790,12,Ar
971.577580,20,Ar
971.880581,190,Th
972.115664,210,Th
972.132420,52,Th
972.925510,5,Ar
973.466561,32,Th
973.499922,47,Th
973.721730,14,Ar
973.737070,49,Th
973.888177,150,Th
974.129223,91,Th
974.244170,28,Ar
974.582849,32,Th
974.612790,93,Ar
974.623290,1000,Th
974.913506,27000,Th
975.280860,51,Ar
975.626634,320,Th
975.668710,61,Th
975.881700,85,Ar
975.989453,150,Th
976.131270,107,Ar
976.452450,10,Ar
976.728298,57,Th
977.221302,170,Th
977.451040,10,Ar
977.624760,112,Ar
978.109940,32,Th
978.213462,140,Th
978.346700,45,Th
978.482296,41,Th
978.576370,102,Ar
978.718510,4500,Ar
978.803545,110,Th
979.219489,270,Th
979.591540,28,Ar
979.751097,35,Th
979.832790,36,Th
979.888594,2100,Th
979.993160,120,Th
980.305027,130,Th
980.439465,76,Th
980.470640,36,Ar
980.637820,102,Ar
981.538775,9900,Th
981.583911,73,Th
981.710100,28,Ar
981.764844,120,Th
981.973078,140,Th
982.186810,9,Ar
982.186992,120,Th
982.293190,17,Th
982.733580,20,Ar
982.853080,8,Ar
982.914342,24000,Th
983.255160,3,Ar
983.339645,53,Th
983.436427,200,Th
983.474060,68,Th
983.611888,32000,Th
983.670330,230,Th
983.986580,21,Ar
983.995040,36,Th
984.070192,97,Th
984.361501,100,Th
984.838268,140,Th
985.215890,132,Ar
985.676290,129,Ar
985.844396,660,Th
986.483229,530,Th
986.657420,57,Th
986.679590,85,Th
986.730167,180,Th
986.815323,120,Th
987.059532,200,Th
987.162582,170,Th
987.470083,220,Th
987.533614,110,Th
987.652187,640,Th
987.749035,31,Th
987.939959,33,Th
988.122842,59,Th
988.349423,91,Th
989.052368,35,Th
989.323970,36,Th
989.876102,530,Th
990.046272,35,Th
990.106658,180,Th
990.163860,40,Th
990.507137,620,Th
990.696940,1,Ar
990.748272,57,Th
990.770256,47,Th
990.860210,87,Ar
990.910780,69,Ar
990.966031,51,Th
991.018773,180,Th
991.243140,11,Ar
991.279170,4500,Th
991.355365,140,Th
991.382986,700,Th
991.491683,160,Th
991.634109,78,Th
991.695830,13,Ar
991.883838,110,Th
991.887380,79,Ar
992.216431,49,Th
992.602000,66,Th
992.603579,66,Th
993.004617,220,Th
993.155510,20,Ar
993.253157,240,Th
993.276545,310,Th
993.440180,21,Ar
993.549730,67,Th
993.744073,150,Th
993.776580,1,Ar
993.792269,370,Th
994.156061,150,Th
994.268610,55,Th
994.579043,770,Th
994.980371,88,Th
995.089412,45,Th
995.187850,68,Ar
995.381720,33,Ar
995.509829,570,Th
995.553400,54,Ar
995.850519,52,Th
995.990767,38,Th
996.025446,65,Th
996.078547,89,Th
996.507870,1,Ar
996.622216,480,Th
996.814850,8,Ar
996.977500,89,Ar
997.319542,1200,Th
997.506700,9,Ar
997.582310,68,Th
997.742326,670,Th
997.868050,11,Ar
998.056200,68,Ar
998.778690,2300,Th
999.037269,4900,Th
999.076670,81,Th
999.112060,1,Ar
999.176570,1,Ar
999.267521,170,Th
999.458261,31,Th
999.538727,280,Th
999.610866,52,Th
999.660220,140,Th
999.660370,145,Ar
999.675450,15,Ar
999.722131,36,Th
1000.124988,130,Th
1000.170043,260,Th
1000.217024,46,Th
1000.235086,34,Th
1001.413914,270,Th
1001.584130,16,Ar
1001.614600,7,Ar
1001.964824,32,Th
1002.503250,117,Ar
1003.145541,30,Th
1003.229208,92,Th
1003.571040,48,Th
1003.597178,300,Th
1003.872110,0.5,Ar
1003.986988,150,Th
1004.184811,260,Th
1004.211560,6700,Th
1004.663550,39,Th
1004.677911,47,Th
1004.806584,220,Th
1004.875380,31,Th
1005.079057,410,Th
1005.482000,180,Ar
1005.613423,380,Th
1005.694040,63,Th
1005.771792,72,Th
1005.858810,54,Th
1005.896522,180,Th
1006.169056,44,Th
1006.794190,70,Th
1008.166623,82,Th
1008.230380,160,Th
1008.398640,110,Th
1008.547750,73,Th
1008.564270,710,Th
1008.654911,2600,Th
1008.809516,30,Th
1008.916777,270,Th
1009.190009,8300,Th
1009.529410,35,Th
1009.577000,21,Ar
1010.022721,50,Th
1010.138848,72,Th
1010.534334,150,Th
1010.594320,45,Th
1010.653690,46,Th
1010.707759,54,Th
1010.784637,150,Th
1010.831467,46,Th
1010.976301,360,Th
1011.344030,19,Ar
1011.436410,229,Ar
1011.464551,130,Th
1011.755570,50,Th
1012.076302,270,Th
1012.095480,52,Th
1012.154220,57,Th
1012.342860,73,Th
1012.587322,34,Th
1012.932660,85,Th
1013.032320,58,Th
1013.414421,130,Th
1013.579462,31,Th
1013.634339,2100,Th
1013.956567,39,Th
1014.016471,190,Th
1014.119050,18,Ar
1014.321003,1300,Th
1014.417630,4200,Th
1014.704483,720,Th
1014.880190,0.5,Ar
1015.919040,33,Th
1016.310497,380,Th
1016.665170,13,Ar
1017.208660,59,Th
1017.208800,59,Th
1017.779636,1200,Th
1017.987277,37,Th
1018.130868,1500,Th
1018.338309,290,Th
1018.733028,180,Th
1019.120764,490,Th
1019.575500,34,Th
1019.650890,0.5,Ar
1019.650944,31,Th
1019.769406,90,Th
1019.995520,30,Th
1020.492288,49,Th
1020.601666,31,Th
1020.619100,11,Ar
1020.672110,9,Ar
1020.781238,56,Th
1021.107910,30,Th
1021.433151,210,Th
1021.659826,45,Th
1021.723663,100,Th
1021.747163,67,Th
1022.123276,1300,Th
1022.218220,88,Th
1022.380160,51,Ar
1022.646007,300,Th
1023.233851,56,Th
1023.366010,52,Ar
1023.883293,850,Th
1024.427540,68,Th
1024.458127,210,Th
1024.779060,74,Th
1025.022300,48,Th
1025.036486,1000,Th
1025.348823,700,Th
1025.382410,27,Ar
1025.702030,49,Th
1025.839046,150,Th
1026.017982,2600,Th
1026.097775,3500,Th
1027.108180,66,Ar
1027.125360,15,Ar
1027.136381,55,Th
1027.400238,150,Th
1027.487296,170,Th
1027.651380,107,Ar
1027.850879,380,Th
1027.961370,87,Th
1028.116307,78,Th
1028.167315,65,Th
1028.593384,910,Th
1028.830281,37,Th
1029.181099,120,Th
1029.586961,500,Th
1029.752982,390,Th
1030.191150,43,Ar
1030.269234,72,Th
1030.398956,430,Th
1030.421360,39,Th
1030.689941,160,Th
1030.763604,48,Th
1030.845900,25,Ar
1031.032420,48,Th
1031.136886,1900,Th
1031.263730,33,Th
1031.772042,160,Th
1031.883930,30,Th
1031.971793,1000,Th
1032.018500,73,Th
1032.819270,1,Ar
1032.946320,0.5,Ar
1033.555000,30,Ar
1033.775650,180,Th
1034.711628,100,Th
1034.873213,41,Th
1034.937186,250,Th
1035.188387,1200,Th
1035.316691,87,Th
1035.864210,32,Th
1035.920960,58,Th
1036.044617,360,Th
1036.100593,330,Th
1036.283993,95,Th
1036.579897,85,Th
1037.236718,610,Th
1037.297700,0.5,Ar
1037.885687,91,Th
1037.965392,35,Th
1038.033159,130,Th
1038.098504,110,Th
1038.166310,54,Th
1038.673630,1,Ar
1038.911337,38,Th
1039.034184,110,Th
1039.488164,40,Th
1039.546620,87,Ar
1040.424574,98,Th
1040.437370,38,Ar
1040.519530,48,Th
1040.590115,140,Th
1040.736049,75,Th
1041.003980,13,Ar
1041.134942,65,Th
1041.328238,180,Th
1041.340080,24,Ar
1041.535549,43,Th
1041.584438,600,Th
1041.993832,61,Th
1042.073252,63,Th
1042.243354,1200,Th
1042.436137,350,Th
1042.665280,91,Th
1042.697785,63,Th
1043.252811,540,Th
1043.696653,78,Th
1043.774636,110,Th
1043.795376,490,Th
1043.972407,200,Th
1044.236587,360,Th
1044.336880,69,Ar
1044.545260,20,Ar
1045.064480,49,Ar
1045.330531,740,Th
1046.258639,680,Th
1047.004740,617,Ar
1047.045300,43,Th
1047.283900,82,Th
1047.292170,1600,Ar
1048.056687,69,Th
1048.090500,13,Ar
1048.244878,34,Th
1048.404521,340,Th
1048.623812,170,Th
1049.029874,77,Th
1049.513223,2400,Th
1049.771515,2700,Th
1049.847852,100,Th
1049.882670,2,Ar
1050.136815,2200,Th
1050.307710,91,Ar
1050.546620,420,Th
1050.605705,52,Th
1050.937900,180,Ar
1051.159870,31,Th
1051.241680,75,Th
1051.508432,2000,Th
1052.106673,270,Th
1052.238890,162,Ar
1052.872176,550,Th
1053.001404,93,Th
1053.067022,2000,Th
1053.286957,3100,Th
1053.544500,70,Th
1053.626899,260,Th
1053.843020,2,Ar
1053.975033,140,Th
1054.120664,39,Th
1054.310162,100,Th
1054.384209,1100,Th
1054.445010,95,Ar
1054.567129,94,Th
1054.818149,130,Th
1054.818160,130,Th
1054.878300,43,Th
1055.202080,9,Ar
1055.677521,90,Th
1055.772780,500,Th
1055.881810,11,Ar
1055.934185,5100,Th
1056.199344,33,Th
1056.607954,90,Th
1056.819894,6000,Th
1057.007484,57,Th
1057.203374,320,Th
1057.925442,130,Th
1058.103192,39,Th
1058.135710,35,Th
1058.237959,46,Th
1058.378870,2,Ar
1058.458083,81,Th
1058.461031,79,Th
1058.792138,160,Th
1058.982334,77,Th
1058.999706,240,Th
1059.424975,120,Th
1059.539052,33,Th
1059.767937,75,Th
1059.816066,56,Th
1059.980829,110,Th
1060.349569,88,Th
1060.424195,130,Th
1060.836474,450,Th
1061.001048,83,Th
1061.070980,33,Th
1061.135040,37,Th
1061.286076,57,Th
1061.629117,480,Th
1061.689860,13,Ar
1061.791066,610,Th
1062.237610,89,Ar
1062.545353,170,Th
1062.779564,53,Th
1063.275189,94,Th
1064.029220,11,Ar
1064.103510,135,Ar
1064.280630,9,Ar
1064.323710,63,Th
1064.577680,48,Th
1064.943290,200,Th
1065.256938,59,Th
1065.475723,320,Th
1065.740950,70,Th
1066.150200,51,Th
1066.244229,39,Th
1066.377515,87,Th
1066.392760,20,Ar
1066.609383,33,Th
1066.715359,1100,Th
1066.748890,0.5,Ar
1066.956194,320,Th
1067.141396,91,Th
1067.649000,200,Ar
1068.128932,250,Th
1068.155255,51,Th
1068.469900,11,Ar
1068.596190,20,Ar
1069.310190,49,Th
1070.328607,130,Th
1070.657710,920,Th
1071.046165,46,Th
1072.298452,310,Th
1072.347820,1,Ar
1072.686152,1400,Th
1072.835662,1700,Th
1072.986427,26000,Th
1073.154980,34,Th
1073.518350,880,Th
1073.681000,30,Ar
1074.340279,33,Th
1074.454572,39,Th
1074.475638,200,Th
1074.730957,160,Th
1075.237250,160,Th
1075.243396,150,Th
1075.480790,66,Th
1075.541553,130,Th
1075.727572,1000,Th
1075.782053,47,Th
1076.199008,57,Th
1076.211000,30,Ar
1076.733020,129,Ar
1077.538518,210,Th
1077.728726,64,Th
1077.993207,800,Th
1078.158086,48,Th
1078.204845,180,Th
1078.809320,19,Ar
1078.886469,620,Th
1078.931928,320,Th
1079.150532,36,Th
1079.701892,86,Th
1080.300627,1300,Th
1080.311592,730,Th
1080.549154,57,Th
1080.680047,52,Th
1080.687580,590,Th
1080.748304,100,Th
1081.030397,260,Th
1081.524084,780,Th
1081.585870,437,Ar
1081.635567,1700,Th
1081.653245,460,Th
1081.945950,11,Ar
1082.084730,15,Ar
1082.249059,30,Th
1082.304307,340,Th
1082.946671,310,Th
1083.242480,28,Ar
1083.568140,30,Th
1083.714054,360,Th
1083.758010,58,Th
1083.822411,65,Th
1083.827610,44,Th
1084.068379,310,Th
1084.300770,0.0026,Ar
1084.643344,40,Th
1084.737427,470,Th
1085.643062,160,Th
1086.032884,120,Th
1086.477640,35,Th
1086.547830,530,Th
1086.757086,80,Th
1086.992532,86,Th
1087.032190,48,Ar
1087.086590,24,Ar
1087.269100,23,Ar
1087.294041,730,Th
1088.512864,280,Th
1088.555434,87,Th
1088.620879,35,Th
1088.687744,50,Th
1089.026166,280,Th
1089.326641,500,Th
1089.785691,65,Th
1090.090960,0.0015,Ar
1090.417465,600,Th
1091.431493,170,Th
1091.656772,260,Th
1091.969930,1,Ar
1092.643590,251,Ar
1092.671172,110,Th
1092.747848,220,Th
1093.019130,49,Th
1093.472550,20,Ar
1093.716784,32,Th
1094.190496,74,Th
1094.462091,590,Th
1094.524246,2600,Th
1094.540197,110,Th
1094.543299,290,Th
1095.114939,290,Th
1095.443220,32,Th
1095.443450,32,Th
1095.728690,28,Ar
1095.864060,75,Th
1095.900026,250,Th
1096.588615,1600,Th
1096.698126,61,Th
1096.782640,48,Th
1096.825336,34,Th
1097.680680,37,Ar
1097.730880,1,Ar
1097.739071,33,Th
1097.951776,39,Th
1098.539120,43,Ar
1098.591675,370,Th
1098.598991,210,Th
1098.621060,84,Th
1098.664041,710,Th
1099.322137,220,Th
1100.224420,280,Th
1100.391005,62,Th
1100.480614,310,Th
1101.980292,650,Th
1101.986490,42,Th
1102.478606,410,Th
1102.661454,93,Th
1102.906090,31,Ar
1102.954470,15,Ar
1102.999528,89,Th
1103.110434,82,Th
1103.436420,24,Ar
1103.462383,120,Th
1103.811074,280,Th
1103.933976,610,Th
1104.131411,110,Th
1104.600914,180,Th
1104.617042,310,Th
1104.924451,660,Th
1105.399994,42,Th
1105.492129,4700,Th
1105.716542,47,Th
1105.801358,570,Th
1106.003626,480,Th
1106.586720,42,Th
1107.097570,74,Ar
1107.148680,33,Ar
1107.207923,200,Th
1107.450727,74,Th
1107.492250,49,Th
1107.676364,230,Th
1107.783775,1300,Th
1108.190200,11,Ar
1108.664400,10,Ar
1109.067682,35,Th
1109.072240,21,Ar
1109.376689,270,Th
1109.519313,120,Th
1109.752973,85,Th
1110.182393,200,Th
1110.484334,1000,Th
1110.950000,30,Ar
1111.719712,310,Th
1111.741565,290,Th
1112.706435,300,Th
1112.778670,210,Th
1112.858624,510,Th
1113.133482,880,Th
1113.751844,67,Th
1114.186754,470,Th
1114.201984,42,Th
1114.292713,230,Th
1114.633710,55,Th
1114.876940,18,Ar
1115.024641,300,Th
1115.132003,30,Th
1115.485485,35,Th
1116.061112,120,Th
1116.515346,310,Th
1117.443589,77,Th
1117.633910,66,Ar
1118.216021,260,Th
1118.376522,61,Th
1118.464520,28,Ar
1118.589993,230,Th
1118.768556,300,Th
1118.898794,1100,Th
1119.275044,150,Th
1119.377600,480,Th
1119.836411,33,Th
1120.514620,87,Th
1120.689949,55,Th
1120.789680,170,Th
1120.864608,650,Th
1121.278030,23,Ar
1121.294105,340,Th
1121.437430,11,Ar
1121.455363,300,Th
1121.564681,320,Th
1121.630230,99,Th
1121.790780,10,Ar
1121.872212,130,Th
1122.037560,10,Ar
1122.424798,140,Th
1122.731159,1000,Th
1122.860292,260,Th
1123.285732,55,Th
1123.332929,17000,Th
1123.539610,93,Th
1123.675010,200,Th
1123.993492,67,Th
1124.205666,190,Th
1124.739440,230,Th
1124.744680,51,Th
1124.849142,180,Th
1124.976584,100,Th
1125.209167,300,Th
1125.600560,110,Th
1125.658710,234,Ar
1125.817111,250,Th
1126.120624,420,Th
1126.206531,490,Th
1126.322242,87,Th
1126.601710,190,Th
1127.665327,440,Th
1127.942464,190,Th
1127.990115,580,Th
1128.069351,300,Th
1128.844030,110,Th
1129.273332,180,Th
1130.063177,63,Th
1130.069685,170,Th
1130.422466,97,Th
1130.663808,330,Th
1130.688175,1100,Th
1131.040661,250,Th
1131.450500,36,Ar
1131.451480,71,Th
1132.434581,120,Th
1132.476274,180,Th
1132.550037,150,Th
1132.697635,300,Th
1132.846730,23,Ar
1132.949873,73,Th
1133.007200,210,Th
1133.352626,1600,Th
1133.447810,63,Th
1133.514546,530,Th
1133.881405,35,Th
1133.966790,33,Ar
1134.596160,260,Th
1134.627989,67,Th
1134.682146,1200,Th
1134.959556,83,Th
1135.247150,28,Ar
1135.318253,150,Th
1135.502786,2900,Th
1135.523032,140,Th
1135.782243,10000,Th
1135.971112,65,Th
1136.002240,23,Th
1136.055742,35,Th
1136.160755,320,Th
1136.167344,150,Th
1136.329190,33,Th
1136.418060,41,Ar
1136.942690,110,Th
1137.219867,180,Th
1137.440821,97,Th
1137.783506,470,Th
1138.703697,330,Th
1138.758658,250,Th
1138.935167,1000,Th
1139.096270,49,Th
1140.512864,300,Th
1140.591804,19,Th
1140.624122,41,Th
1141.129520,25,Th
1141.444113,71,Th
1141.520266,120,Th
1141.866726,25,Th
1141.982610,41,Th
1142.042965,240,Th
1142.281933,93,Th
1142.316526,63,Th
1142.673410,41,Th
1142.881030,43,Th
1142.956025,43,Th
1143.102740,53,Th
1143.283595,1900,Th
1143.572148,530,Th
1143.597920,250,Th
1144.008020,41,Th
1144.422115,27,Th
1144.496400,12,Ar
1144.588009,71,Th
1144.754923,89,Th
1145.117570,19,Th
1145.746000,23,Th
1145.867889,63,Th
1145.879245,45,Th
1145.990010,37,Th
1146.159188,55,Th
1146.709940,13,Ar
1146.791855,180,Th
1146.817647,920,Th
1147.173550,240,Th
1147.342850,69,Ar
1147.421336,290,Th
1147.595822,140,Th
1147.889330,240,Th
1147.921568,99,Th
1148.005096,33,Th
1148.181970,110,Th
1148.191946,93,Th
1148.509250,21,Th
1149.125270,400,Ar
1149.302933,580,Th
1149.720846,130,Th
1150.462526,580,Th
1150.533046,300,Th
1150.663080,19,Ar
1150.922130,91,Th
1151.317312,350,Th
1151.342722,33,Th
1151.442765,65,Th
1151.470963,5800,Th
1151.521069,220,Th
1151.595305,49,Th
1151.662000,35,Th
1151.811263,490,Th
1151.852330,15,Th
1151.944599,67,Th
1151.960630,610,Th
1151.994950,15,Th
1152.053705,83,Th
1152.498010,130,Th
1152.530310,35,Th
1152.857569,51,Th
1152.961239,570,Th
1153.005277,1700,Th
1153.409044,180,Th
1153.731564,23,Th
1153.922541,140,Th
1154.418200,37,Th
1154.565450,240,Th
1154.697582,110,Th
1154.706690,100,Th
1154.767790,29,Th
1155.477326,51,Th
1155.792300,45,Th
1156.037981,33,Th
1156.049738,230,Th
1156.137666,240,Th
1156.178000,23,Ar
1157.464638,1300,Th
1157.681547,71,Th
1157.868370,370,Th
1158.115599,59,Th
1158.142487,110,Th
1158.301010,200,Th
1158.447642,110,Th
1158.588237,79,Th
1158.663275,41,Th
1158.785059,41,Th
1158.803364,320,Th
1159.312542,470,Th
1159.432270,41,Th
1159.915821,2600,Th
1160.017199,67,Th
1160.369696,19,Th
1160.393387,17,Th
1160.576521,71,Th
1160.864516,260,Th
1160.941574,39,Th
1161.308720,140,Th
1161.416280,14,Ar
1161.649103,170,Th
1161.838456,120,Th
1162.063965,1500,Th
1162.137110,210,Th
1163.366042,23,Th
1163.513890,200,Th
1163.552370,85,Th
1163.778640,420,Th
1163.933525,220,Th
1163.968124,81,Th
1163.977115,110,Th
1164.157763,27,Th
1164.438062,81,Th
1165.148440,35,Ar
1165.158340,22,Ar
1165.168961,85,Th
1165.183630,55,Th
1165.400190,37,Th
1165.632121,29,Th
1165.840516,43,Th
1165.971940,21,Th
1166.044966,41,Th
1166.197332,110,Th
1166.436773,210,Th
1166.610691,200,Th
1167.083269,1100,Th
1167.190300,200,Ar
1167.497210,41,Th
1167.666754,21,Th
1167.888840,25,Th
1168.109330,21,Ar
1168.149981,37,Th
1168.384493,77,Th
1168.610607,75,Th
1169.353200,27,Th
1169.719979,65,Th
1169.747974,210,Th
1169.846064,93,Th
1169.885220,27,Th
1170.202887,220,Th
1170.530010,29,Th
1170.665646,4300,Th
1170.784410,55,Th
1170.784419,55,Th
1171.267198,13,Th
1171.542295,230,Th
1171.709556,79,Th
1171.879954,47,Th
1172.088140,25,Th
1172.208340,25,Th
1172.269500,12,Ar
1172.365410,47,Ar
1172.382885,210,Th
1172.541450,11,Th
1172.569170,29,Th
1172.649096,140,Th
1173.254348,65,Th
1173.254570,65,Th
1174.008880,19,Th
1174.060990,31,Th
1174.290790,75,Th
1174.790000,13,Ar
1174.938335,310,Th
1175.092799,29,Th
1175.394900,41,Th
1175.395100,41,Th
1175.930370,21,Ar
1176.048628,71,Th
1176.374890,17,Th
1176.387520,9,Ar
1176.475800,47,Th
1176.987355,100,Th
1177.278200,78,Ar
1177.591543,51,Th
1177.838925,750,Th
1177.963622,370,Th
1178.034230,41,Th
1178.074440,7,Th
1178.275060,91,Th
1178.434970,31,Th
1178.717260,9,Th
1179.360594,43,Th
1179.369615,19,Th
1179.587145,89,Th
1179.628991,65,Th
1179.758566,15,Th
1180.456272,15,Th
1180.533799,47,Th
1180.734160,290,Th
1180.784785,1300,Th
1181.054359,910,Th
1181.171540,19,Th
1181.428474,15,Th
1181.439510,15,Th
1181.515600,140,Th
1182.177976,83,Th
1182.474104,310,Th
1182.507306,81,Th
1182.587136,530,Th
1182.814120,75,Th
1183.081748,270,Th
1183.287519,1000,Th
1183.297130,430,Th
1183.517172,25,Th
1183.817546,81,Th
1183.940752,41,Th
1184.042065,150,Th
1184.074970,35,Th
1184.292657,77,Th
1184.376541,11,Th
1184.547490,37,Th
1184.945563,91,Th
1185.155261,59,Th
1185.244480,11,Th
1185.509900,23,Th
1185.634130,35,Th
1185.671640,15,Th
1185.825930,15,Th
1185.924710,15,Th
1186.162700,710,Th
1186.544082,120,Th
1186.583730,57,Th
1186.749375,2200,Th
1186.888699,310,Th
1187.129892,39,Th
1187.161510,310,Th
1187.387908,51,Th
1187.469020,29,Th
1187.710529,170,Th
1187.744600,1000,Th
1187.787127,180,Th
1187.810040,166,Ar
1188.185952,120,Th
1188.415214,13,Th
1188.573386,13,Th
1188.602458,120,Th
1188.778277,850,Th
1188.933395,140,Th
1189.060589,53,Th
1189.207661,63,Th
1189.819843,170,Th
1190.309101,340,Th
1190.686000,21,Th
1190.804912,61,Th
1191.311793,73,Th
1191.378490,31,Th
1191.409671,29,Th
1191.476662,440,Th
1191.984472,210,Th
1192.236840,15,Th
1192.846759,73,Th
1193.107141,43,Th
1193.740965,13,Th
1193.761480,37,Th
1194.390483,2800,Th
1194.411433,71,Th
1194.539472,1200,Th
1194.862811,2900,Th
1194.868390,38,Th
1194.988070,69,Th
1195.533658,750,Th
1195.567409,51,Th
1195.915999,35,Th
1196.002458,31,Th
1196.341390,130,Th
1196.341840,130,Th
1196.484381,53,Th
1197.741138,75,Th
1197.798440,49,Th
1197.929755,39,Th
1198.315180,83,Th
1198.340925,49,Th
1198.794787,1600,Th
1198.967130,25,Th
1200.288630,19,Th
1200.523780,25,Th
1200.778200,29,Th
1200.923641,37,Th
1201.059701,39,Th
1201.114597,640,Th
1201.876202,63,Th
1201.923308,300,Th
1202.133945,560,Th
1202.200496,3800,Th
1202.337982,61,Th
1203.033010,54,Ar
1204.093094,290,Th
1204.153709,29,Th
1204.623733,39,Th
1204.624420,20,Ar
1204.709380,57,Th
1204.969910,31,Th
1205.378330,39,Th
1205.456125,43,Th
1205.859490,21,Th
1205.868813,27,Th
1206.172802,21,Th
1206.233540,24,Ar
1206.319357,280,Th
1206.396820,31,Ar
1206.479750,31,Th
1206.483950,51,Th
1206.549950,15,Th
1206.740865,41,Th
1206.958080,49,Ar
1206.986051,21,Th
1207.090800,17,Th
1207.796588,110,Th
1207.883909,43,Th
1207.927363,29,Th
1208.122710,37,Th
1208.552300,110,Th
1208.573032,19,Th
1208.707801,280,Th
1208.956260,43,Th
1208.981930,140,Th
1209.067920,120,Th
1209.286980,200,Ar
1209.597190,46,Ar
1210.309010,130,Th
1210.609490,35,Th
1211.262269,67,Th
1211.274736,160,Th
1211.296804,13,Th
1211.563800,200,Ar
1211.637673,15,Th
1212.126318,37,Th
1212.295886,330,Th
1212.575450,141,Ar
1212.973706,1200,Th
1213.022970,31,Th
1213.061947,2900,Th
1213.222125,47,Th
1213.274277,1000,Th
1213.533450,190,Th
1213.987930,41,Th
1214.233968,17,Th
1214.305900,50,Ar
1214.406510,37,Th
1214.427104,290,Th
1214.702449,27,Th
1214.963810,150,Th
1214.970320,24,Th
1215.275720,160,Th
1216.524105,27,Th
1216.575157,330,Th
1216.791670,120,Ar
1217.017898,17,Th
1217.114841,170,Th
1217.419260,13,Th
1217.506310,170,Th
1217.514504,500,Th
1218.093418,170,Th
1218.177917,120,Th
1218.535323,180,Th
1218.769920,32,Ar
1219.192170,21,Th
1219.220141,35,Th
1219.749981,1000,Th
1220.043500,27,Th
1220.138840,14,Ar
1220.238063,25,Th
1220.403990,43,Th
1220.617720,31,Th
1221.023294,1500,Th
1221.080227,130,Th
1221.520774,110,Th
1221.975791,61,Th
1222.249796,300,Th
1222.712366,79,Th
1222.952561,710,Th
1222.994762,45,Th
1223.268444,45,Th
1223.529099,6100,Th
1223.654454,1400,Th
1223.829368,53,Th
1223.931296,17,Th
1223.989526,100,Th
1224.067690,37,Th
1224.067830,37,Th
1224.621618,29,Th
1224.832690,250,Th
1224.883502,190,Th
1225.253432,560,Th
1225.470240,13,Th
1225.872661,19,Th
1226.009285,130,Th
1226.526134,87,Th
1226.560349,51,Th
1226.679530,27,Th
1226.680080,27,Th
1227.475680,89,Th
1227.721375,95,Th
1227.978420,35,Th
1228.000900,29,Th
1228.112960,13,Th
1228.720810,33,Th
1228.877610,49,Th
1229.631770,35,Th
1229.835093,85,Th
1229.928270,27,Th
1230.710260,43,Th
1231.061880,42,Ar
1231.342736,190,Th
1231.609669,150,Th
1231.784510,21,Th
1231.973965,67,Th
1232.028254,89,Th
1232.050040,220,Th
1232.141902,280,Th
1232.186740,45,Th
1232.448653,180,Th
1232.576244,45,Th
1232.732612,21,Th
1233.178246,45,Th
1233.185750,73,Th
1233.257363,99,Th
1233.417170,47,Th
1234.137341,2200,Th
1234.198769,23,Th
1234.486660,53,Th
1234.676900,50,Ar
1234.771820,9,Th
1235.147140,29,Th
1235.168646,31,Th
1235.286066,100,Th
1235.536000,210,Th
1235.886241,31,Th
1235.946360,87,Th
1236.300687,140,Th
1236.481341,37,Th
1236.591280,23,Th
1236.764616,55,Th
1237.122560,29,Th
1237.538460,100,Th
1237.588173,370,Th
1237.625340,23,Th
1237.822630,15,Ar
1237.938252,27,Th
1238.050080,33,Th
1238.167097,67,Th
1238.184379,33,Th
1238.319290,23,Th
1238.325330,17,Th
1238.519954,240,Th
1239.611670,40,Ar
1240.021225,31,Th
1240.123941,230,Th
1240.155029,59,Th
1240.373730,170,Th
1240.421000,17,Th
1240.622100,200,Ar
1240.704640,100,Ar
1240.958308,75,Th
1241.047900,32,Ar
1241.225700,27,Th
1241.759260,55,Th
1241.855597,1500,Th
1242.133850,13,Th
1242.255592,72,Th
1242.470690,45,Th
1242.569293,410,Th
1243.268049,49,Th
1243.415776,37,Th
1243.702160,35,Th
1244.098210,7,Th
1244.272500,200,Ar
1244.319989,43,Th
1244.404454,130,Th
1244.541228,840,Th
1244.879173,200,Th
1244.974864,29,Th
1245.089651,850,Th
1245.666690,93,Th
1245.792005,170,Th
1245.886850,13,Th
1245.952200,100,Ar
1246.147560,71,Th
1246.438167,390,Th
1246.471010,15,Th
1246.753000,72,Th
1246.845856,190,Th
1247.005188,33,Th
1247.201730,47,Th
1247.263876,710,Th
1247.427490,7,Th
1247.474928,27,Th
1247.647900,17,Th
1247.777470,110,Th
1247.829930,15,Th
1247.971256,210,Th
1248.070894,1600,Th
1248.279950,39,Th
1249.107900,200,Ar
1249.208586,59,Th
1250.310820,110,Th
1250.618894,120,Th
1250.639780,15,Th
1251.139680,25,Th
1251.181488,120,Th
1251.242980,27,Ar
1251.351679,35,Th
1251.594480,37,Th
1252.161732,170,Th
1252.269497,65,Th
1252.568179,49,Th
1253.065950,100,Th
1254.439554,110,Th
1254.875820,13,Ar
1255.623006,350,Th
1255.646231,750,Th
1256.228541,59,Th
1256.459957,31,Th
1256.498781,110,Th
1256.590710,17,Th
1256.608079,73,Th
1256.726700,19,Th
1257.185560,87,Th
1257.512939,120,Th
1257.970410,21,Th
1258.353463,75,Th
1258.367888,65,Th
1258.628460,39,Th
1258.666455,55,Th
1259.133010,290,Th
1259.381604,5,Th
1259.411890,7,Th
1259.534380,61,Th
1260.442514,11,Th
1260.530902,15,Th
1260.531650,15,Th
1260.809047,110,Th
1261.383695,100,Th
1261.465783,270,Th
1262.064720,43,Th
1262.096510,31,Th
1262.382090,120,Ar
1263.272241,11,Th
1263.600099,150,Th
1263.739260,37,Th
1263.959929,960,Th
1264.115190,7,Th
1264.483668,150,Th
1264.580080,210,Th
1264.831300,7,Th
1264.915035,660,Th
1264.999382,8200,Th
1265.184355,39,Th
1265.270910,85,Th
1266.496660,27,Th
1267.222988,73,Th
1267.266190,11,Th
1267.382185,27,Th
1267.440560,93,Th
1267.741844,120,Th
1268.362870,229,Ar
1268.440472,31,Th
1268.614467,29,Th
1268.668260,210,Th
1268.696873,29,Th
1268.778272,9,Th
1268.827740,210,Th
1268.893407,49,Th
1268.955925,15,Th
1269.067430,11,Th
1269.351340,95,Th
1269.488815,260,Th
1270.539466,1,Th
1270.575500,150,Ar
1270.689380,33,Th
1270.689408,33,Th
1270.743994,21,Th
1271.280345,700,Th
1271.329447,340,Th
1271.371780,39,Th
1271.591600,25,Th
1271.606530,0.0386,Ar
1272.427710,69,Th
1272.617430,260,Th
1272.638831,100,Th
1273.243384,7,Th
1273.588560,85,Ar
1273.690200,30,Ar
1273.705841,140,Th
1273.930108,23,Th
1273.971120,11,Th
1274.175137,19,Th
1274.208820,0.0012,Ar
1274.616710,25,Th
1274.698923,89,Th
1274.971900,12,Ar
1275.412999,15,Th
1275.984440,47,Th
1276.362730,17,Th
1276.558596,1500,Th
1276.750000,7,Th
1277.667804,33,Th
1278.027374,31,Th
1278.507143,620,Th
1278.554840,79,Th
1278.554972,79,Th
1278.578351,31,Th
1278.627250,447,Ar
1278.896440,11,Th
1279.974670,9,Th
1280.345258,93,Th
1280.623900,200,Ar
1282.112070,31,Th
1282.125420,36,Th
1282.545100,19,Th
1283.031144,220,Th
1283.095622,15,Th
1283.188646,23,Th
1283.405153,170,Th
1283.457352,13,Th
1283.824013,110,Th
1284.004595,25,Th
1284.140495,98,Th
1284.525790,67,Th
1284.919294,39,Th
1285.033490,43,Th
1285.057210,48,Ar
1285.761180,41,Th
1286.516222,810,Th
1287.016026,3800,Th
1287.032734,76,Th
1287.219230,9,Th
1287.622738,150,Th
1287.704654,41,Th
1287.811347,25,Th
1288.522722,240,Th
1289.171187,75,Th
1290.238685,630,Th
1290.377239,120,Th
1290.472240,9,Th
1290.544880,59,Th
1291.261810,80,Th
1291.874490,33,Th
1292.051033,210,Th
1292.051180,210,Th
1292.282429,240,Th
1292.383040,13,Th
1292.455880,140,Th
1292.678358,11,Th
1292.841460,23,Th
1292.872900,19,Th
1292.942610,170,Th
1293.395390,29,Th
1293.420750,47,Th
1293.564258,73,Th
1293.564310,73,Th
1293.673400,50,Ar
1293.708840,340,Th
1293.728947,260,Th
1293.822970,15,Th
1293.876623,210,Th
1294.037462,41,Th
1294.054940,13,Th
1294.152330,25,Th
1294.248121,57,Th
1294.310667,69,Th
1294.420316,830,Th
1294.449960,36,Th
1295.179140,13,Th
1295.258173,29,Th
1295.562556,1200,Th
1296.020200,500,Ar
1296.336234,3000,Th
1296.473807,55,Th
1296.723808,94,Th
1296.773970,75,Th
1297.028847,21,Th
1297.427796,73,Th
1297.814070,25,Ar
1298.608490,57,Th
1299.048138,250,Th
1299.172823,53,Th
1299.313938,39,Th
1299.807893,150,Th
1300.514366,11,Th
1300.783520,240,Th
1300.971710,75,Th
1301.061974,7,Th
1301.138502,960,Th
1301.182200,200,Ar
1301.228897,7,Th
1301.239610,19,Th
1301.371067,200,Th
1301.399650,17,Th
1302.020820,330,Th
1302.665500,23,Th
1302.874860,9,Th
1302.974824,1300,Th
1303.261730,7,Th
1303.381041,23,Th
1303.468953,280,Th
1303.833772,95,Th
1304.283104,15,Th
1304.697322,290,Th
1304.774570,47,Th
1304.890486,31,Th
1304.946570,9,Th
1305.170540,29,Th
1305.259596,93,Th
1305.945865,550,Th
1305.967089,43,Th
1306.618940,19,Th
1306.729180,17,Th
1307.291556,37,Th
1307.297903,220,Th
1307.440561,1800,Th
1307.441490,23,Ar
1307.546060,170,Th
1308.317099,35,Th
1308.384120,10,Ar
1308.446470,45,Th
1309.577930,47,Th
1310.225360,21,Th
1310.470790,79,Th
1310.543674,49,Th
1310.640972,29,Th
1310.662414,23,Th
1311.148950,49,Th
1311.544269,19,Th
1311.588230,19,Th
1312.033890,53,Th
1312.305800,53,Th
1312.412770,17,Th
1312.769120,49,Th
1312.992353,23,Th
1313.059630,31,Th
1313.151325,980,Th
1313.209290,120,Th
1313.389880,100,Th
1313.780890,9,Th
1313.974593,9,Th
1314.592520,11,Th
1314.653370,100,Th
1314.814623,51,Th
1314.950719,940,Th
1314.982716,47,Th
1315.035150,29,Th
1315.230030,37,Th
1315.270112,220,Th
1315.454099,63,Th
1316.020659,45,Th
1316.708540,110,Th
1317.147260,9,Th
1317.193448,15,Th
1317.326258,19,Th
1317.515750,23,Th
1317.617440,9,Th
1317.970020,27,Th
1318.288010,13,Th
1318.738353,150,Th
1318.754692,94,Th
1318.788859,47,Th
1318.903880,9,Th
1319.007110,7,Th
1319.253370,43,Th
1320.313080,13,Th
1320.457577,55,Th
1320.649853,29,Th
1320.889562,1900,Th
1321.012550,7,Th
1321.760500,200,Ar
1321.881920,220,Th
1321.979939,25,Th
1322.075655,220,Th
1322.298671,220,Th
1322.598180,13,Th
1322.700650,110,Th
1323.172500,200,Ar
1323.424960,38,Ar
1323.451500,100,Ar
1323.846957,47,Th
1323.977997,190,Th
1324.336101,210,Th
1324.386400,20,Ar
1324.562650,13,Th
1324.928055,63,Th
1324.995765,23,Th
1325.135182,170,Th
1325.247911,51,Th
1325.402507,3,Th
1325.402720,2,Ar
1325.532830,36,Th
1325.535690,36,Th
1325.576050,3,Th
1325.748575,1300,Th
1325.928727,17,Th
1326.070333,270,Th
1326.251420,43,Ar
1326.495910,11,Th
1326.580150,59,Th
1326.680020,9,Th
1326.725670,97,Th
1327.150752,57,Th
1327.198760,13,Th
1327.329577,21,Th
1327.495620,5,Th
1327.626500,500,Ar
1327.897826,1100,Th
1328.204790,19,Th
1328.328563,19,Th
1328.507980,290,Th
1328.685280,31,Th
1329.015250,220,Th
1329.201750,45,Th
1329.445683,55,Th
1329.598571,21,Th
1329.966369,43,Th
1330.703905,31,Th
1330.848520,100,Th
1330.973210,75,Th
1331.368380,25,Th
1331.526970,61,Th
1331.685000,1000,Ar
1331.834070,43,Th
1331.916163,19,Th
1332.332420,33,Th
1332.659165,7,Th
1333.050710,15,Th
1333.831164,47,Th
1334.035162,220,Th
1334.605153,41,Th
1335.226640,19,Th
1335.365440,7,Th
1335.658444,15,Th
1335.709905,5,Th
1335.913829,15,Th
1336.399829,17,Th
1336.844140,8,Ar
1337.074020,53,Th
1337.076600,1000,Ar
1337.244746,1500,Th
1337.384870,81,Th
1337.422394,25,Th
1337.750920,150,Th
1337.756990,41,Th
1338.005290,7,Th
1338.587196,370,Th
1338.989290,170,Th
1339.021080,7,Th
1339.157002,31,Th
1339.253320,9,Th
1339.566590,13,Th
1339.879550,40,Th
1339.936170,130,Th
1339.987341,9,Th
1340.861288,470,Th
1342.176827,9,Th
1342.324061,620,Th
1342.493700,19,Th
1342.715607,61,Th
1342.722530,21,Th
1342.859630,219,Ar
1342.952190,13,Th
1343.036382,87,Th
1343.057828,280,Th
1343.081730,160,Th
1343.317290,11,Th
1343.330300,53,Th
1343.433070,9,Th
1343.700137,77,Th
1343.749270,19,Ar
1343.829390,11,Th
1344.008820,17,Th
1344.277409,33,Th
1344.425195,330,Th
1344.567020,31,Th
1344.759647,210,Th
1344.771710,21,Th
1345.082130,23,Th
1345.143091,290,Th
1345.170970,21,Th
1345.171100,21,Th
1345.288360,180,Th
1345.401080,468,Ar
1346.313450,47,Th
1346.383130,63,Th
1346.445430,63,Th
1346.531950,170,Th
1346.935297,21,Th
1347.640840,437,Ar
1348.180620,7,Th
1348.341250,66,Ar
1348.788280,200,Th
1348.799282,190,Th
1348.864061,35,Th
1349.101820,9,Th
1349.513586,45,Th
1349.730684,550,Th
1349.868910,21,Th
1350.193700,9,Th
1350.309800,30,Ar
1350.469442,240,Th
1350.788200,1000,Ar
1351.256710,19,Th
1351.795834,13,Th
1351.837041,45,Th
1352.140740,65,Th
1352.184321,1800,Th
1352.375590,51,Th
1352.852120,31,Th
1353.338260,23,Th
1353.590932,65,Th
1353.690030,15,Th
1354.212805,110,Th
1354.444449,160,Th
1354.811970,47,Th
1355.280331,71,Th
1355.674070,25,Th
1355.844490,15,Th
1356.609042,55,Th
1356.937110,5900,Th
1357.411856,190,Th
1357.597553,23,Th
1357.733000,11,Ar
1357.761050,9,Th
1358.289890,7,Th
1358.311809,430,Th
1358.322077,130,Th
1358.391070,29,Th
1358.573800,35,Th
1358.780120,31,Th
1359.145531,25,Th
1359.249336,380,Th
1359.320310,5,Th
1359.653800,25,Th
1359.693690,19,Th
1359.907510,11,Th
1360.152860,65,Th
1360.188226,93,Th
1360.202010,49,Th
1360.231601,130,Th
1360.258374,5,Th
1360.305100,30,Ar
1360.341373,110,Th
1360.665600,15,Th
1360.732420,31,Th
1360.843490,17,Th
1360.881100,15,Th
1361.332248,57,Th
1361.574220,21,Th
1361.681300,190,Th
1362.638400,400,Ar
1362.984370,510,Th
1363.003340,40,Th
1363.265591,51,Th
1363.397020,53,Th
1363.727830,417,Ar
1363.980072,370,Th
1365.133898,790,Th
1365.542280,11,Th
1365.834660,17,Th
1365.882695,11,Th
1365.908300,5,Th
1366.619134,59,Th
1366.632288,49,Th
1366.834100,120,Th
1366.848889,100,Th
1366.971830,31,Th
1366.972050,31,Th
1367.213302,9,Th
1367.404640,5,Th
1367.621763,35,Th
1367.630940,29,Th
1368.079799,63,Th
1368.228900,200,Ar
1368.424322,35,Th
1368.452531,21,Th
1368.626170,130,Th
1368.729070,3,Th
1368.800140,9,Th
1370.097990,9,Th
1370.295260,180,Th
1371.036130,11,Ar
1371.329890,47,Th
1372.232800,1000,Ar
1372.345660,81,Th
1372.393200,12,Ar
1372.394780,12,Ar
1372.720531,19,Th
1372.794320,263,Ar
1373.109040,25,Th
1373.225260,15,Th
1373.311270,89,Th
1373.502015,140,Th
1373.797215,65,Th
1373.919209,77,Th
1374.127143,3,Th
1374.233094,93,Th
1374.261056,13,Th
1374.370728,730,Th
1374.962980,100,Th
1375.006380,13,Th
1375.191534,61,Th
1375.227500,17,Th
1375.228670,17,Th
1375.603537,9,Th
1375.668968,140,Th
1375.822170,7,Th
1376.032410,81,Th
1376.395955,100,Th
1377.551260,5,Th
1377.787996,43,Th
1378.101040,39,Th
1378.268950,820,Th
1378.335288,69,Th
1378.524483,5,Th
1379.014595,21,Th
1379.141510,15,Th
1379.217330,33,Th
1379.618727,590,Th
1379.914710,21,Th
1380.272590,22,Ar
1380.290340,15,Th
1380.597219,23,Th
1380.680020,29,Th
1381.356585,51,Th
1381.525540,330,Th
1381.703750,7,Th
1381.795148,21,Th
1381.936788,25,Th
1382.091250,1,Th
1382.228620,19,Th
1382.616980,71,Th
1382.734428,15,Th
1382.757380,15,Th
1382.772580,77,Th
1382.834770,7,Th
1382.904540,5,Th
1382.949700,10,Ar
1383.175020,33,Th
1383.184230,31,Th
1383.222450,210,Th
1383.386870,5,Th
1383.453520,15,Th
1384.069140,9,Th
1384.674860,15,Th
1384.718500,11,Th
1384.834090,11,Th
1385.882540,112,Ar
1386.289529,33,Th
1386.584047,200,Th
1387.126290,27,Th
1387.625470,7,Th
1387.887287,300,Th
1388.661993,47,Th
1389.031299,430,Th
1389.291496,5,Th
1389.495238,13,Th
1389.924120,280,Th
1390.183012,25,Th
1390.829061,2000,Th
1391.128000,10,Ar
1391.583336,7,Th
1391.769339,11,Th
1391.898790,5,Th
1392.014650,3,Th
1392.898624,1,Th
1393.083520,11,Th
1393.225910,29,Th
1393.403953,110,Th
1394.053975,1200,Th
1394.297120,316,Ar
1394.368740,89,Th
1395.242240,55,Ar
1395.479550,57,Th
1396.165210,25,Th
1396.450450,7,Th
1396.464500,11,Th
1396.859833,73,Th
1397.043560,13,Th
1397.419164,49,Th
1397.583910,17,Th
1397.616400,69,Ar
1397.820248,25,Th
1397.974697,250,Th
1397.990832,110,Th
1398.215930,5,Th
1398.216120,5,Th
1399.696240,45,Th
1399.883461,7,Th
1399.901562,7,Th
1400.043730,5,Th
1400.372760,12,Ar
1401.100160,13,Th
1401.150380,35,Th
1401.198840,19,Th
1401.294160,13,Th
1402.906160,55,Th
1403.043857,520,Th
1403.111360,7,Th
1403.204530,110,Th
1403.239189,240,Th
1403.443600,25,Th
1403.624970,39,Th
1404.197280,13,Th
1404.275480,5,Th
1404.776920,27,Th
1405.590180,21,Th
1405.739540,39,Th
1405.798980,73,Th
1405.849445,43,Th
1405.851210,22,Ar
1406.506307,33,Th
1406.533075,13,Th
1406.598580,9,Th
1406.745437,140,Th
1407.302526,110,Th
1407.397360,65,Ar
1407.403867,260,Th
1407.459550,700,Th
1407.934180,15,Th
1408.162050,91,Ar
1408.211720,3,Th
1408.366191,750,Th
1408.768710,9,Th
1408.891110,204,Ar
1409.409865,2100,Th
1409.749300,200,Ar
1409.909310,37,Th
1410.276990,5,Th
1410.293130,11,Th
1410.472810,55,Th
1410.525408,140,Th
1411.131970,27,Th
1411.254280,15,Th
1411.326290,7,Th
1411.576100,5,Th
1411.748240,13,Th
1412.549964,5,Th
1414.321710,13,Th
1414.488590,3,Th
1414.543300,3,Th
1414.987518,9,Th
1415.250400,110,Th
1415.861643,9,Th
1416.343700,21,Th
1416.405820,41,Th
1417.254440,4300,Th
1417.449528,15,Th
1417.567253,11,Th
1418.264460,11,Th
1418.891250,7,Th
1419.135630,89,Th
1419.255970,7,Th
1419.315972,13,Th
1419.491620,81,Th
1419.619886,270,Th
1420.160380,9,Th
1420.227460,9,Th
1420.664810,5,Th
1421.169188,3,Th
1421.380130,21,Th
1421.826000,9,Th
1422.044530,3,Th
1422.101337,43,Th
1422.397340,23,Th
1422.820380,7,Th
1422.864120,25,Ar
1423.434900,7,Th
1423.451414,23,Th
1423.521476,600,Th
1423.693695,3,Th
1423.717120,123,Ar
1423.878269,57,Th
1423.961181,110,Th
1424.183836,37,Th
1424.254872,55,Th
1424.376526,27,Th
1424.810133,61,Th
1424.888340,11,Th
1425.123209,9,Th
1425.177690,19,Th
1425.378940,15,Th
1425.433990,54,Ar
1425.524210,3,Th
1425.568700,3,Th
1425.664640,3,Th
1425.766990,9,Th
1425.795366,200,Th
1425.860713,530,Th
1426.313684,520,Th
1426.471968,5,Th
1426.603940,13,Th
1427.011310,27,Th
1427.191110,47,Th
1427.485310,13,Th
1427.576480,31,Th
1427.913530,580,Th
1428.120730,3,Th
1428.560470,11,Th
1428.739270,23,Th
1429.092841,13,Th
1429.323360,29,Th
1429.824921,15,Th
1430.056606,77,Th
1430.139500,15,Th
1430.813290,3,Th
1431.046889,47,Th
1431.172290,13,Th
1431.791269,200,Th
1432.716102,23,Th
1432.861717,19,Th
1432.993937,33,Th
1434.299420,41,Th
1434.395210,31,Th
1434.718700,720,Th
1435.983045,5,Th
1436.176138,210,Th
1436.286470,69,Th
1436.314480,55,Th
1436.431800,9,Th
1436.760561,53,Th
1436.863661,71,Th
1437.175580,15,Th
1437.195480,25,Th
1437.313120,5,Th
1437.430925,13,Th
1437.725098,27,Th
1437.834426,61,Th
1437.923630,5,Th
1438.609770,15,Th
1439.155060,17,Th
1439.182060,11,Th
1439.750460,17,Th
1439.868630,9,Th
1440.229700,13,Th
1440.238322,61,Th
1440.705480,9,Th
1440.741520,17,Th
1441.172050,23,Th
1441.648199,200,Th
1441.844180,9,Th
1442.733437,53,Th
1442.847764,3600,Th
1443.750360,27,Th
1444.275198,150,Th
1444.505060,11,Th
1444.842100,5,Th
1445.329406,69,Th
1445.373990,25,Th
1445.571018,310,Th
1445.609629,91,Th
1445.636801,41,Th
1446.544610,9,Th
1446.636030,11,Th
1446.688400,9,Th
1447.105991,9,Th
1447.313759,53,Th
1447.526750,3,Th
1447.634540,21,Th
1447.979058,170,Th
1448.033800,7,Th
1448.662170,13,Th
1449.111240,9,Th
1449.112200,9,Th
1449.519790,33,Th
1449.737460,87,Th
1450.428000,53,Th
1450.507550,21,Th
1450.688156,41,Th
1450.720100,830,Th
1451.291790,49,Th
1451.480668,200,Th
1452.389907,73,Th
1453.033560,5,Th
1453.738681,240,Th
1454.529602,15,Th
1454.992568,41,Th
1455.212025,61,Th
1455.581880,9,Th
1455.678940,1,Th
1455.795310,27,Th
1456.099670,180,Th
1456.485690,9,Th
1456.562400,49,Th
1456.758790,15,Th
1456.782410,19,Th
1456.852810,5,Th
1456.900330,5,Th
1457.281086,3,Th
1457.432895,110,Th
1457.761217,59,Th
1458.371620,730,Th
1458.664620,31,Th
1459.589389,23,Th
1460.348628,31,Th
1460.717019,11,Th
1460.754904,110,Th
1460.814106,75,Th
1461.311650,25,Th
1461.990800,11,Th
1462.296751,900,Th
1462.819910,9,Th
1462.887850,29,Th
1462.928090,17,Ar
1463.187710,390,Th
1463.206910,7,Th
1463.269491,95,Th
1463.570850,7,Th
1463.708980,77,Th
1463.945990,3,Th
1464.221720,27,Th
1464.280704,7,Th
1464.839380,19,Th
1465.238140,9,Th
1465.547055,81,Th
1465.726910,9,Th
1465.892145,2700,Th
1466.530650,49,Ar
1466.533060,200,Th
1466.780604,7,Th
1466.970040,15,Th
1467.640670,15,Th
1468.125729,640,Th
1468.467434,11,Th
1469.158522,13,Th
1469.191550,7,Th
1469.291609,11,Th
1469.394100,5,Th
1469.959021,120,Th
1470.109300,3,Th
1470.109940,3,Th
1470.375130,47,Th
1470.677910,25,Th
1470.810450,7,Th
1471.428460,9,Th
1471.543220,19,Th
1471.866090,31,Th
1472.037835,89,Th
1472.281424,650,Th
1472.346650,57,Th
1472.655300,3,Th
1473.169710,1,Th
1473.855660,3,Th
1474.049301,15,Th
1474.186790,3,Th
1474.402000,15,Th
1474.442370,13,Th
1474.535580,530,Th
1474.587125,19,Th
1475.162110,9,Th
1475.553647,9,Th
1475.916550,3,Th
1476.065530,130,Th
1476.139740,17,Th
1476.557410,3,Th
1476.651500,9,Th
1476.877808,71,Th
1476.926820,1,Th
1477.102520,5,Th
1477.337760,21,Th
1477.394706,23,Th
1477.605530,110,Th
1477.644740,7,Th
1477.953730,27,Th
1477.954255,27,Th
1478.126026,31,Th
1478.126200,16,Ar
1478.135440,110,Th
1478.194620,27,Th
1478.490950,19,Th
1478.514050,27,Th
1478.879508,17,Th
1479.338080,29,Th
1479.338640,29,Th
1479.943730,7,Th
1480.048980,7,Th
1480.166420,5,Th
1480.191440,100,Th
1480.591350,7,Th
1480.850980,11,Th
1480.914348,21,Th
1480.946454,140,Th
1481.049735,790,Th
1481.050964,790,Th
1481.307510,45,Th
1481.655860,3,Th
1481.810496,5,Th
1482.271650,1,Th
1483.274080,5,Th
1483.405031,29,Th
1483.426689,91,Th
1484.491920,1,Th
1484.537490,13,Th
1484.645440,13,Th
1485.177640,9,Th
1485.409270,11,Th
1485.879270,10,Ar
1486.699950,3,Th
1486.988340,7,Th
1487.081910,9,Th
1487.762810,23,Th
1487.932330,23,Th
1488.501796,15,Th
1489.314630,13,Th
1489.765410,3,Th
1489.972380,3,Th
1490.398600,100,Th
1490.464240,5,Th
1490.867220,1,Th
1491.320890,5,Th
1491.451150,100,Th
1491.505890,33,Th
1491.506770,33,Th
1491.511680,110,Th
1492.457860,120,Th
1492.583350,5,Th
1492.955750,15,Th
1493.256960,180,Th
1493.311805,190,Th
1494.095130,7,Th
1494.327620,13,Th
1494.458410,260,Th
1494.735054,1,Th
1494.806718,1400,Th
1495.109310,21,Th
1495.138750,71,Th
1495.422680,1,Th
1495.587293,19,Th
1495.671824,7,Th
1495.856200,31,Th
1495.972300,13,Th
1496.024030,3,Th
1496.057290,59,Th
1496.461274,11,Th
1496.553000,7,Th
1496.683140,1,Th
1497.257780,41,Th
1497.312110,5,Th
1497.386640,33,Th
1497.485390,43,Th
1497.504510,25,Th
1498.093420,13,Th
1498.131390,25,Th
1498.141667,170,Th
1498.178360,11,Th
1498.412020,5,Th
1498.681390,33,Th
1498.898426,280,Th
1499.269668,170,Th
1499.472641,15,Th
1499.865270,43,Th
1499.875544,110,Th
1500.296670,180,Th
1500.546220,9,Th
1500.547550,5,Ar
1500.898420,9,Th
1501.151609,5,Th
1501.400160,71,Th
1501.412445,110,Th
1501.769140,9,Th
1501.933890,43,Th
1502.129650,5,Th
1502.199180,13,Th
1502.590232,69,Th
1502.991710,7,Th
1503.541890,17,Th
1503.743414,9,Th
1503.818530,51,Th
1503.895590,3,Th
1503.940909,9,Th
1504.124661,13,Th
1504.702180,5,Th
1504.951775,120,Th
1505.061500,100,Ar
1505.377740,73,Th
1505.543950,5,Th
1505.605790,71,Th
1505.841580,5,Th
1506.311100,13,Th
1506.426310,39,Th
1506.818380,5,Th
1506.983428,35,Th
1507.021100,5,Th
1507.534260,7,Th
1507.783490,5,Th
1507.835550,5,Th
1508.186310,7,Th
1508.820540,19,Th
1509.493328,61,Th
1509.949070,35,Th
1510.013680,73,Th
1510.345391,230,Th
1510.495203,81,Th
1511.660973,67,Th
1511.852260,5,Th
1511.958800,5,Th
1512.493840,3,Th
1512.604872,9,Th
1512.721490,35,Th
1513.286020,19,Th
1513.419480,3,Th
1513.935020,7,Th
1514.173875,9,Th
1514.359740,9,Th
1514.502057,7,Th
1514.591070,29,Ar
1514.748317,69,Th
1514.807390,3,Th
1515.827510,5,Th
1516.090262,33,Th
1516.147548,7,Th
1516.236759,17,Th
1516.430540,1,Th
1516.813390,30,Ar
1517.131810,15,Th
1517.299830,9,Th
1517.555220,15,Th
1517.683700,25,Ar
1518.116020,3,Th
1518.447160,7,Th
1518.990280,3,Th
1519.036530,3,Th
1519.300610,220,Th
1519.450559,33,Th
1519.492396,110,Th
1519.723900,5,Th
1519.944590,7,Th
1520.110080,5,Th
1520.365130,5,Th
1520.777710,7,Th
1521.672260,9,Th
1521.838040,17,Th
1521.918740,11,Th
1522.271270,13,Th
1522.283270,45,Th
1522.425310,5,Th
1523.030040,17,Th
1523.419390,81,Th
1523.471520,62,Ar
1524.345025,180,Th
1524.441600,970,Th
1524.594340,21,Th
1524.869990,1,Th
1525.027440,17,Th
1525.657260,1,Th
1525.849780,26,Ar
1526.070820,3,Th
1526.171240,7,Th
1526.432158,19,Th
1526.851920,39,Th
1526.942990,5,Th
1527.061880,120,Th
1527.605040,3,Th
1527.749941,67,Th
1527.833940,5,Th
1527.890000,19,Ar
1528.095880,33,Ar
1528.211860,9,Th
1528.242860,21,Th
1528.514390,33,Th
1528.621199,25,Th
1528.847920,9,Th
1529.310250,110,Th
1529.538974,55,Th
1529.562480,130,Th
1529.600440,7,Th
1529.667602,59,Th
1529.720140,17,Th
1529.928660,9,Th
1529.982430,5,Th
1530.047770,11,Th
1530.182480,7,Th
1530.414030,31,Th
1530.541110,1,Th
1531.147227,1100,Th
1531.399910,17,Th
1531.985670,43,Th
1532.011900,300,Th
1532.200440,71,Th
1532.200590,71,Th
1532.312660,3,Th
1532.431190,5,Th
1533.353300,10,Ar
1533.971640,1,Th
1534.094747,7,Th
1534.654262,31,Th
1535.001876,5,Th
1535.038450,1,Th
1535.988260,500,Th
1536.428510,3,Th
1536.517180,3,Th
1536.908011,35,Th
1537.648050,17,Th
1537.734790,15,Th
1538.716110,5,Th
1539.427750,9,Th
1539.643440,7,Th
1539.784436,3,Th
1539.991897,59,Th
1540.479280,9,Th
1540.849030,1,Th
1542.749890,3,Th
1542.989140,55,Th
1543.084100,5,Ar
1543.399629,3100,Th
1543.782167,5,Th
1544.376131,41,Th
1544.432781,340,Th
1545.170110,31,Th
1545.715290,3,Th
1545.898180,9,Th
1546.010109,17,Th
1546.112930,15,Th
1546.564800,5,Th
1547.058150,1,Th
1547.171000,9,Th
1547.708830,100,Th
1547.754176,29,Th
1547.769927,33,Th
1547.929150,13,Th
1548.361310,29,Th
1548.916550,3,Th
1548.962239,7,Th
1549.275680,3,Th
1549.605104,3,Th
1550.323970,21,Th
1550.699810,11,Th
1550.725250,7,Th
1550.854220,3,Th
1550.951000,0.0005,Ar
1550.968210,7,Th
1551.067360,7,Th
1551.169930,43,Th
1551.309130,21,Th
1551.703630,9,Th
1551.740756,17,Th
1552.067258,620,Th
1552.190910,1,Th
1552.485400,13,Th
1552.531465,3,Th
1552.738735,37,Th
1552.811570,1,Th
1553.833550,1,Th
1553.909530,3,Th
1553.992112,5,Th
1554.215380,11,Th
1554.690893,59,Th
1554.945250,9,Th
1554.996880,1,Th
1555.038510,3,Th
1555.134970,3,Th
1555.180845,11,Th
1555.592373,150,Th
1555.748853,47,Th
1556.307770,41,Th
1556.381000,110,Th
1556.635780,5,Th
1556.982530,21,Th
1557.239797,13,Th
1557.375187,120,Th
1557.636870,270,Th
1557.661507,59,Th
1557.870310,19,Th
1558.011707,41,Th
1558.083105,1000,Th
1558.788727,37,Th
1558.947952,75,Th
1559.160210,7,Th
1559.636570,5,Th
1559.792070,13,Th
1560.163480,13,Th
1560.177730,7,Th
1560.293555,240,Th
1560.308384,130,Th
1560.516060,5,Th
1560.655300,9,Th
1561.240930,27,Th
1561.319421,53,Th
1561.698740,7,Th
1561.767390,3,Th
1561.811410,13,Th
1561.978150,15,Th
1562.071506,11,Th
1562.441930,35,Th
1562.614449,13,Th
1562.887220,33,Th
1563.253999,75,Th
1563.577270,19,Th
1563.874565,81,Th
1564.144160,110,Th
1564.472110,350,Th
1564.560430,91,Th
1564.586420,9,Th
1564.605970,7,Th
1565.080752,3,Th
1565.154230,13,Th
1565.208400,27,Ar
1565.618565,1,Th
1566.155694,1,Th
1566.640370,15,Th
1567.572530,15,Th
1567.739360,3,Th
1568.043812,120,Th
1568.593840,7,Th
1568.594610,7,Th
1568.652160,15,Th
1568.772430,3,Th
1568.863600,1,Th
1569.451240,21,Th
1570.087260,1,Th
1570.122020,15,Th
1570.130094,11,Th
1570.181390,5,Th
1570.230630,9,Th
1570.559029,87,Th
1570.684525,13,Th
1570.730330,7,Th
1571.076610,49,Th
1571.744053,190,Th
1572.031750,17,Th
1572.335590,3,Th
1572.409019,23,Th
1572.527250,21,Th
1572.782410,3,Th
1573.070620,5,Th
1573.210245,11,Th
1573.264705,13,Th
1573.698760,9,Th
1573.828060,5,Th
1574.284820,5,Th
1574.818027,87,Th
1574.959680,3,Th
1575.227520,13,Th
1575.920491,29,Th
1576.023060,5,Th
1576.189040,1,Th
1576.438410,3,Th
1577.187190,83,Th
1577.221210,5,Th
1577.777541,1,Th
1578.045420,3,Th
1578.404641,1,Th
1578.616371,29,Th
1578.829060,5,Th
1579.302580,11,Th
1579.575380,25,Th
1579.656283,15,Th
1579.766335,11,Th
1579.891880,13,Th
1580.861401,37,Th
1581.153640,3,Th
1581.175420,11,Th
1581.448170,33,Th
1581.981480,510,Th
1582.781760,5,Th
1582.949624,43,Th
1583.607104,2000,Th
1583.719172,9,Th
1583.782060,13,Th
1583.876040,9,Th
1583.965460,11,Th
1584.427010,3,Th
1584.625990,5,Th
1584.816920,7,Th
1585.205445,63,Th
1585.259450,1,Th
1585.610390,5,Th
1585.757430,15,Th
1585.932243,210,Th
1585.998150,1,Th
1586.609060,17,Th
1587.331900,39,Th
1587.331910,39,Th
1587.597230,9,Th
1588.171120,17,Th
1588.324900,3,Th
1588.514920,29,Th
1588.515360,29,Th
1589.135400,23,Th
1589.590325,140,Th
1589.619406,100,Th
1589.742160,21,Th
1589.947360,13,Th
1589.995870,3,Th
1590.296750,25,Th
1590.388322,150,Th
1591.739620,7,Th
1591.823960,7,Th
1591.979787,23,Th
1592.306220,1,Th
1592.338534,3,Th
1592.388990,5,Th
1592.436790,13,Th
1592.647399,140,Th
1592.916430,13,Th
1592.935966,27,Th
1593.109940,5,Th
1593.155570,5,Th
1593.413430,1,Th
1593.456370,1,Th
1593.676800,530,Th
1594.041951,73,Th
1594.071580,13,Ar
1594.338600,13,Th
1594.460360,9,Th
1594.578070,15,Th
1594.847300,19,Th
1595.572750,15,Th
1595.787020,1,Th
1595.880537,160,Th
1596.437525,81,Th
1597.118630,5,Th
1597.694250,11,Th
1597.785470,15,Th
1598.275512,49,Th
1598.632670,7,Th
1599.167050,7,Th
1599.385900,30,Ar
1599.926550,5,Th
1600.220420,47,Th
1601.012567,360,Th
1601.103720,31,Th
1601.156750,3,Th
1601.268710,69,Th
1601.878776,53,Th
1602.124290,3,Th
1602.707280,3,Th
1603.021090,7,Th
1603.753444,29,Th
1604.288490,120,Th
1604.392700,3,Th
1604.549680,7,Th
1604.648270,15,Th
1605.012590,7,Th
1605.110270,5,Th
1605.150600,7,Th
1605.277820,3,Th
1605.291830,45,Th
1606.059170,9,Th
1606.141760,1,Th
1606.437010,7,Th
1606.437470,7,Th
1606.768994,7,Th
1607.323840,25,Th
1607.530300,5,Th
1607.636802,35,Th
1607.697620,73,Th
1608.546915,19,Th
1608.926820,7,Th
1610.480120,3,Th
1610.481200,3,Th
1610.536400,7,Th
1610.843560,3,Th
1610.941400,5,Ar
1610.978000,1,Th
1611.419075,570,Th
1611.570976,3,Th
1612.495720,7,Th
1613.020500,7,Th
1613.159370,1,Th
1613.769000,1,Th
1613.850700,7,Th
1614.136752,3,Th
1614.221100,9,Th
1614.459424,17,Th
1614.716456,41,Th
1614.972380,13,Th
1615.199870,110,Th
1615.589200,1,Th
1615.680010,11,Ar
1615.897250,3,Th
1616.775450,93,Th
1617.148010,3,Th
1617.686500,19,Th
1618.146460,3,Th
1618.288027,53,Th
1618.478369,3,Th
1618.724160,7,Th
1619.158850,3,Th
1619.255946,7,Th
1619.304820,3,Th
1619.854010,3,Th
1619.965920,25,Th
1620.901875,21,Th
1620.915250,9,Th
1621.281090,7,Th
1621.543170,5,Th
1621.615140,11,Th
1621.615870,11,Th
1621.669870,3,Th
1621.730280,23,Th
1622.199430,5,Th
1622.515797,170,Th
1623.888840,5,Th
1624.116980,1,Th
1624.256034,63,Th
1624.489540,57,Th
1624.912630,1,Th
1626.413600,5,Th
1626.623090,7,Th
1626.748730,29,Th
1627.358610,87,Th
1627.524990,9,Th
1627.780586,11,Th
1627.789990,1,Th
1628.176800,20,Ar
1628.472710,99,Th
1628.699450,3,Th
1628.850659,23,Th
1629.101620,22,Ar
1629.140300,5,Th
1629.181670,9,Th
1629.674520,3,Th
1629.870540,1,Th
1630.197460,7,Th
1630.350040,5,Th
1630.445630,5,Th
1630.858898,110,Th
1630.936640,11,Th
1631.036420,13,Th
1631.170790,1,Th
1631.304150,49,Th
1631.330639,27,Th
1631.515111,89,Th
1631.591420,3,Ar
1631.912970,3,Th
1632.682190,3,Th
1632.719590,77,Th
1633.051400,39,Th
1633.426655,47,Th
1633.476450,3,Th
1634.520832,69,Th
1634.758880,9,Th
1635.060090,11,Th
1635.370070,45,Th
1636.709000,0.0009,Ar
1636.809614,43,Th
1637.256630,1,Th
1637.966163,25,Th
1638.244510,1,Th
1638.538620,980,Th
1639.005770,3,Th
1639.533300,11,Th
1639.880890,35,Th
1639.979360,1,Th
1640.184950,5,Th
1640.274730,3,Th
1640.836940,13,Th
1641.189700,5,Th
1641.729305,130,Th
1641.886950,29,Th
1642.123970,37,Ar
1642.168680,3,Th
1642.480230,11,Th
1642.770610,1,Th
1643.026122,3,Th
1643.330240,29,Th
1643.711770,1,Th
1643.754340,37,Th
1644.097770,100,Th
1644.700990,9,Th
1644.831010,9,Th
1644.958120,1,Th
1645.165440,11,Th
1645.741480,3,Th
1645.785370,13,Th
1646.563770,7,Th
1646.574782,13,Th
1647.484000,0.0004,Ar
1648.194800,47,Th
1648.345810,5,Th
1648.881310,460,Th
1649.565640,3,Th
1649.691030,37,Th
1649.857100,13,Ar
1649.878120,1,Th
1649.952990,9,Th
1650.171660,5,Th
1650.184300,13,Th
1650.574190,9,Th
1650.623970,3,Th
1650.634540,9,Th
1650.830330,160,Th
1652.326940,59,Th
1652.406110,1,Th
1652.438000,30,Ar
1652.544130,61,Th
1652.615950,9,Th
1652.674910,7,Th
1652.792240,1,Th
1653.402540,5,Th
1653.592980,13,Th
1653.884034,53,Th
1654.018510,1,Th
1654.290920,59,Th
1654.493693,430,Th
1655.013210,5,Th
1655.123630,1,Th
1656.495670,0.0002,Ar
1657.418010,5,Th
1657.464040,3,Th
1657.795500,23,Th
1657.893980,5,Th
1658.311780,23,Th
1659.156730,9,Th
1659.235210,110,Th
1659.286950,1,Th
1659.408350,23,Th
1659.664360,77,Th
1659.952463,11,Th
1660.388777,57,Th
1660.813380,15,Th
1660.896102,33,Th
1661.082020,13,Th
1661.750920,7,Th
1662.914960,39,Th
1663.488340,7,Th
1663.856220,7,Th
1664.067840,3,Th
1665.263520,5,Th
1665.295590,3,Th
1665.664180,5,Th
1665.793900,3,Ar
1667.288800,5,Th
1667.801880,1,Th
1669.122080,11,Th
1669.211420,7,Th
1669.346010,25,Th
1669.624127,13,Th
1669.656370,1,Th
1669.924100,5,Th
1670.858660,5,Th
1670.920496,77,Th
1671.250420,13,Th
1671.699888,93,Th
1672.119590,1,Th
1672.266400,21,Th
1672.477680,5,Th
1672.629965,1,Th
1672.887681,15,Th
1673.027250,5,Th
1673.447290,13,Th
1673.458250,55,Th
1674.649170,11,Th
1675.124480,21,Th
1675.207000,35,Th
1675.229660,9,Th
1675.301881,280,Th
1675.413580,8,Ar
1675.532450,5,Th
1675.681020,3,Th
1676.411930,1,Th
1676.610140,5,Th
1676.962956,3,Th
1677.312797,890,Th
1677.620380,25,Th
1677.927970,5,Th
1678.048950,1,Th
1678.169260,1,Th
1678.696629,15,Th
1678.964380,49,Th
1678.980156,41,Th
1679.984840,11,Th
1680.207820,27,Th
1680.505002,13,Th
1680.610870,7,Th
1680.674090,1,Th
1680.899840,5,Th
1681.093030,19,Th
1681.489300,1,Th
1681.636280,7,Th
1682.326640,11,Th
1682.552300,130,Th
1682.621670,5,Th
1682.646150,1,Th
1682.802000,19,Th
1683.203920,13,Th
1683.749360,7,Th
1684.536010,5,Th
1685.060860,9,Th
1685.140420,7,Th
1685.398074,9,Th
1685.696760,3,Th
1685.722640,47,Th
1687.644660,3,Th
1688.057560,11,Th
1688.391014,53,Th
1688.551730,3,Th
1688.551990,3,Th
1688.805200,13,Th
1689.178710,13,Th
1689.467810,310,Th
1689.716750,5,Th
1689.770050,3,Th
1690.495060,23,Th
1690.883990,11,Ar
1691.066860,9,Th
1691.482260,3,Th
1691.698120,15,Th
1691.970420,23,Th
1692.029850,5,Th
1692.080770,1,Th
1692.334110,9,Th
1693.716390,1,Th
1694.138050,3,Th
1694.335481,110,Th
1694.521100,500,Ar
1694.640550,3,Th
1694.976680,7,Th
1695.011380,1,Th
1695.411740,3,Th
1695.497600,1,Th
1695.498860,1,Th
1695.679360,7,Th
1695.940320,3,Th
1696.133670,33,Th
1696.306440,17,Th
1696.551127,19,Th
1696.884750,7,Th
1697.006260,1,Th
1697.640600,3,Th
1697.736980,1,Th
1698.098412,23,Th
1698.257950,1,Th
1699.440590,15,Th
1699.732740,13,Th
1700.262590,3,Th
1700.933794,91,Th
1700.991620,53,Th
1701.272910,3,Th
1701.319350,41,Th
1701.362610,9,Th
1701.699160,11,Th
1701.724050,5,Th
1701.820463,7,Th
1701.877040,15,Th
1701.885990,5,Th
1702.032370,8,Ar
1702.353340,45,Th
1702.431150,7,Th
1702.482470,17,Th
1702.792450,1,Th
1703.097820,13,Th
1703.323747,21,Th
1703.488200,37,Th
1705.792030,19,Th
1705.894169,11,Th
1706.321730,3,Th
1707.241710,3,Ar
1707.395050,11,Th
1707.409230,17,Th
1707.987615,3,Th
1708.040527,79,Th
1708.334740,5,Ar
1708.345593,130,Th
1708.693120,29,Th
1708.806260,1,Th
1708.826080,9,Th
1708.974940,15,Th
1709.164000,5,Ar
1709.299745,47,Th
1709.680317,3,Th
1710.818960,13,Th
1710.978470,45,Th
1711.538200,5,Th
1711.586470,5,Th
1711.821030,39,Th
1711.846160,13,Th
1712.057092,1,Th
1712.475052,19,Th
1712.550080,5,Th
1712.598173,83,Th
1712.895110,15,Th
1713.786410,17,Th
1713.883480,160,Th
1714.000844,210,Th
1714.347410,36,Ar
1714.525790,1,Th
1714.683190,1,Th
1714.776670,37,Th
1714.988650,55,Th
1715.144153,9,Th
1715.583850,5,Th
1715.617970,31,Th
1715.696000,27,Th
1715.754740,9,Th
1715.828581,37,Th
1716.009200,11,Th
1716.767920,17,Th
1717.021110,7,Th
1717.044670,33,Th
1717.281140,5,Th
1717.396770,5,Th
1717.440430,1,Th
1717.811470,13,Th
1718.249900,1,Th
1718.460000,9,Ar
1718.693930,11,Th
1718.745300,1,Th
1719.158262,57,Th
1719.728970,13,Th
1720.010460,11,Th
1720.349160,13,Th
1721.217840,17,Th
1721.292130,240,Th
1722.141680,7,Th
1722.247888,37,Th
1722.472010,3,Th
1722.632474,17,Th
1723.036280,85,Th
1723.186540,13,Th
1724.033040,1,Th
1724.042750,21,Th
1724.362320,5,Th
1724.906770,21,Th
1726.632984,9,Th
1726.887387,110,Th
1727.264060,83,Th
1727.570450,3,Th
1728.244130,5,Th
1729.534541,25,Th
1729.957760,7,Th
1730.061660,5,Th
1730.918350,5,Th
1731.031730,3,Th
1731.238450,2300,Th
1731.580290,1,Th
1731.647050,27,Th
1732.822300,5,Th
1732.838570,9,Th
1733.786240,17,Th
1733.912660,21,Th
1734.013550,1,Th
1734.553670,3,Th
1735.084530,15,Th
1735.286860,5,Th
1735.753430,5,Th
1736.651500,15,Ar
1737.760520,13,Th
1737.760720,13,Th
1738.039782,17,Th
1738.461600,66,Ar
1738.534737,480,Th
1738.665286,2500,Th
1739.010600,270,Th
1739.334640,5,Th
1739.895700,30,Ar
1739.932170,65,Th
1740.596650,13,Th
1740.907549,200,Th
1741.015960,91,Th
1741.380260,5,Th
1741.834360,35,Th
1742.012460,3,Th
1742.352540,69,Ar
1744.245800,7,Th
1744.586430,11,Th
1744.672017,3,Th
1745.234390,81,Th
1746.052380,11,Th
1746.105100,7,Th
1746.660660,7,Th
1746.704050,120,Th
1747.225100,24,Ar
1747.344090,27,Th
1747.846822,43,Th
1748.582573,1200,Th
1749.340990,7,Th
1749.452960,190,Th
1749.715890,19,Th
1749.734630,29,Th
1750.826680,7,Th
1750.860132,15,Th
1751.230780,9,Th
1751.313030,37,Th
1751.385960,23,Th
1751.701900,31,Th
1751.898407,3,Th
1751.979418,5,Th
1752.121864,5,Th
1752.650870,43,Th
1753.278270,5,Th
1753.930280,250,Th
1754.018340,9,Th
1754.048530,23,Th
1754.660290,1,Th
1755.195870,5,Th
1755.297770,22,Ar
1755.398060,7,Th
1755.631360,29,Th
1755.631440,29,Th
1755.745522,110,Th
1755.780170,1,Th
1755.851070,19,Th
1756.089300,9,Th
1756.206000,5,Th
1757.289900,21,Th
1757.645410,5,Th
1757.645620,5,Th
1757.791059,99,Th
1758.073403,11,Th
1758.295920,5,Ar
1758.362420,21,Th
1758.931016,2100,Th
1759.741070,5,Th
1760.033527,11,Th
1760.270280,19,Th
1760.856700,5,Ar
1761.580290,3,Th
1761.881090,23,Th
1761.970065,19,Th
1762.109570,3,Th
1762.170850,3,Th
1762.789924,1000,Th
1763.084278,75,Th
1763.192400,8,Ar
1763.468230,5,Ar
1763.652880,1,Th
1763.736700,49,Ar
1763.855390,11,Th
1763.914177,89,Th
1765.064430,25,Th
1765.429500,63,Th
1765.614790,1,Th
1766.370810,11,Th
1766.865310,7,Th
1767.285640,3,Th
1767.330700,19,Ar
1767.442590,55,Th
1767.503910,25,Th
1767.837100,21,Ar
1768.229927,49,Th
1768.264100,9,Th
1768.643680,5,Th
1768.805220,5,Th
1768.864540,73,Th
1768.926610,1,Th
1769.137900,7,Ar
1769.356994,41,Th
1769.452720,7,Th
1769.525020,3,Th
1769.712860,1,Th
1770.125390,79,Th
1770.310000,3,Th
1770.340850,5,Th
1770.375830,3,Th
1770.463240,5,Th
1770.850160,100,Th
1770.977870,7,Th
1771.000990,49,Th
1772.250340,5,Th
1772.382170,3,Th
1772.518200,57,Th
1772.595330,77,Th
1774.028040,5,Th
1774.150210,3,Th
1774.745260,11,Th
1774.935600,4,Ar
1774.974320,440,Th
1775.245540,1,Th
1775.637700,50,Ar
1775.758940,15,Th
1775.802740,5,Th
1776.160950,11,Th
1776.194230,37,Th
1776.819920,13,Th
1778.324082,17,Th
1778.612080,5,Th
1778.667900,9,Ar
1778.801809,270,Th
1778.953450,1,Th
1779.305920,49,Th
1779.594480,1,Th
1780.047880,45,Th
1780.734050,7,Th
1781.162680,3,Th
1781.448040,5,Th
1781.513700,23,Ar
1781.754400,25,Ar
1782.028300,18,Ar
1782.631600,15,Ar
1783.074051,350,Th
1783.127576,7,Th
1783.224560,21,Th
1783.504510,240,Th
1783.662250,3,Th
1783.976000,27,Th
1783.997400,28,Ar
1784.279650,17,Th
1784.386104,15,Th
1784.653300,5,Th
1784.984000,25,Ar
1785.472670,29,Th
1785.852000,42,Ar
1785.938100,29,Th
1785.950943,47,Th
1786.139100,126,Ar
1786.569700,52,Ar
1786.897830,5,Th
1787.715750,15,Th
1787.847160,29,Th
1787.862770,39,Th
1788.793100,25,Th
1788.814300,3,Th
1788.816070,3,Th
1789.053005,1,Th
1789.104660,11,Th
1789.155429,47,Th
1789.285070,63,Th
1789.510400,5,Th
1789.834400,5,Th
1790.521010,110,Th
1790.601000,7,Th
1790.852539,3,Th
1791.020900,36,Ar
1792.242900,3,Ar
1792.982751,1,Th
1793.806780,3,Th
1793.914770,1,Th
1794.037300,34,Ar
1794.106200,17,Ar
1794.133680,840,Th
1794.233900,7,Ar
1794.366060,5,Th
1795.066390,130,Th
1795.249900,7,Th
1796.076160,33,Th
1796.493350,200,Th
1796.501300,26,Ar
1796.738210,200,Th
1796.982142,400,Th
1797.444410,11,Th
1797.726160,3,Th
1797.952410,3,Th
1798.187890,110,Th
1799.193503,31,Th
1799.664490,9,Th
1799.869349,59,Th
1800.540900,24,Ar
1800.557960,9,Th
1801.248055,47,Th
1801.461700,26,Ar
1802.859780,21,Th
1802.999480,65,Th
1803.035610,3,Th
1803.316130,85,Ar
1803.527000,12,Ar
1803.564460,5,Th
1803.923525,7,Th
1803.958100,15,Th
1804.244250,5,Th
1804.356300,89,Ar
1805.033630,3,Th
1805.404240,7,Th
1805.609000,45,Ar
1806.135360,3,Th
1806.570240,29,Th
1806.707880,3,Th
1806.736350,1,Th
1807.018810,9,Ar
1807.546070,21,Th
1807.726499,360,Th
1808.011930,15,Th
1808.336010,3,Th
1808.779810,89,Th
1809.200940,35,Th
1810.769760,7,Th
1810.804570,81,Th
1810.983790,23,Th
1811.659800,13,Th
1811.714610,17,Th
1812.405540,15,Th
1812.963800,26,Ar
1813.090938,430,Th
1813.622040,110,Ar
1814.074374,19,Th
1814.593360,13,Th
1814.692320,1,Th
1814.711050,5,Th
1814.740020,1,Th
1815.865960,145,Ar
1816.134000,21,Ar
1816.162860,7,Th
1816.365850,72,Ar
1816.652837,39,Th
1817.082500,40,Ar
1817.158830,13,Th
1817.468753,11,Th
1817.526150,23,Th
1817.886670,11,Th
1817.913860,9,Th
1818.237840,1,Th
1818.364940,3,Th
1818.615870,3,Th
1819.361052,3,Th
1819.732420,3,Th
1819.745290,1,Th
1820.466440,5,Th
1820.558300,11,Ar
1821.427480,3,Th
1822.691694,35,Th
1823.083971,11,Th
1823.335660,100,Th
1823.597670,1,Th
1823.653980,3,Th
1823.848820,3,Th
1823.883790,1,Th
1824.033690,31,Th
1824.255860,19,Th
1824.267700,4,Ar
1824.439950,250,Th
1825.420600,14,Ar
1825.907270,28,Ar
1826.850900,10,Ar
1827.470350,53,Th
1827.636690,290,Th
1827.930750,5,Th
1828.387190,15,Th
1828.547251,11,Th
1828.645270,13,Th
1828.899600,60,Ar
1828.963830,59,Th
1829.852926,13,Th
1829.874260,27,Th
1829.948100,4,Ar
1830.695230,33,Th
1831.163040,3,Th
1831.579610,1,Th
1831.825700,54,Ar
1832.540936,15,Th
1833.612250,7,Th
1833.648320,17,Th
1833.961460,11,Th
1834.028435,19,Th
1834.054760,20,Ar
1834.441540,11,Th
1834.964570,5,Th
1835.027820,5,Th
1835.159630,77,Th
1835.244560,3,Th
1835.543220,1,Th
1835.813990,15,Th
1837.535880,9,Th
1838.560400,13,Th
1838.631670,45,Th
1839.581400,13,Ar
1840.184600,9,Th
1840.710000,5,Th
1840.883700,6,Ar
1840.885800,6,Ar
1840.981610,1,Th
1842.072320,23,Th
1843.239400,20,Ar
1843.279000,12,Ar
1843.284000,400,Ar
1843.288050,200,Th
1843.513021,3,Th
1844.358300,54,Ar
1844.358400,54,Ar
1844.489500,1,Th
1844.552221,200,Th
1845.727070,11,Th
1846.215580,1,Th
1846.503520,1,Th
1846.528070,1,Th
1846.719500,19,Ar
1846.758600,25,Ar
1847.066400,11,Th
1847.111240,3,Th
1847.349359,320,Th
1847.441900,19,Th
1847.545300,12,Ar
1847.579000,11,Ar
1847.892500,1,Th
1847.919000,7,Th
1848.373360,7,Th
1848.848180,3,Th
1849.105310,1,Th
1849.429650,33,Ar
1849.451800,33,Ar
1849.568246,120,Th
1850.090330,3,Ar
1851.183300,7,Th
1851.480380,19,Th
1851.535210,3,Th
1852.504200,56,Ar
1852.505480,56,Ar
1852.524900,7,Th
1852.898800,21,Ar
1852.934100,28,Ar
1853.158900,11,Th
1853.308780,3,Th
1853.327330,1,Th
1853.628260,9,Th
1854.083460,15,Th
1854.111810,5,Th
1854.352210,7,Th
1855.187910,19,Th
1855.277940,65,Th
1855.422240,5,Th
1855.929820,1,Th
1856.005754,3,Th
1856.219960,25,Th
1856.303730,150,Th
1856.613310,36,Ar
1857.321499,33,Th
1858.000700,85,Ar
1858.000700,85,Ar
1858.212100,30,Ar
1858.426310,1,Th
1858.426380,1,Th
1858.710630,9,Th
1858.762666,3,Th
1858.842010,5,Th
1859.140090,5,Th
1860.093613,190,Th
1860.692579,31,Th
1860.724060,15,Th
1860.954500,46,Ar
1860.954500,46,Ar
1862.979130,9,Th
1863.046760,11,Th
1864.177680,3,Th
1864.448000,6,Ar
1864.449400,6,Ar
1864.611500,17,Ar
1864.615700,6,Ar
1865.087500,14,Ar
1865.135600,22,Ar
1865.684776,260,Th
1866.230839,65,Th
1866.523040,3,Th
1866.548780,1,Th
1866.642723,1,Th
1866.769610,1,Th
1866.925648,29,Th
1867.444060,140,Th
1867.444160,140,Th
1867.551300,3,Ar
1867.559100,3,Ar
1869.035969,19,Th
1869.073310,9,Th
1869.124700,10,Ar
1869.450480,13,Th
1869.641750,5,Th
1871.699500,1,Th
1871.793280,1,Th
1872.426910,1,Th
1873.591100,45,Th
1874.294800,9,Th
1875.308660,5,Th
1875.431420,67,Th
1876.398000,2,Ar
1876.421000,2,Ar
1876.439810,3,Th
1876.470190,1,Th
1876.751100,42,Ar
1876.885590,7,Th
1876.886314,7,Th
1877.105212,19,Th
1877.758130,120,Th
1878.104963,3,Th
1878.634270,15,Th
1879.346277,3,Th
1880.440070,5,Th
1880.753440,61,Th
1880.909700,9,Ar
1880.996890,55,Ar
1881.352040,3,Th
1881.700907,1900,Th
1882.956660,5,Th
1883.973410,3,Th
1884.597960,11,Th
1885.586446,51,Th
1886.167730,9,Th
1886.361883,19,Th
1887.074420,140,Th
1887.732810,13,Th
1888.042400,9,Th
1888.586040,9,Th
1888.919320,9,Th
1889.029140,13,Th
1889.087560,3,Th
1889.185709,560,Th
1889.794120,11,Th
1889.842560,3,Th
1890.234640,17,Ar
1890.941399,9,Th
1891.066030,31,Th
1891.249100,51,Th
1891.679520,7,Th
1892.495260,43,Th
1892.911260,5,Th
1893.040550,11,Th
1893.665730,47,Th
1893.755900,2,Ar
1894.022120,3,Th
1894.189100,15,Ar
1894.320860,19,Th
1894.595630,5,Th
1894.725990,55,Th
1894.774250,7,Th
1895.140820,3,Th
1896.309530,7,Th
1896.354210,21,Th
1896.702390,19,Th
1896.995450,13,Th
1897.727550,50,Ar
1897.957800,4,Ar
1898.971871,140,Th
1898.999810,17,Th
1899.480550,15,Ar
1901.591540,1,Th
1902.380029,51,Th
1902.821390,8,Ar
1903.108230,1,Th
1903.882250,19,Th
1903.961620,13,Ar
1904.040060,9,Th
1904.720970,9,Th
1905.199770,73,Th
1905.479210,3,Th
1905.557080,25,Th
1906.233200,10,Ar
1906.632970,3,Th
1906.718260,15,Th
1907.063500,1,Th
1907.127540,29,Ar
1907.849500,49,Th
1907.961733,130,Th
1908.159970,7,Th
1908.408880,23,Th
1908.522270,13,Th
1908.776340,120,Th
1909.381050,65,Th
1909.709920,11,Th
1910.843140,3,Th
1911.126940,18,Ar
1911.203900,5,Th
1911.371640,37,Th
1911.831880,72,Th
1913.136400,7,Th
1913.421799,27,Th
1914.330010,21,Th
1914.442712,5,Th
1914.850358,77,Th
1915.085030,220,Th
1915.306507,130,Th
1915.703736,260,Th
1915.932590,5,Th
1916.359090,17,Th
1916.700780,3,Th
1916.775920,23,Th
1917.058830,11,Th
1917.700100,1,Ar
1918.360840,53,Th
1918.466700,47,Th
1919.333350,17,Th
1919.378100,9,Th
1919.587910,57,Th
1920.147580,17,Th
1920.657360,21,Th
1920.893090,3,Th
1920.990164,53,Th
1921.146950,3,Th
1922.162810,1,Th
1922.287133,3,Th
1922.463710,1,Th
1923.812570,7,Th
1923.859200,1,Th
1924.568450,3,Th
1924.648520,13,Th
1924.927000,23,Th
1925.021630,3,Th
1925.983350,3,Th
1926.162710,21,Th
1926.268972,7,Th
1926.269300,7,Th
1926.624020,7,Th
1926.695999,11,Th
1926.998950,25,Th
1927.371090,1,Th
1927.918790,29,Th
1929.558499,7,Th
1929.674030,13,Th
1930.275590,9,Th
1931.087226,1,Th
1931.219390,5,Th
1931.312940,31,Th
1932.314740,61,Th
1932.687390,7,Th
1932.688150,7,Th
1934.225270,15,Th
1934.426430,190,Th
1934.749680,35,Th
1935.044889,7,Th
1935.810570,3,Th
1935.872580,11,Th
1935.892380,13,Th
1936.943800,7,Th
1937.091580,5,Th
1938.024870,13,Ar
1939.264460,5,Th
1939.328154,23,Th
1939.661760,37,Th
1939.811500,6,Ar
1940.207050,57,Th
1940.576280,120,Th
1940.808680,55,Th
1940.874480,5,Th
1942.161320,3,Th
1942.361538,9,Th
1942.391610,3,Th
1942.596555,21,Th
1943.612812,23,Th
1943.788620,87,Th
1944.978350,27,Th
1945.513760,7,Th
1946.473350,23,Ar
1946.785300,4,Ar
1947.896050,25,Th
1947.977990,35,Th
1948.207146,45,Th
1948.382000,5,Th
1948.648550,4,Ar
1949.758160,5,Th
1950.840200,11,Th
1951.072340,3,Th
1951.225100,5,Ar
1952.070230,3,Th
1952.438000,9,Th
1952.934800,5,Ar
1953.333570,15,Ar
1953.420190,13,Th
1954.003010,5,Th
1954.069750,1,Th
1954.082570,9,Th
1954.349870,4,Ar
1954.576610,15,Th
1955.474790,1,Th
1956.700820,33,Th
1957.693166,27,Th
1957.758690,1,Th
1958.647010,3,Ar
1959.161390,9,Th
1959.297320,1,Th
1959.874880,7,Th
1960.041350,120,Th
1960.062140,13,Th
1961.089210,3,Th
1961.231860,5,Th
1961.427780,9,Ar
1961.896600,5,Ar
1962.080400,5,Ar
1962.249290,57,Th
1962.788864,7,Th
1963.060880,5,Th
1963.155740,21,Th
1963.195880,7,Th
1963.382030,3,Th
1964.423700,85,Ar
1964.449725,25,Th
1964.882642,19,Th
1964.989260,140,Th
1965.072890,11,Th
1965.550700,17,Ar
1966.687310,1,Th
1967.132870,17,Ar
1967.382119,310,Th
1967.526770,49,Th
1967.893170,3,Th
1967.988470,93,Th
1968.219960,11,Th
1968.259480,1,Th
1968.846310,41,Ar
1968.859560,200,Th
1968.879500,310,Th
1969.809330,7,Th
1970.156500,17,Th
1970.713650,5,Th
1970.865530,21,Th
1970.902870,13,Th
1971.063068,5,Th
1971.179300,22,Ar
1971.708160,35,Ar
1972.237980,5,Th
1972.467830,19,Th
1972.700470,9,Th
1973.354200,3,Th
1973.884790,13,Th
1974.203710,5,Th
1974.681113,350,Th
1976.238386,9,Th
1976.403290,39,Th
1976.750630,5,Th
1976.884490,105,Ar
1976.974510,5,Th
1977.056270,90,Th
1977.309770,3,Th
1977.378980,11,Ar
1977.394100,5,Ar
1977.396540,9,Th
1977.618310,17,Th
1977.970170,640,Th
1978.270130,43,Ar
1978.585620,1,Th
1978.997940,9,Th
1979.142283,200,Th
1980.324600,3,Th
1981.218660,1,Th
1981.576100,6,Ar
1982.126380,1,Th
1983.184000,7,Ar
1983.491100,15,Th
1984.634960,25,Th
1984.991790,7,Th
1985.286220,7,Th
1985.363260,5,Th
1985.508130,6,Ar
1985.617270,21,Th
1985.692960,5,Ar
1985.830910,35,Th
1986.307780,45,Th
1986.800150,7,Th
1988.109590,19,Th
1988.189790,10,Ar
1988.373850,3,Th
1988.581200,5,Ar
1988.771530,55,Th
1988.902910,5,Th
1989.047520,3,Th
1989.577790,49,Th
1990.552160,12,Ar
1990.813633,110,Th
1991.394832,9,Th
1992.485650,9,Th
1992.623820,3,Th
1992.724900,3,Th
1992.821570,21,Th
1992.839090,32,Ar
1994.101850,19,Th
1994.744120,130,Th
1994.764670,280,Th
1995.293580,7,Th
1995.786020,17,Ar
1997.280790,1,Th
1998.103330,3,Th
1998.965600,7,Th
2000.356708,15,Th
2000.695600,17,Ar
2001.089770,250,Th
2003.135320,11,Th
2003.157360,59,Th
2003.426860,83,Ar
2005.341080,57,Th
2006.389600,8,Ar
2006.698090,3,Th
2008.105120,3,Th
2008.286860,61,Th
2008.381300,6,Ar
2008.846220,17,Th
2011.407170,23,Th
2012.419700,19,Th
2012.572300,48,Ar
2012.771900,5,Th
2012.858790,3,Th
2013.419431,73,Th
2013.896290,31,Ar
2014.270670,7,Th
2014.418100,12,Ar
2014.536649,15,Th
2014.538030,15,Th
2016.355470,31,Th
2017.055080,79,Th
2018.562000,5,Th
2018.612300,10,Ar
2018.775790,5,Th
2018.875240,5,Th
2019.688633,110,Th
2021.116940,5,Th
2021.399700,3,Th
2021.783710,34,Ar
2023.315840,3,Th
2024.045830,5,Th
2025.116670,18,Ar
2026.865060,11,Th
2029.024400,7,Ar
2029.454800,13,Ar
2030.645690,440,Th
2032.330100,140,Th
2032.744530,9,Th
2033.219510,8,Ar
2033.475790,3,Th
2036.251220,60,Ar
2036.368210,3,Th
2036.447200,100,Th
2036.669870,32,Ar
2037.686590,9,Th
2038.003130,11,Th
2038.344280,31,Th
2038.362970,7,Ar
2038.686050,86,Th
2038.833830,6,Ar
2038.898310,27,Ar
2039.296630,15,Ar
2039.528450,89,Th
2039.726908,9,Th
2039.761370,5,Th
2039.909190,23,Th
2040.131770,93,Th
2041.999440,9,Ar
2042.495278,9,Th
2042.732200,69,Th
2043.309120,16,Ar
2043.399640,17,Th
2043.586880,7,Th
2043.720440,15,Th
2044.934180,27,Th
2045.557780,21,Th
2045.621110,13,Th
2045.880676,5,Th
2046.479980,60,Ar
2046.802130,13,Th
2047.424590,210,Th
2048.284120,3,Th
2048.296280,5,Th
2048.443410,21,Th
2048.658800,3,Th
2048.882030,7,Th
2049.407570,9,Th
2049.459840,3,Th
2050.188230,5,Th
2050.260910,9,Th
2051.956120,5,Th
2052.692630,49,Th
2053.451240,150,Th
2054.730290,39,Th
2055.310650,5,Th
2055.596480,15,Th
2055.632720,1,Th
2056.015820,69,Th
2056.694630,33,Th
2056.762270,11,Th
2058.063740,5,Th
2058.133460,7,Th
2058.781000,7,Ar
2058.963990,11,Ar
2058.994870,1,Th
2059.700890,7,Th
2059.853620,1,Th
2060.147400,5,Ar
2060.426350,1,Th
2061.159402,37,Th
2061.228530,5,Th
2061.349000,5,Ar
2061.536940,27,Th
2061.620070,21,Th
2061.748200,9,Th
2061.915100,4,Ar
2062.186000,50,Ar
2062.442220,5,Th
2062.850300,18,Ar
2063.176300,4,Ar
2064.000929,650,Th
2065.238620,10,Ar
2065.420370,10,Ar
2065.474330,19,Th
2065.619080,7,Th
2065.710510,11,Th
2065.929300,1,Th
2066.739760,33,Th
2067.665510,7,Th
2068.000550,19,Th
2068.125110,3,Th
2068.576215,290,Th
2068.726180,15,Th
2068.853380,150,Th
2069.026200,5,Th
2069.772500,630,Th
2070.454000,3,Th
2070.802270,7,Th
2070.807970,4,Ar
2070.903090,3,Th
2071.965890,5,Th
2072.133020,43,Ar
2072.158910,11,Th
2072.238250,39,Th
2072.345850,5,Th
2073.601000,7,Th
2074.075322,7,Th
2075.108940,8,Ar
2076.783590,3,Th
2078.909110,5,Ar
2079.361960,1,Th
2079.724350,1,Th
2079.841484,13,Th
2080.481670,3,Th
2083.803670,5,Ar
2083.955660,21,Th
2084.018190,5,Th
2084.459250,83,Ar
2084.744050,18,Ar
2086.825900,43,Th
2086.879100,11,Th
2087.514407,410,Th
2088.526520,29,Th
2089.959530,7,Th
2090.088090,5,Th
2091.546950,3,Th
2091.583900,1,Th
2091.963030,11,Ar
2092.197010,5,Ar
2092.622570,17,Th
2092.652350,3,Th
2092.765860,5,Th
2093.283930,16,Ar
2093.698320,81,Ar
2094.063090,9,Th
2094.063560,9,Th
2094.114360,9,Th
2094.203820,44,Ar
2094.218450,31,Th
2094.689800,18,Ar
2095.718853,15,Th
2096.981190,4,Ar
2097.126970,19,Th
2097.945640,21,Th
2098.751140,9,Th
2099.184000,30,Ar
2099.270550,680,Th
2101.495349,13,Th
2101.642800,15,Ar
2101.756330,45,Th
2101.896650,1,Th
2102.061580,33,Th
2102.177600,3,Th
2102.525588,63,Th
2102.588900,22,Ar
2104.436420,3,Th
2104.440000,2,Ar
2104.638000,28,Ar
2105.237790,9,Th
2105.458320,1,Th
2106.186860,47,Ar
2106.559520,1,Th
2106.624170,1,Th
2106.675690,1,Th
2107.091800,1,Th
2107.424200,1,Th
2107.799630,3,Th
2107.989880,3,Th
2108.182780,1,Th
2108.277200,1,Th
2110.119600,200,Th
2110.154370,1200,Th
2111.412890,21,Th
2112.041500,3,Ar
2112.343150,11,Th
2112.725330,17,Th
2112.832930,56,Ar
2112.880630,7,Th
2113.841900,33,Th
2114.895770,150,Th
2115.090870,3,Th
2115.425970,85,Th
2116.215730,3,Th
2116.268980,1,Th
2116.846620,310,Th
2117.876544,9,Th
2120.445760,5,Th
2120.915720,9,Th
2122.546040,4,Ar
2123.393960,1,Th
2124.279710,195,Ar
2124.435700,1,Th
2124.546910,21,Th
2125.080720,1,Th
2125.195600,3,Ar
2125.296070,11,Th
2125.585220,9,Th
2126.186290,15,Th
2126.659030,11,Th
2126.864260,21,Th
2127.007660,7,Th
2127.646650,1,Th
2128.006260,56,Ar
2128.459610,9,Th
2128.497870,1,Th
2128.642120,37,Th
2129.285760,7,Th
2131.101130,1,Th
2132.214020,1,Th
2132.455740,5,Th
2132.498010,19,Th
2133.395010,5,Th
2133.575550,11,Th
2135.372000,1,Th
2135.372910,1,Th
2135.902800,85,Th
2136.456510,33,Th
2138.093880,95,Th
2139.338740,21,Th
2139.381670,1,Th
2139.562910,1,Th
2139.812100,21,Th
2140.473730,16,Ar
2141.259690,39,Th
2141.397400,9,Th
2141.875000,7,Th
2141.876870,7,Th
2142.106360,29,Th
2142.457077,5,Th
2142.643100,4,Ar
2143.058476,9,Th
2143.445690,68,Ar
2143.695820,3,Th
2144.131200,8,Ar
2144.866482,11,Th
2146.280300,3,Th
2147.358150,1,Th
2147.870830,29,Th
2148.023200,10,Ar
2149.304190,5,Th
2150.595400,23,Ar
2150.995070,190,Th
2151.150730,5,Th
2152.176300,3,Th
2152.471890,3,Th
2152.496930,11,Th
2153.300450,3,Th
2153.341930,11,Th
2155.037800,3,Th
2156.113110,1,Th
2156.198270,9,Th
2156.482860,41,Th
2156.688930,10,Ar
2157.957900,3,Th
2158.455910,3,Th
2158.676410,17,Th
2159.213810,3,Th
2160.497720,23,Th
2160.707920,17,Ar
2161.152340,49,Th
2163.491660,210,Th
2164.322600,100,Th
2166.128590,23,Th
2166.165851,54,Th
2166.827120,13,Th
2167.406980,3,Th
2168.219796,1,Th
2168.954590,15,Th
2169.753300,13,Ar
2170.922930,1,Th
2171.218010,25,Th
2171.259600,17,Th
2171.851188,230,Th
2171.978150,1,Th
2172.697890,8,Ar
2174.767800,19,Ar
2174.929110,9,Th
2174.993017,510,Th
2175.326055,37,Th
2175.555120,17,Th
2176.208510,210,Th
2176.710100,3,Th
2177.025480,269,Ar
2177.115170,5,Th
2177.507110,7,Ar
2180.401660,1,Th
2181.574275,5,Th
2181.739220,5,Th
2182.496280,1,Th
2183.142230,1,Th
2183.641790,19,Th
2183.659390,7,Th
2183.659600,7,Th
2185.135380,1,Th
2185.801810,37,Th
2185.930760,3,Th
2186.845750,23,Th
2187.780780,13,Th
2188.537180,6,Ar
2188.852920,1,Th
2188.951118,7,Th
2190.644090,5,Th
2191.245470,15,Th
2191.300530,13,Th
2193.171990,37,Th
2193.934800,6,Ar
2194.163100,1,Th
2194.231710,1,Th
2194.386230,1,Th
2194.780500,219,Ar
2195.093355,150,Th
2195.808880,15,Th
2196.538020,23,Th
2196.605660,1,Th
2197.907350,73,Th
2198.444430,15,Th
2199.191510,3,Th
2199.227360,7,Th
2199.376300,5,Th
2199.672890,37,Th
2200.345600,35,Ar
2200.425200,3,Th
2201.475700,11,Ar
2201.501960,5,Th
2201.502610,5,Th
2201.739100,1,Th
2201.786560,1,Th
2201.931000,1,Th
2202.583740,3,Ar
2203.501370,3,Th
2203.531450,1,Th
2204.500460,1,Th
2205.297640,37,Ar
2205.712740,1,Th
2207.408430,3,Th
2207.952461,35,Th
2208.849660,19,Th
2208.954360,29,Th
2209.832910,3,Th
2209.938340,1,Th
2210.431270,1,Th
2210.454570,7,Th
2210.486650,141,Ar
2210.966310,290,Th
2211.237120,3,Th
2211.345700,3,Th
2212.937870,17,Ar
2213.076980,1,Th
2214.135350,1,Th
2214.272820,1,Th
2217.505320,11,Th
2219.077980,3,Th
2219.413730,7,Th
2220.265400,3,Ar
2220.267140,5,Th
2220.310510,3,Th
2221.206600,1,Th
2222.195840,15,Th
2225.167500,8,Ar
2225.993450,3,Th
2227.041700,690,Th
2227.402900,1,Th
2227.404500,1,Th
2228.153170,1,Th
2228.968955,9,Th
2232.404810,3,Th
2232.439260,15,Th
2233.726230,1,Th
2234.249440,5,Ar
2234.532570,1,Th
2234.712520,3,Th
2234.998450,73,Th
2235.086450,65,Th
2235.699940,7,Th
2235.955110,5,Ar
2237.173260,5,Th
2238.152200,83,Ar
2238.387644,37,Th
2240.253420,72,Ar
2241.738320,1,Th
2241.787800,1,Th
2241.854970,3,Th
2242.335090,5,Th
2242.422900,3,Th
2243.621250,5,Th
2243.678850,3,Th
2244.243740,10,Ar
2244.351694,15,Th
2244.407080,1,Th
2244.580370,11,Th
2245.061300,54,Ar
2245.180680,49,Th
2245.239010,9,Th
2245.598000,3,Th
2246.827240,1,Th
2247.157900,7,Ar
2247.386540,11,Th
2248.798790,5,Th
2250.293750,92,Th
2251.225770,170,Th
2252.005530,19,Th
2252.505060,7,Th
2252.773700,11,Ar
2253.632740,5,Th
2253.723200,1,Th
2253.861480,25,Ar
2254.129110,3,Th
2254.391600,130,Th
2255.056130,35,Th
2255.342780,11,Ar
2255.821280,170,Ar
2257.720970,3,Th
2257.772870,23,Th
2258.843960,21,Th
2259.577650,1,Th
2260.139060,5,Th
2262.054810,200,Th
2262.286410,17,Th
2262.686580,1,Th
2263.788820,9,Th
2264.488940,1,Th
2264.794730,5,Th
2265.236720,120,Th
2267.093100,6,Ar
2267.655830,1,Th
2268.100780,3,Th
2268.399720,1,Th
2268.927160,11,Th
2271.637720,84,Th
2272.301840,1,Th
2272.911280,14,Ar
2272.933245,5,Th
2273.436410,3,Th
2273.486100,1,Th
2273.941930,17,Th
2275.524550,3,Th
2275.645240,17,Th
2276.631700,115,Ar
2276.678550,1,Th
2276.709420,9,Th
2276.813290,1,Th
2278.853500,1,Th
2279.163200,15,Th
2279.193110,19,Th
2280.320820,3,Th
2280.376000,31,Ar
2280.771650,5,Th
2281.317800,9,Th
2282.041370,3,Th
2283.475220,7,Th
2283.574320,37,Th
2283.694550,1,Th
2284.081066,27,Th
2285.017958,23,Th
2285.785538,56,Th
2286.140270,57,Th
2286.504120,1,Th
2286.504580,1,Th
2286.625590,7,Th
2286.706830,5,Th
2287.034260,140,Th
2287.537800,3,Th
2288.135290,13,Th
2288.187140,1,Th
2289.551320,1,Th
2289.814550,24,Ar
2289.949530,1,Th
2290.680030,7,Th
2290.714820,71,Th
2291.491890,3,Th
2291.764090,13,Th
2292.184830,5,Th
2292.263080,11,Th
2294.340470,45,Th
2296.574000,13,Th
2297.101460,41,Th
2298.462320,11,Th
2299.154900,5,Th
2299.243610,1,Th
2300.843430,3,Th
2301.025670,69,Th
2301.328240,29,Th
2304.330710,9,Th
2304.488570,1,Th
2304.934220,14,Ar
2308.199220,81,Th
2308.603710,4,Ar
2308.828490,3,Th
2309.140080,5,Th
2309.487900,8,Ar
2309.981570,1,Th
2310.201980,5,Th
2310.450270,1,Th
2310.476150,1,Th
2311.846310,1,Th
2312.750670,9,Th
2313.388619,17,Th
2313.905200,29,Ar
2313.948900,813,Ar
2313.952000,20,Ar
2315.393720,1,Th
2315.992570,380,Th
2317.181070,1,Th
2318.177910,87,Th
2322.398090,19,Th
2322.513200,93,Ar
2322.852920,17,Th
2324.730470,1,Th
2324.803100,3,Th
2327.644790,31,Th
2330.338510,9,Th
2332.074040,17,Th
2332.114860,3,Th
2332.289740,17,Th
2332.776310,3,Th
2333.703450,89,Th
2333.736280,3,Th
2334.997270,5,Th
2337.237530,200,Ar
2337.932240,15,Th
2338.791490,15,Th
2339.664330,5,Th
2339.886980,1,Th
2340.990210,9,Th
2341.995980,3,Th
2342.082600,5,Th
2342.150310,5,Ar
2342.276190,1,Th
2342.401900,4,Ar
2342.969780,3,Th
2343.654010,1,Th
2344.391140,430,Th
2345.955600,51,Ar
2346.088050,7,Th
2346.513010,15,Th
2348.305870,1,Th
2348.366820,27,Th
2348.409600,9,Th
2349.065630,35,Th
2349.152060,1,Th
2349.352870,5,Th
2350.266500,1,Th
2351.065950,7,Th
2351.294760,1,Th
2351.339100,3,Th
2352.117110,350,Th
2352.873190,3,Th
2353.528010,13,Th
2355.804650,29,Th
2358.454780,7,Th
2359.490806,19,Th
2360.436410,23,Th
2361.479580,15,Th
2362.368130,3,Th
2362.791480,33,Th
2362.898150,31,Th
2363.147980,5,Th
2363.681230,3,Th
2365.184450,5,Th
2366.992940,42,Th
2367.511680,155,Ar
2367.826780,27,Th
2367.928844,29,Th
2368.860920,1,Th
2368.941170,1,Th
2369.444470,7,Th
2370.299180,15,Th
2371.048900,3,Th
2371.124440,29,Th
2371.904460,29,Th
2374.082900,1,Th
2374.864100,120,Th
2375.230420,37,Th
2376.373120,1,Th
2377.119780,5,Th
2377.260500,79,Ar
2377.360280,7,Th
2378.832520,270,Th
2379.064550,99,Th
2384.884040,7,Th
2385.703980,63,Th
2387.248840,11,Th
2391.366460,27,Th
2391.881370,7,Th
2393.035100,3,Th
2394.655120,5,Th
2395.265200,4,Ar
2395.653250,1,Th
2397.080650,85,Th
2397.306000,20,Ar
2399.893710,44,Ar
2400.571960,110,Th
2400.572300,110,Th
2401.451384,130,Th
2401.693900,19,Ar
2402.208150,5,Th
2404.603890,1,Th
2405.056100,1,Th
2406.347448,3,Th
2406.571910,7,Th
2406.659290,13,Th
2406.659500,13,Th
2408.277640,5,Th
2409.613800,15,Ar
2409.857200,1,Th
2410.250100,11,Ar
2410.958700,5,Ar
2412.466150,1,Th
2412.730470,19,Th
2412.823840,1,Th
2414.283750,95,Th
2414.522150,21,Th
2415.211870,1,Th
2415.494710,1,Th
2417.831400,9,Th
2417.946274,64,Th
2419.255510,13,Th
2420.290520,58,Ar
2420.899660,1,Th
2422.135500,39,Th
2422.267130,5,Th
2423.771890,7,Th
2423.895080,1,Th
2424.365760,1,Th
2424.367900,1,Th
2425.371700,3,Th
2425.372100,3,Th
2426.899420,17,Th
2427.382160,7,Th
2428.594590,1,Th
2429.628370,5,Ar
2429.786340,15,Ar
2430.737620,5,Th
2430.847700,21,Th
2431.468050,3,Th
2432.126110,1,Th
2433.590070,11,Th
2435.237190,7,Th
2435.334590,3,Th
2435.934180,11,Th
2437.423507,1,Th
2437.966800,5,Ar
2442.555220,5,Th
2442.670580,29,Th
2443.524950,29,Th
2444.575620,27,Th
2445.169220,46,Ar
2446.563740,1,Th
2446.565000,1,Th
2446.897650,3,Th
2447.540750,1100,Th
2447.693020,200,Th
2448.562740,3,Th
2448.680952,9,Th
2449.342290,19,Th
2452.293300,31,Th
2452.932000,6,Ar
2453.659150,1,Th
2456.675540,14,Ar
2457.495780,3,Th
2457.541000,15,Ar
2458.931680,1,Th
2459.464850,9,Th
2465.315600,3,Th
2469.104660,11,Th
2471.305470,3,Th
2472.450666,1,Th
2472.507920,5,Th
2473.083120,3,Th
2473.815510,3,Th
2479.610600,47,Th
2479.610790,47,Th
2480.243310,112,Ar
2481.376960,269,Ar
2484.243430,3,Th
2487.095880,3,Th
2488.816080,3,Th
2489.202770,1,Th
2489.480090,49,Th
2490.246400,5,Th
2490.915880,25,Th
2492.631620,1,Th
2492.751120,1,Th
2492.825440,1,Th
2493.337160,110,Th
2493.812810,41,Th
2494.681380,1,Th
2498.052490,29,Th
2498.463100,3,Th
2499.366990,1,Th
2499.835790,3,Th
